Date,Open,High,Low,Close,Adj Close,Volume
2021-01-26,24.700000762939453,24.739999771118164,24.610000610351562,24.649999618530273,20.21935272216797,10059877
2021-01-27,24.719999313354492,24.75,24.610000610351562,24.700000762939453,20.260364532470703,4239078
2021-01-28,24.719999313354492,25.0,24.65999984741211,24.709999084472656,20.268566131591797,3698157
2021-01-29,24.799999237060547,24.829999923706055,24.649999618530273,24.700000762939453,20.260364532470703,1365630
2021-02-01,24.739999771118164,24.81999969482422,24.719999313354492,24.809999465942383,20.350587844848633,924698
2021-02-02,24.940000534057617,25.0,24.850000381469727,24.93000030517578,20.44902229309082,1344823
2021-02-03,24.899999618530273,24.969999313354492,24.75,24.799999237060547,20.34238624572754,502463
2021-02-04,24.799999237060547,24.829999923706055,24.700000762939453,24.809999465942383,20.350587844848633,409189
2021-02-05,24.84000015258789,24.850000381469727,24.719999313354492,24.739999771118164,20.29317283630371,398396
2021-02-08,24.799999237060547,24.799999237060547,24.700000762939453,24.780000686645508,20.325986862182617,485210
2021-02-09,24.75,24.93000030517578,24.75,24.899999618530273,20.42441177368164,442187
2021-02-10,24.950000762939453,25.07859992980957,24.91069984436035,25.020000457763672,20.522846221923828,857159
2021-02-11,25.079999923706055,25.149999618530273,25.020000457763672,25.06999969482422,20.563858032226562,790080
2021-02-12,25.09000015258789,25.09000015258789,24.8700008392334,24.93000030517578,20.44902229309082,866638
2021-02-16,24.8799991607666,24.8799991607666,24.600000381469727,24.639999389648438,20.211149215698242,943048
2021-02-17,24.770000457763672,24.829999923706055,24.709999084472656,24.770000457763672,20.317779541015625,495687
2021-02-18,24.690000534057617,24.93000030517578,24.65999984741211,24.8799991607666,20.408008575439453,420184
2021-02-19,24.8799991607666,24.950000762939453,24.790000915527344,24.860000610351562,20.391605377197266,711063
2021-02-22,24.950000762939453,24.950000762939453,24.75,24.850000381469727,20.38340187072754,308539
2021-02-23,24.829999923706055,24.8799991607666,24.75,24.8700008392334,20.39980697631836,406180
2021-02-24,24.81999969482422,24.81999969482422,24.649999618530273,24.700000762939453,20.260364532470703,557435
2021-02-25,24.600000381469727,24.700000762939453,24.25,24.479999542236328,20.18917465209961,560001
2021-02-26,24.540000915527344,25.5,24.329999923706055,24.59000015258789,20.279895782470703,3713842
2021-03-01,24.6299991607666,24.729999542236328,24.550100326538086,24.600000381469727,20.28814125061035,322587
2021-03-02,24.68000030517578,24.795000076293945,24.610000610351562,24.709999084472656,20.378854751586914,697460
2021-03-03,24.639999389648438,24.639999389648438,24.299999237060547,24.540000915527344,20.238656997680664,446582
2021-03-04,24.5,24.670000076293945,24.110000610351562,24.15999984741211,19.92525863647461,794998
2021-03-05,24.25,24.350000381469727,24.100000381469727,24.329999923706055,20.065462112426758,249802
2021-03-08,24.309999465942383,24.429899215698242,24.15999984741211,24.190000534057617,19.95000457763672,310818
2021-03-09,24.299999237060547,24.389999389648438,24.299999237060547,24.329999923706055,20.065462112426758,100206
2021-03-10,24.299999237060547,24.399999618530273,24.219999313354492,24.229999542236328,19.98299217224121,391877
2021-03-11,24.25,24.579999923706055,24.229999542236328,24.5,20.205669403076172,201911
2021-03-12,24.43000030517578,24.439899444580078,24.229999542236328,24.389999389648438,20.114948272705078,164936
2021-03-15,24.440000534057617,24.6200008392334,24.41900062561035,24.6200008392334,20.304636001586914,269715
2021-03-16,24.690000534057617,24.809999465942383,24.649999618530273,24.65999984741211,20.33762550354004,428416
2021-03-17,24.56999969482422,24.59000015258789,24.350000381469727,24.489999771118164,20.197423934936523,366698
2021-03-18,24.420000076293945,24.420000076293945,24.209999084472656,24.360000610351562,20.0902099609375,419145
2021-03-19,24.3700008392334,24.670000076293945,24.229999542236328,24.549999237060547,20.246904373168945,749733
2021-03-22,24.610000610351562,24.75,24.600000381469727,24.690000534057617,20.36236572265625,156642
2021-03-23,24.639999389648438,24.780000686645508,24.639999389648438,24.75,20.411848068237305,245166
2021-03-24,24.760000228881836,24.899999618530273,24.709999084472656,24.809999465942383,20.46133041381836,328586
2021-03-25,24.829999923706055,24.969999313354492,24.760000228881836,24.950000762939453,20.576791763305664,360376
2021-03-26,24.940000534057617,25.0,24.889999389648438,24.940000534057617,20.568546295166016,222758
2021-03-29,24.940000534057617,24.959999084472656,24.770000457763672,24.770000457763672,20.428342819213867,135091
2021-03-30,24.829999923706055,24.950000762939453,24.770000457763672,24.90999984741211,20.54380226135254,169298
2021-03-31,24.90999984741211,25.0,24.809999465942383,25.0,20.61802864074707,531314
2021-04-01,25.0,25.100000381469727,24.950000762939453,25.09000015258789,20.69225311279297,123008
2021-04-05,25.100000381469727,25.18000030517578,25.049999237060547,25.100000381469727,20.700496673583984,203785
2021-04-06,25.1200008392334,25.239999771118164,25.100000381469727,25.170000076293945,20.75823211669922,489347
2021-04-07,25.219999313354492,25.229999542236328,25.100000381469727,25.1299991607666,20.725244522094727,323348
2021-04-08,25.1299991607666,25.149999618530273,25.059999465942383,25.100000381469727,20.700496673583984,248511
2021-04-09,25.100000381469727,25.100000381469727,25.0,25.030000686645508,20.642770767211914,126764
2021-04-12,25.049999237060547,25.09000015258789,25.020000457763672,25.079999923706055,20.684005737304688,66470
2021-04-13,25.09000015258789,25.1299991607666,25.020000457763672,25.020000457763672,20.634523391723633,226714
2021-04-14,25.059999465942383,25.059999465942383,25.020000457763672,25.020000457763672,20.634523391723633,177696
2021-04-15,25.040000915527344,25.1200008392334,25.040000915527344,25.079999923706055,20.684005737304688,279006
2021-04-16,25.06999969482422,25.075000762939453,24.93000030517578,24.93000030517578,20.5602970123291,391169
2021-04-19,24.950000762939453,25.049999237060547,24.93000030517578,25.020000457763672,20.634523391723633,173290
2021-04-20,25.040000915527344,25.09000015258789,24.959999084472656,24.989999771118164,20.60978126525879,153904
2021-04-21,25.030000686645508,25.1200008392334,24.979999542236328,25.1200008392334,20.716995239257812,191818
2021-04-22,25.139999389648438,25.15999984741211,24.940000534057617,25.049999237060547,20.65926170349121,122860
2021-04-23,25.049999237060547,25.159900665283203,25.049999237060547,25.100000381469727,20.700496673583984,123178
2021-04-26,25.100000381469727,25.149999618530273,25.07900047302246,25.1200008392334,20.716995239257812,188908
2021-04-27,25.149999618530273,25.190000534057617,25.059999465942383,25.059999465942383,20.66751480102539,156630
2021-04-28,25.059999465942383,25.099899291992188,24.979999542236328,25.059999465942383,20.66751480102539,254979
2021-04-29,25.030000686645508,25.06999969482422,24.899999618530273,24.989999771118164,20.60978126525879,178479
2021-04-30,24.989999771118164,25.040000915527344,24.90999984741211,25.020000457763672,20.634523391723633,147703
2021-05-03,25.010000228881836,25.100000381469727,24.979999542236328,25.09000015258789,20.69225311279297,152583
2021-05-04,25.09000015258789,25.139999389648438,24.950000762939453,25.110000610351562,20.708749771118164,256898
2021-05-05,25.149999618530273,25.18000030517578,25.030000686645508,25.100000381469727,20.700496673583984,86524
2021-05-06,25.1299991607666,25.139999389648438,25.0,25.09000015258789,20.69225311279297,269836
2021-05-07,25.149999618530273,25.170000076293945,25.06999969482422,25.100000381469727,20.700496673583984,138261
2021-05-10,25.100000381469727,25.139999389648438,25.0,25.0,20.61802864074707,166758
2021-05-11,24.950000762939453,24.969999313354492,24.760000228881836,24.780000686645508,20.43659019470215,164995
2021-05-12,24.719999313354492,24.770000457763672,24.549999237060547,24.600000381469727,20.28814125061035,343737
2021-05-13,24.670000076293945,24.780000686645508,24.559999465942383,24.600000381469727,20.28814125061035,163539
2021-05-14,24.670000076293945,24.8799991607666,24.670000076293945,24.790000915527344,20.444839477539062,96814
2021-05-17,24.799999237060547,24.850000381469727,24.736000061035156,24.75,20.411848068237305,123339
2021-05-18,24.75,24.90999984741211,24.75,24.899999618530273,20.535552978515625,106221
2021-05-19,24.81999969482422,24.959999084472656,24.77090072631836,24.90999984741211,20.54380226135254,89486
2021-05-20,24.959999084472656,25.1299991607666,24.950000762939453,25.079999923706055,20.684005737304688,145075
2021-05-21,25.149999618530273,25.209999084472656,25.049999237060547,25.110000610351562,20.708749771118164,101324
2021-05-24,25.1299991607666,25.219999313354492,25.110000610351562,25.110000610351562,20.708749771118164,76564
2021-05-25,25.1299991607666,25.190000534057617,25.06999969482422,25.149999618530273,20.741735458374023,99830
2021-05-26,25.15999984741211,25.15999984741211,25.031600952148438,25.06999969482422,20.675758361816406,139988
2021-05-27,24.8799991607666,25.0,24.799999237060547,24.90999984741211,20.77034568786621,157158
2021-05-28,24.989999771118164,25.149999618530273,24.889999389648438,25.049999237060547,20.887081146240234,293414
2021-06-01,25.059999465942383,25.18000030517578,25.059999465942383,25.100000381469727,20.928768157958984,195663
2021-06-02,25.149999618530273,25.25,25.06999969482422,25.239999771118164,21.04550552368164,315034
2021-06-03,25.170000076293945,25.239999771118164,25.110000610351562,25.149999618530273,20.970460891723633,329713
2021-06-04,25.190000534057617,25.239999771118164,25.149999618530273,25.15999984741211,20.97879981994629,137488
2021-06-07,25.219999313354492,25.25,25.149999618530273,25.239999771118164,21.04550552368164,174838
2021-06-08,25.260000228881836,25.309999465942383,25.18000030517578,25.239999771118164,21.04550552368164,184233
2021-06-09,25.260000228881836,25.299999237060547,25.219999313354492,25.25,21.05384635925293,117946
2021-06-10,25.299999237060547,25.34000015258789,25.229999542236328,25.34000015258789,21.128889083862305,143459
2021-06-11,25.34000015258789,25.360000610351562,25.299999237060547,25.34000015258789,21.128889083862305,100123
2021-06-14,25.280000686645508,25.350000381469727,25.280000686645508,25.350000381469727,21.137226104736328,126435
2021-06-15,25.350000381469727,25.420000076293945,25.299999237060547,25.350000381469727,21.137226104736328,136554
2021-06-16,25.420000076293945,25.489999771118164,25.360000610351562,25.399999618530273,21.17891502380371,172671
2021-06-17,25.3700008392334,25.440000534057617,25.3700008392334,25.389999389648438,21.17057991027832,157268
2021-06-18,25.389999389648438,25.510000228881836,25.360000610351562,25.399999618530273,21.17891502380371,168063
2021-06-21,25.389999389648438,25.5,25.299999237060547,25.329999923706055,21.120546340942383,316802
2021-06-22,25.389999389648438,25.420000076293945,25.290000915527344,25.290000915527344,21.087200164794922,380936
2021-06-23,25.3799991607666,25.469999313354492,25.239999771118164,25.290000915527344,21.087200164794922,790728
2021-06-24,25.280000686645508,25.350000381469727,25.229999542236328,25.28860092163086,21.086027145385742,2022886
2021-06-25,25.34000015258789,25.373899459838867,25.210100173950195,25.239999771118164,21.04550552368164,145792
2021-06-28,25.280000686645508,25.290000915527344,25.200000762939453,25.229999542236328,21.03716278076172,314149
2021-06-29,25.280000686645508,25.280000686645508,25.149999618530273,25.200000762939453,21.012155532836914,269499
2021-06-30,25.260000228881836,25.440000534057617,25.15999984741211,25.389999389648438,21.17057991027832,1108041
2021-07-01,25.309999465942383,25.43000030517578,25.25,25.34000015258789,21.128889083862305,180664
2021-07-02,25.43000030517578,25.440000534057617,25.360000610351562,25.420000076293945,21.195598602294922,112580
2021-07-06,25.42329978942871,25.540000915527344,25.37030029296875,25.530000686645508,21.287311553955078,164385
2021-07-07,25.43000030517578,25.829999923706055,25.43000030517578,25.770000457763672,21.487428665161133,285880
2021-07-08,25.729999542236328,25.760000228881836,25.6299991607666,25.690000534057617,21.420724868774414,219853
2021-07-09,25.729999542236328,25.850000381469727,25.639999389648438,25.799999237060547,21.512441635131836,267080
2021-07-12,25.84000015258789,25.8799991607666,25.729999542236328,25.75,21.470748901367188,1283116
2021-07-13,25.790000915527344,25.799999237060547,25.649999618530273,25.65999984741211,21.395709991455078,365976
2021-07-14,25.719999313354492,25.77899932861328,25.610000610351562,25.649999618530273,21.387371063232422,109127
2021-07-15,25.649999618530273,25.780000686645508,25.520000457763672,25.540000915527344,21.2956485748291,166426
2021-07-16,25.579999923706055,25.579999923706055,25.489999771118164,25.5,21.26229476928711,96790
2021-07-19,25.440000534057617,25.510000228881836,25.399999618530273,25.489999771118164,21.253955841064453,128030
2021-07-20,25.510000228881836,25.579999923706055,25.350000381469727,25.549999237060547,21.303987503051758,596400
2021-07-21,25.520000457763672,25.549999237060547,25.40999984741211,25.479999542236328,21.245620727539062,283546
2021-07-22,25.479999542236328,25.479999542236328,25.329999923706055,25.450000762939453,21.220605850219727,175552
2021-07-23,25.389999389648438,25.479999542236328,25.360000610351562,25.479999542236328,21.245620727539062,165160
2021-07-26,25.450000762939453,25.469999313354492,25.34000015258789,25.350000381469727,21.137226104736328,174914
2021-07-27,25.350000381469727,25.354999542236328,25.200000762939453,25.299999237060547,21.095535278320312,106555
2021-07-28,25.299999237060547,25.31999969482422,25.209999084472656,25.31999969482422,21.112213134765625,365772
2021-07-29,25.350000381469727,25.5,25.350000381469727,25.489999771118164,21.253955841064453,71155
2021-07-30,25.399999618530273,25.540000915527344,25.399999618530273,25.520000457763672,21.278974533081055,70408
2021-08-02,25.540000915527344,25.649999618530273,25.530000686645508,25.613100051879883,21.356599807739258,80415
2021-08-03,25.639999389648438,25.649999618530273,25.540000915527344,25.649999618530273,21.387371063232422,63033
2021-08-04,25.649999618530273,25.770000457763672,25.616899490356445,25.700000762939453,21.429058074951172,92903
2021-08-05,25.670000076293945,25.799999237060547,25.670000076293945,25.739999771118164,21.462411880493164,88928
2021-08-06,25.670000076293945,25.75,25.649999618530273,25.700000762939453,21.429058074951172,371453
2021-08-09,25.700000762939453,25.700000762939453,25.3700008392334,25.389999389648438,21.17057991027832,181272
2021-08-10,25.399999618530273,25.459999084472656,25.260000228881836,25.389999389648438,21.17057991027832,102184
2021-08-11,25.389999389648438,25.520000457763672,25.3700008392334,25.399999618530273,21.17891502380371,65243
2021-08-12,25.440000534057617,25.579999923706055,25.399999618530273,25.549999237060547,21.303987503051758,160911
2021-08-13,25.520000457763672,25.670000076293945,25.520000457763672,25.670000076293945,21.4040470123291,32250
2021-08-16,25.670000076293945,25.670000076293945,25.559999465942383,25.559999465942383,21.312326431274414,56488
2021-08-17,25.540000915527344,25.600000381469727,25.5,25.579999923706055,21.329002380371094,64837
2021-08-18,25.56999969482422,25.56999969482422,25.5,25.530000686645508,21.287311553955078,58832
2021-08-19,25.450000762939453,25.540000915527344,25.3700008392334,25.459999084472656,21.228944778442383,112989
2021-08-20,25.479999542236328,25.56999969482422,25.46430015563965,25.540000915527344,21.2956485748291,72229
2021-08-23,25.540000915527344,25.6200008392334,25.540000915527344,25.56999969482422,21.320661544799805,49879
2021-08-24,25.559999465942383,25.6200008392334,25.549999237060547,25.579999923706055,21.329002380371094,88383
2021-08-25,25.6200008392334,25.6200008392334,25.549999237060547,25.549999237060547,21.303987503051758,45932
2021-08-26,25.549999237060547,25.549999237060547,25.459999084472656,25.489999771118164,21.253955841064453,50161
2021-08-27,25.489999771118164,25.559999465942383,25.450000762939453,25.559999465942383,21.312326431274414,65927
2021-08-30,25.31999969482422,25.440000534057617,25.270000457763672,25.329999923706055,21.348936080932617,90778
2021-08-31,25.31999969482422,25.389999389648438,25.280000686645508,25.31999969482422,21.34051513671875,320615
2021-09-01,25.3799991607666,25.450000762939453,25.34000015258789,25.440000534057617,21.441650390625,98834
2021-09-02,25.420000076293945,25.600000381469727,25.420000076293945,25.469999313354492,21.466934204101562,101039
2021-09-03,25.450000762939453,25.56999969482422,25.43630027770996,25.56999969482422,21.55121612548828,60482
2021-09-07,25.5,25.56999969482422,25.43000030517578,25.469999313354492,21.466934204101562,79116
2021-09-08,25.479999542236328,25.5,25.329999923706055,25.420000076293945,21.4247989654541,133859
2021-09-09,25.360000610351562,25.520000457763672,25.360000610351562,25.520000457763672,21.509078979492188,86776
2021-09-10,25.549999237060547,25.639999389648438,25.520000457763672,25.600000381469727,21.576501846313477,73283
2021-09-13,25.639999389648438,25.68000030517578,25.520000457763672,25.610000610351562,21.584930419921875,141850
2021-09-14,25.6299991607666,25.6299991607666,25.479999542236328,25.549999237060547,21.534360885620117,112160
2021-09-15,25.56999969482422,25.770000457763672,25.510000228881836,25.770000457763672,21.719785690307617,337311
2021-09-16,25.739999771118164,25.799999237060547,25.68000030517578,25.75,21.702924728393555,347069
2021-09-17,25.75,25.780000686645508,25.700000762939453,25.700000762939453,21.660785675048828,98348
2021-09-20,25.600000381469727,25.68000030517578,25.520000457763672,25.600000381469727,21.576501846313477,104631
2021-09-21,25.670000076293945,25.718399047851562,25.549999237060547,25.600000381469727,21.576501846313477,154881
2021-09-22,25.670000076293945,25.719999313354492,25.59000015258789,25.68000030517578,21.643932342529297,103317
2021-09-23,25.719999313354492,25.739999771118164,25.539899826049805,25.610000610351562,21.584930419921875,76298
2021-09-24,25.579999923706055,25.59000015258789,25.420000076293945,25.459999084472656,21.458507537841797,130184
2021-09-27,25.399999618530273,25.520000457763672,25.353500366210938,25.399999618530273,21.407936096191406,131122
2021-09-28,25.299999237060547,25.299999237060547,25.020000457763672,25.1200008392334,21.171947479248047,177039
2021-09-29,25.170000076293945,25.420000076293945,25.170000076293945,25.3700008392334,21.38265609741211,144304
2021-09-30,25.450000762939453,25.600000381469727,25.31999969482422,25.5,21.492218017578125,563339
2021-10-01,25.559999465942383,25.56999969482422,25.459999084472656,25.5,21.492218017578125,90783
2021-10-04,25.479999542236328,25.489999771118164,25.079999923706055,25.1299991607666,21.180374145507812,133270
2021-10-05,25.209999084472656,25.209999084472656,25.049999237060547,25.049999237060547,21.112945556640625,132235
2021-10-06,25.020000457763672,25.190000534057617,24.950000762939453,25.149999618530273,21.197229385375977,108525
2021-10-07,25.149999618530273,25.25,25.090099334716797,25.149999618530273,21.197229385375977,128282
2021-10-08,25.15999984741211,25.18000030517578,25.020000457763672,25.15999984741211,21.205657958984375,104597
2021-10-11,25.15999984741211,25.280000686645508,25.059999465942383,25.229999542236328,21.264652252197266,114237
2021-10-12,25.219999313354492,25.399999618530273,25.200000762939453,25.389999389648438,21.399511337280273,125504
2021-10-13,25.350000381469727,25.59000015258789,25.31999969482422,25.59000015258789,21.56807518005371,80427
2021-10-14,25.600000381469727,25.719999313354492,25.574499130249023,25.639999389648438,21.610214233398438,81299
2021-10-15,25.6299991607666,25.6299991607666,25.420000076293945,25.510000228881836,21.50065040588379,50704
2021-10-18,25.450000762939453,25.450000762939453,25.219999313354492,25.229999542236328,21.264652252197266,100326
2021-10-19,25.239999771118164,25.31999969482422,25.1299991607666,25.190000534057617,21.230945587158203,114192
2021-10-20,25.149999618530273,25.34320068359375,25.149999618530273,25.34320068359375,21.360065460205078,79801
2021-10-21,25.270000457763672,25.3799991607666,25.219999313354492,25.260000228881836,21.289941787719727,77883
2021-10-22,25.34000015258789,25.344999313354492,25.219999313354492,25.280000686645508,21.306798934936523,62035
2021-10-25,25.290000915527344,25.31999969482422,25.22100067138672,25.25,21.28151512145996,41442
2021-10-26,25.25,25.35070037841797,25.25,25.299999237060547,21.323654174804688,88159
2021-10-27,25.360000610351562,25.3799991607666,25.280000686645508,25.290000915527344,21.315229415893555,100046
2021-10-28,25.329999923706055,25.389999389648438,25.170000076293945,25.18000030517578,21.222517013549805,133974
2021-10-29,25.149999618530273,25.268800735473633,25.1299991607666,25.139999389648438,21.18880271911621,108383
2021-11-01,25.200000762939453,25.280000686645508,25.15999984741211,25.270000457763672,21.298372268676758,42088
2021-11-02,25.219999313354492,25.280000686645508,25.209999084472656,25.260000228881836,21.289941787719727,56493
2021-11-03,25.280000686645508,25.280000686645508,25.190000534057617,25.260000228881836,21.289941787719727,77084
2021-11-04,25.280000686645508,25.350000381469727,25.280000686645508,25.31999969482422,21.34051513671875,49975
2021-11-05,25.360000610351562,25.40999984741211,25.329999923706055,25.3700008392334,21.38265609741211,63904
2021-11-08,25.420000076293945,25.420000076293945,25.350000381469727,25.377500534057617,21.388973236083984,41712
2021-11-09,25.360000610351562,25.399999618530273,25.309999465942383,25.31999969482422,21.34051513671875,66209
2021-11-10,25.290000915527344,25.290000915527344,25.020000457763672,25.170000076293945,21.214086532592773,98460
2021-11-11,25.13559913635254,25.208999633789062,25.020000457763672,25.06999969482422,21.12980079650879,41317
2021-11-12,25.1299991607666,25.18000030517578,25.049999237060547,25.100000381469727,21.15508460998535,34648
2021-11-15,25.139999389648438,25.149799346923828,25.0,25.020000457763672,21.087661743164062,55323
2021-11-16,25.010000228881836,25.110000610351562,24.959999084472656,24.989999771118164,21.062376022338867,63143
2021-11-17,24.989999771118164,25.059999465942383,24.940000534057617,25.030000686645508,21.09609031677246,48508
2021-11-18,25.079999923706055,25.079999923706055,24.950000762939453,25.0,21.070804595947266,41383
2021-11-19,25.0,25.040000915527344,24.90999984741211,24.950000762939453,21.028663635253906,64708
2021-11-22,24.989999771118164,25.020000457763672,24.8799991607666,24.899999618530273,20.98651885986328,78779
2021-11-23,24.8799991607666,24.889999389648438,24.670000076293945,24.770000457763672,20.876953125,173921
2021-11-24,24.75,24.8799991607666,24.700000762939453,24.81999969482422,20.91909408569336,89443
2021-11-26,24.690000534057617,24.75,24.489999771118164,24.739999771118164,20.851669311523438,184852
2021-11-29,24.530000686645508,24.90999984741211,24.530000686645508,24.81999969482422,21.15288734436035,277628
2021-11-30,24.829999923706055,24.860000610351562,24.639999389648438,24.81999969482422,21.15288734436035,347565
2021-12-01,24.899999618530273,25.209999084472656,24.770000457763672,24.979999542236328,21.289249420166016,182727
2021-12-02,24.989999771118164,25.06999969482422,24.895000457763672,25.059999465942383,21.35742950439453,95345
2021-12-03,25.059999465942383,25.059999465942383,24.950000762939453,25.040000915527344,21.34038543701172,34102
2021-12-06,25.059999465942383,25.200000762939453,24.979999542236328,25.18000030517578,21.459701538085938,56344
2021-12-07,25.18000030517578,25.3799991607666,25.165000915527344,25.260000228881836,21.52787971496582,194794
2021-12-08,25.25,25.280000686645508,25.1200008392334,25.239999771118164,21.510833740234375,72998
2021-12-09,25.209999084472656,25.280000686645508,25.18720054626465,25.239999771118164,21.510833740234375,80404
2021-12-10,25.270000457763672,25.270000457763672,25.18000030517578,25.209999084472656,21.485261917114258,49229
2021-12-13,25.239999771118164,25.239999771118164,25.155000686645508,25.209999084472656,21.485261917114258,55395
2021-12-14,25.149999618530273,25.229900360107422,25.020000457763672,25.020000457763672,21.323339462280273,64990
2021-12-15,25.100000381469727,25.1200008392334,25.020000457763672,25.09000015258789,21.382993698120117,59524
2021-12-16,25.09000015258789,25.290000915527344,25.040000915527344,25.290000915527344,21.553447723388672,69775
2021-12-17,25.25,25.329999923706055,25.200000762939453,25.270000457763672,21.536405563354492,74989
2021-12-20,25.139999389648438,25.280000686645508,25.139999389648438,25.190000534057617,21.468225479125977,36513
2021-12-21,25.239999771118164,25.299999237060547,25.149999618530273,25.219999313354492,21.49378776550293,46776
2021-12-22,25.270000457763672,25.399999618530273,25.239999771118164,25.399999618530273,21.647192001342773,30374
2021-12-23,25.350000381469727,25.420000076293945,25.31999969482422,25.329999923706055,21.587535858154297,23506
2021-12-27,25.3700008392334,25.379899978637695,25.299999237060547,25.299999237060547,21.561969757080078,29302
2021-12-28,25.309999465942383,25.3700008392334,25.25,25.34000015258789,21.596057891845703,38551
2021-12-29,25.350000381469727,25.440000534057617,25.309999465942383,25.440000534057617,21.681283950805664,28007
2021-12-30,25.450000762939453,25.510000228881836,25.399999618530273,25.469999313354492,21.70684814453125,18701
2021-12-31,25.510000228881836,25.510000228881836,25.290000915527344,25.299999237060547,21.561969757080078,138285
2022-01-03,25.3799991607666,25.399999618530273,25.190000534057617,25.219999313354492,21.49378776550293,62354
2022-01-04,25.239999771118164,25.239999771118164,25.030000686645508,25.06999969482422,21.365951538085938,79275
2022-01-05,25.110000610351562,25.170000076293945,24.639999389648438,24.774999618530273,21.114540100097656,147436
2022-01-06,24.799999237060547,24.940000534057617,24.610000610351562,24.799999237060547,21.135841369628906,121971
2022-01-07,24.790000915527344,24.850000381469727,24.6299991607666,24.649999618530273,21.00800895690918,169484
2022-01-10,24.6299991607666,24.690000534057617,24.5,24.579999923706055,20.948347091674805,155639
2022-01-11,24.56999969482422,24.75,24.510000228881836,24.610000610351562,20.973915100097656,166698
2022-01-12,24.670000076293945,24.719999313354492,24.520000457763672,24.540000915527344,20.91425895690918,117997
2022-01-13,24.549999237060547,24.65999984741211,24.530000686645508,24.610000610351562,20.973915100097656,118871
2022-01-14,24.56999969482422,24.65999984741211,24.5,24.549999237060547,20.92278289794922,110948
2022-01-18,24.459999084472656,24.510000228881836,24.360000610351562,24.3799991607666,20.77790069580078,131638
2022-01-19,24.40999984741211,24.462400436401367,24.31999969482422,24.360000610351562,20.760854721069336,132754
2022-01-20,24.469999313354492,24.469999313354492,24.25,24.260000228881836,20.675626754760742,140169
2022-01-21,24.25,24.309999465942383,24.139999389648438,24.15999984741211,20.590402603149414,99105
2022-01-24,24.079999923706055,24.11039924621582,23.799999237060547,23.84000015258789,20.31768226623535,373043
2022-01-25,23.850000381469727,23.989999771118164,23.709999084472656,23.790000915527344,20.275068283081055,206976
2022-01-26,23.860000610351562,23.950000762939453,23.299999237060547,23.489999771118164,20.019393920898438,268801
2022-01-27,23.579999923706055,23.649999618530273,22.764999389648438,22.780000686645508,19.41429328918457,320746
2022-01-28,22.700000762939453,23.09000015258789,22.460100173950195,23.06999969482422,19.661447525024414,509830
2022-01-31,23.0,23.5,22.979999542236328,23.489999771118164,20.019393920898438,434787
2022-02-01,23.59000015258789,23.649999618530273,23.420000076293945,23.559999465942383,20.079051971435547,117538
2022-02-02,23.65999984741211,23.65999984741211,23.209999084472656,23.34000015258789,19.89155387878418,156093
2022-02-03,23.1299991607666,23.1299991607666,22.93000030517578,23.06999969482422,19.661447525024414,229469
2022-02-04,22.93000030517578,22.940000534057617,22.18000030517578,22.34000015258789,19.039304733276367,599993
2022-02-07,22.350000381469727,22.469999313354492,22.010000228881836,22.170000076293945,18.89442253112793,492595
2022-02-08,22.06999969482422,22.149999618530273,21.799999237060547,21.920000076293945,18.681358337402344,307226
2022-02-09,22.040000915527344,22.15999984741211,21.81999969482422,22.059999465942383,18.800670623779297,342123
2022-02-10,21.84000015258789,21.927799224853516,21.303499221801758,21.540000915527344,18.35750389099121,354133
2022-02-11,21.56999969482422,21.75,21.059999465942383,21.25,18.110349655151367,311381
2022-02-14,21.200000762939453,21.200000762939453,20.770000457763672,21.079999923706055,17.965469360351562,291772
2022-02-15,21.200000762939453,21.530000686645508,21.020000457763672,21.350000381469727,18.19557762145996,658862
2022-02-16,21.31999969482422,21.850000381469727,21.25550079345703,21.81999969482422,18.596134185791016,387253
2022-02-17,21.799999237060547,22.15999984741211,21.700000762939453,21.829999923706055,18.604656219482422,553381
2022-02-18,21.899999618530273,22.049999237060547,21.809999465942383,21.920000076293945,18.681358337402344,169150
2022-02-22,21.8799991607666,21.950000762939453,21.610000610351562,21.8700008392334,18.638744354248047,223332
2022-02-23,21.889999389648438,21.889999389648438,21.610000610351562,21.729999542236328,18.51943016052246,133795
2022-02-24,21.5,21.759899139404297,21.231700897216797,21.670000076293945,18.46829605102539,196108
2022-02-25,21.56999969482422,21.81999969482422,21.280899047851562,21.75,18.77336311340332,113261
2022-02-28,21.700000762939453,21.969999313354492,21.576400756835938,21.899999618530273,18.902835845947266,216828
2022-03-01,21.867000579833984,21.979999542236328,21.81279945373535,21.93000030517578,18.92873191833496,107291
2022-03-02,21.899999618530273,21.948699951171875,21.700000762939453,21.850000381469727,18.85968017578125,95951
2022-03-03,21.739999771118164,21.93000030517578,21.709999084472656,21.780000686645508,18.799259185791016,83256
2022-03-04,21.610000610351562,21.774999618530273,21.34000015258789,21.389999389648438,18.462631225585938,119614
2022-03-07,21.31999969482422,21.31999969482422,20.959999084472656,21.09000015258789,18.20368766784668,197513
2022-03-08,21.0,21.075000762939453,20.780000686645508,21.040000915527344,18.16053581237793,112864
2022-03-09,21.09000015258789,21.229999542236328,20.8700008392334,21.229999542236328,18.324527740478516,121684
2022-03-10,21.1299991607666,21.1299991607666,20.75,21.010000228881836,18.134639739990234,178386
2022-03-11,21.030000686645508,21.06209945678711,20.68000030517578,20.75,17.91022300720215,76645
2022-03-14,20.690000534057617,20.719999313354492,20.010000228881836,20.260000228881836,17.487281799316406,177447
2022-03-15,20.420000076293945,20.440000534057617,20.059999465942383,20.239999771118164,17.470016479492188,108103
2022-03-16,20.350000381469727,20.510000228881836,20.1200008392334,20.3700008392334,17.582229614257812,114762
2022-03-17,20.510000228881836,20.656600952148438,20.43000030517578,20.549999237060547,17.737592697143555,236487
2022-03-18,20.530000686645508,20.738000869750977,20.459999084472656,20.649999618530273,17.82390785217285,132399
2022-03-21,20.559999465942383,20.639999389648438,20.030000686645508,20.219999313354492,17.452754974365234,229778
2022-03-22,20.09000015258789,20.18000030517578,20.010000228881836,20.100000381469727,17.349180221557617,210893
2022-03-23,20.06999969482422,20.309999465942383,19.899999618530273,20.219999313354492,17.452754974365234,175999
2022-03-24,20.25,20.360000610351562,20.149999618530273,20.280000686645508,17.504541397094727,127234
2022-03-25,20.229999542236328,20.229999542236328,19.950000762939453,20.09000015258789,17.340543746948242,107965
2022-03-28,20.149999618530273,20.270000457763672,20.011600494384766,20.229999542236328,17.461383819580078,110559
2022-03-29,20.329999923706055,20.530000686645508,20.270000457763672,20.530000686645508,17.720327377319336,122899
2022-03-30,20.559999465942383,20.8700008392334,20.489999771118164,20.84000015258789,17.987903594970703,141940
2022-03-31,20.979999542236328,21.009899139404297,20.829999923706055,20.950000762939453,18.082853317260742,219431
2022-04-01,20.989999771118164,20.989999771118164,20.595300674438477,20.950000762939453,18.082853317260742,92864
2022-04-04,20.959999084472656,20.96150016784668,20.760000228881836,20.850000381469727,17.996536254882812,76363
2022-04-05,20.709999084472656,20.807600021362305,20.34000015258789,20.420000076293945,17.625385284423828,111616
2022-04-06,20.200000762939453,20.229799270629883,19.989999771118164,20.09000015258789,17.340543746948242,153051
2022-04-07,20.010000228881836,20.200000762939453,19.969999313354492,20.1200008392334,17.36644172668457,112361
2022-04-08,20.0,20.06999969482422,19.790000915527344,19.81999969482422,17.107498168945312,97693
2022-04-11,19.65999984741211,19.81999969482422,19.34000015258789,19.389999389648438,16.736347198486328,143771
2022-04-12,19.459999084472656,19.707799911499023,19.170000076293945,19.239999771118164,16.606874465942383,513802
2022-04-13,19.200000762939453,19.3700008392334,19.1200008392334,19.350000381469727,16.701820373535156,108270
2022-04-14,19.31999969482422,19.399999618530273,19.1200008392334,19.329999923706055,16.684558868408203,169836
2022-04-18,19.299999237060547,19.31999969482422,19.09000015258789,19.1299991607666,16.51192855834961,208273
2022-04-19,19.049999237060547,19.100000381469727,18.799999237060547,19.0,16.39971923828125,199107
2022-04-20,19.0,19.219999313354492,18.969999313354492,19.1299991607666,16.51192855834961,120091
2022-04-21,19.270000457763672,19.270000457763672,18.760000228881836,18.795000076293945,16.2227783203125,167736
2022-04-22,18.709999084472656,18.77989959716797,18.440000534057617,18.690000534057617,16.132144927978516,127236
2022-04-25,18.670000076293945,18.809999465942383,18.34000015258789,18.809999465942383,16.23572540283203,166518
2022-04-26,18.719999313354492,18.866899490356445,18.6299991607666,18.649999618530273,16.09762191772461,192780
2022-04-27,18.649999618530273,18.739999771118164,18.229999542236328,18.3799991607666,15.864570617675781,173562
2022-04-28,18.34000015258789,18.559999465942383,18.059999465942383,18.459999084472656,15.933618545532227,267216
2022-04-29,18.209999084472656,18.469999313354492,18.079999923706055,18.079999923706055,15.605628967285156,148513
2022-05-02,18.079999923706055,18.079999923706055,17.549999237060547,17.719999313354492,15.294897079467773,125130
2022-05-03,17.8700008392334,17.920000076293945,17.639999389648438,17.780000686645508,15.346685409545898,209826
2022-05-04,17.799999237060547,18.530000686645508,17.670000076293945,18.5,15.968151092529297,186865
2022-05-05,18.219999313354492,18.219999313354492,17.899999618530273,18.040000915527344,15.571106910705566,195921
2022-05-06,17.940000534057617,17.940000534057617,17.5,17.639999389648438,15.225845336914062,346721
2022-05-09,17.59000015258789,17.63920021057129,17.360000610351562,17.459999084472656,15.070481300354004,248581
2022-05-10,17.790000915527344,17.921499252319336,17.5,17.729999542236328,15.303525924682617,171956
2022-05-11,17.510000228881836,18.02280044555664,17.510000228881836,17.770000457763672,15.338053703308105,141280
2022-05-12,17.709999084472656,17.940000534057617,17.579999923706055,17.850000381469727,15.4071044921875,329765
2022-05-13,17.940000534057617,18.129899978637695,17.8799991607666,17.940000534057617,15.48479175567627,173556
2022-05-16,18.030000686645508,18.440000534057617,17.8799991607666,18.350000381469727,15.838680267333984,149576
2022-05-17,18.350000381469727,18.43589973449707,18.149999618530273,18.149999618530273,15.666048049926758,247768
2022-05-18,18.149999618530273,18.149999618530273,17.8799991607666,18.100000381469727,15.622892379760742,184496
2022-05-19,18.170000076293945,18.190000534057617,17.94499969482422,18.149999618530273,15.666048049926758,231227
2022-05-20,18.280000686645508,18.280000686645508,17.860000610351562,18.139999389648438,15.657418251037598,165479
2022-05-23,18.229999542236328,18.239999771118164,18.0,18.149999618530273,15.666048049926758,174401
2022-05-24,18.079999923706055,18.399999618530273,18.0,18.3799991607666,15.864570617675781,89007
2022-05-25,18.3799991607666,19.0,18.3799991607666,18.959999084472656,16.365192413330078,239069
2022-05-26,18.969999313354492,19.459999084472656,18.969999313354492,19.31999969482422,16.675922393798828,144805
2022-05-27,19.31999969482422,19.489999771118164,19.200000762939453,19.389999389648438,16.97661781311035,162088
2022-05-31,19.25,19.295000076293945,18.959999084472656,19.040000915527344,16.67018699645996,151923
2022-06-01,19.1299991607666,19.309999465942383,18.709999084472656,18.790000915527344,16.451297760009766,126220
2022-06-02,18.84000015258789,18.920000076293945,18.56999969482422,18.920000076293945,16.56511878967285,86974
2022-06-03,18.75,18.90999984741211,18.649999618530273,18.899999618530273,16.547605514526367,47849
2022-06-06,18.860000610351562,18.93000030517578,18.649999618530273,18.709999084472656,16.381256103515625,71745
2022-06-07,18.670000076293945,18.969999313354492,18.540000915527344,18.920000076293945,16.56511878967285,104683
2022-06-08,18.920000076293945,18.969900131225586,18.809999465942383,18.850000381469727,16.50383186340332,69985
2022-06-09,18.790000915527344,18.790000915527344,18.600000381469727,18.6299991607666,16.31121063232422,73111
2022-06-10,18.3799991607666,18.3799991607666,18.059999465942383,18.270000457763672,15.996024131774902,142157
2022-06-13,17.950000762939453,17.950000762939453,17.389999389648438,17.5,15.321858406066895,222545
2022-06-14,17.510000228881836,17.670000076293945,17.219999313354492,17.31999969482422,15.164263725280762,164274
2022-06-15,17.600000381469727,17.940000534057617,17.43000030517578,17.860000610351562,15.637051582336426,211729
2022-06-16,17.530000686645508,17.649999618530273,17.329999923706055,17.530000686645508,15.348124504089355,152533
2022-06-17,17.6200008392334,17.670000076293945,17.399099349975586,17.520000457763672,15.33936882019043,151529
2022-06-21,17.700000762939453,17.829999923706055,17.56999969482422,17.639999389648438,15.444436073303223,112992
2022-06-22,17.59000015258789,17.75,17.56999969482422,17.649999618530273,15.4531888961792,90046
2022-06-23,17.739999771118164,17.889999389648438,17.6299991607666,17.84000015258789,15.619540214538574,82754
2022-06-24,17.84000015258789,18.110000610351562,17.84000015258789,18.110000610351562,15.85593318939209,71385
2022-06-27,18.049999237060547,18.100000381469727,17.90999984741211,17.940000534057617,15.707094192504883,76049
2022-06-28,18.030000686645508,18.08989906311035,17.8799991607666,17.940000534057617,15.707094192504883,68151
2022-06-29,17.899999618530273,17.959999084472656,17.860000610351562,17.899999618530273,15.672072410583496,33605
2022-06-30,17.950000762939453,18.049999237060547,17.860000610351562,18.010000228881836,15.768383026123047,109865
2022-07-01,18.1299991607666,18.2106990814209,17.850000381469727,18.139999389648438,15.882201194763184,45352
2022-07-05,18.110000610351562,18.289899826049805,18.030000686645508,18.280000686645508,16.004776000976562,63662
2022-07-06,18.350000381469727,18.399999618530273,18.1200008392334,18.229999542236328,15.961000442504883,62371
2022-07-07,18.219999313354492,18.389999389648438,18.200000762939453,18.3700008392334,16.083572387695312,72641
2022-07-08,18.3799991607666,18.5,18.25,18.5,16.1973934173584,69700
2022-07-11,18.3700008392334,18.520299911499023,18.3700008392334,18.520000457763672,16.214906692504883,57704
2022-07-12,18.51020050048828,18.611000061035156,18.350099563598633,18.399999618530273,16.109840393066406,71412
2022-07-13,18.170000076293945,18.559999465942383,18.15999984741211,18.510000228881836,16.20615005493164,118573
2022-07-14,18.389999389648438,18.469999313354492,18.200000762939453,18.469999313354492,16.171127319335938,66052
2022-07-15,18.559999465942383,18.649999618530273,18.479999542236328,18.6200008392334,16.302459716796875,64007
2022-07-18,18.579999923706055,18.729999542236328,18.490100860595703,18.604999542236328,16.289325714111328,68354
2022-07-19,18.68000030517578,18.739999771118164,18.6200008392334,18.739999771118164,16.407520294189453,50460
2022-07-20,18.790000915527344,18.850000381469727,18.72010040283203,18.75,16.416278839111328,51276
2022-07-21,18.799999237060547,18.883100509643555,18.709999084472656,18.8700008392334,16.52134132385254,107177
2022-07-22,19.0,19.104900360107422,18.950000762939453,19.0,16.635160446166992,67401
2022-07-25,19.09000015258789,19.100000381469727,18.866600036621094,18.989999771118164,16.626405715942383,80588
2022-07-26,19.0,19.010000228881836,18.899999618530273,19.010000228881836,16.643917083740234,96513
2022-07-27,19.020000457763672,19.149999618530273,18.950000762939453,19.149999618530273,16.766490936279297,66681
2022-07-28,19.110000610351562,19.270000457763672,18.94219970703125,19.149999618530273,16.766490936279297,115506
2022-07-29,19.1299991607666,19.440000534057617,19.114200592041016,19.270000457763672,16.87155532836914,116779
2022-08-01,19.360000610351562,19.6299991607666,19.223100662231445,19.530000686645508,17.09919548034668,235032
2022-08-02,19.59000015258789,20.110000610351562,19.450000762939453,19.920000076293945,17.440650939941406,392997
2022-08-03,20.110000610351562,20.149999618530273,19.940000534057617,20.1200008392334,17.615760803222656,142415
2022-08-04,20.049999237060547,20.239999771118164,20.030000686645508,20.190000534057617,17.677045822143555,136396
2022-08-05,20.030000686645508,20.149999618530273,19.809999465942383,19.959999084472656,17.47567367553711,205776
2022-08-08,20.030000686645508,20.079999923706055,19.860000610351562,19.959999084472656,17.47567367553711,114157
2022-08-09,19.959999084472656,19.959999084472656,19.654600143432617,19.81999969482422,17.353099822998047,223787
2022-08-10,20.09000015258789,20.162599563598633,19.899999618530273,19.979999542236328,17.493183135986328,158299
2022-08-11,20.079999923706055,20.079999923706055,19.799999237060547,19.899999618530273,17.423141479492188,69443
2022-08-12,19.969999313354492,20.030000686645508,19.850000381469727,20.030000686645508,17.536962509155273,57331
2022-08-15,20.0,20.15999984741211,19.979999542236328,20.030000686645508,17.536962509155273,100980
2022-08-16,20.06999969482422,20.06999969482422,19.920000076293945,19.989999771118164,17.50193977355957,67517
2022-08-17,19.8700008392334,19.899999618530273,19.610000610351562,19.690000534057617,17.239280700683594,127926
2022-08-18,19.6200008392334,19.65999984741211,19.52669906616211,19.6299991607666,17.18674659729004,62365
2022-08-19,19.5,19.510000228881836,19.229999542236328,19.389999389648438,16.97661781311035,118246
2022-08-22,19.209999084472656,19.260000228881836,19.049999237060547,19.1299991607666,16.748979568481445,48279
2022-08-23,19.06999969482422,19.3700008392334,18.25,18.959999084472656,16.600139617919922,278746
2022-08-24,18.889999389648438,19.170000076293945,18.739999771118164,19.100000381469727,16.722715377807617,85835
2022-08-25,19.15220069885254,19.3700008392334,19.020000457763672,19.350000381469727,16.94159698486328,78092
2022-08-26,19.299999237060547,19.389999389648438,19.079999923706055,19.139999389648438,16.757734298706055,74436
2022-08-29,19.06999969482422,19.06999969482422,18.860000610351562,18.889999389648438,16.53885269165039,115740
2022-08-30,18.649999618530273,18.799999237060547,18.3700008392334,18.56999969482422,16.49748992919922,114426
2022-08-31,18.6299991607666,18.6299991607666,18.239999771118164,18.3799991607666,16.328693389892578,86685
2022-09-01,18.239999771118164,18.440000534057617,18.09000015258789,18.399999618530273,16.346460342407227,57107
2022-09-02,18.540000915527344,18.649999618530273,18.40999984741211,18.459999084472656,16.399765014648438,31338
2022-09-06,18.329999923706055,18.489999771118164,18.059999465942383,18.18000030517578,16.151016235351562,65984
2022-09-07,18.06999969482422,18.350000381469727,18.06999969482422,18.290000915527344,16.248737335205078,90483
2022-09-08,18.200000762939453,18.399999618530273,18.100000381469727,18.229999542236328,16.195436477661133,114349
2022-09-09,18.25,18.459999084472656,18.18910026550293,18.43000030517578,16.37311553955078,52316
2022-09-12,18.3799991607666,18.565000534057617,18.3799991607666,18.450000762939453,16.39088249206543,42089
2022-09-13,18.1200008392334,18.309999465942383,18.110000610351562,18.309999465942383,16.266504287719727,51411
2022-09-14,18.25,18.329999923706055,18.110000610351562,18.299999237060547,16.25762367248535,38191
2022-09-15,18.299999237060547,18.329999923706055,18.1299991607666,18.190000534057617,16.15989875793457,74985
2022-09-16,18.0,18.111000061035156,17.84000015258789,18.100000381469727,16.07994270324707,61376
2022-09-19,18.0,18.040000915527344,17.719999313354492,17.950000762939453,15.946684837341309,111981
2022-09-20,17.799999237060547,17.899999618530273,17.700000762939453,17.850000381469727,15.857843399047852,76617
2022-09-21,17.93000030517578,18.15999984741211,17.860000610351562,17.90999984741211,15.911149024963379,45557
2022-09-22,17.81999969482422,17.81999969482422,17.610000610351562,17.760000228881836,15.777888298034668,68230
2022-09-23,17.670000076293945,17.670000076293945,17.3700008392334,17.450000762939453,15.502486228942871,202347
2022-09-26,17.360000610351562,17.450000762939453,17.23940086364746,17.290000915527344,15.360345840454102,86136
2022-09-27,17.270000457763672,17.399999618530273,17.06999969482422,17.1200008392334,15.209319114685059,584117
2022-09-28,17.190000534057617,17.450000762939453,17.1200008392334,17.399999618530273,15.45806884765625,196054
2022-09-29,17.31999969482422,17.31999969482422,17.020000457763672,17.280000686645508,15.351463317871094,99026
2022-09-30,17.389999389648438,17.43000030517578,17.200000762939453,17.34000015258789,15.404764175415039,178137
2022-10-03,17.399999618530273,17.597700119018555,17.350000381469727,17.420000076293945,15.475835800170898,100735
2022-10-04,17.549999237060547,17.67959976196289,17.510000228881836,17.59000015258789,15.626862525939941,197094
2022-10-05,17.389999389648438,17.489999771118164,17.299999237060547,17.489999771118164,15.5380220413208,120170
2022-10-06,17.450000762939453,17.47010040283203,17.309999465942383,17.40999984741211,15.466954231262207,63140
2022-10-07,17.299999237060547,17.350000381469727,17.209999084472656,17.329999923706055,15.395880699157715,42820
2022-10-10,17.31999969482422,17.31999969482422,17.049999237060547,17.149999618530273,15.235967636108398,59169
2022-10-11,17.1299991607666,17.184999465942383,16.959999084472656,17.030000686645508,15.129363059997559,73842
2022-10-12,17.06999969482422,17.06999969482422,16.780000686645508,16.8700008392334,14.98721981048584,78690
2022-10-13,16.579999923706055,16.940000534057617,16.5,16.760000228881836,14.889493942260742,220025
2022-10-14,16.860000610351562,16.90250015258789,16.610000610351562,16.706600189208984,14.84205436706543,64541
2022-10-17,16.850000381469727,16.8799991607666,16.690099716186523,16.770000457763672,14.898380279541016,86789
2022-10-18,16.8700008392334,16.8700008392334,16.650100708007812,16.739999771118164,14.871725082397461,56818
2022-10-19,16.6299991607666,16.690000534057617,16.469999313354492,16.600000381469727,14.74735164642334,97241
2022-10-20,16.469999313354492,16.575000762939453,16.260000228881836,16.360000610351562,14.534136772155762,159994
2022-10-21,16.200000762939453,16.358299255371094,16.1200008392334,16.260000228881836,14.445298194885254,135865
2022-10-24,16.260000228881836,16.3572998046875,16.239999771118164,16.260000228881836,14.445298194885254,200106
2022-10-25,16.360000610351562,16.56999969482422,16.34000015258789,16.549999237060547,14.70293140411377,94905
2022-10-26,16.479999542236328,16.850000381469727,16.469999313354492,16.649999618530273,14.791770935058594,118708
2022-10-27,16.709999084472656,16.75,16.625,16.68000030517578,14.8184232711792,66492
2022-10-28,16.690000534057617,16.809999465942383,16.670000076293945,16.770000457763672,14.898380279541016,60420
2022-10-31,16.809999465942383,16.823200225830078,16.420000076293945,16.579999923706055,14.729582786560059,160045
2022-11-01,16.649999618530273,16.7549991607666,16.440000534057617,16.530000686645508,14.685164451599121,134991
2022-11-02,16.479999542236328,16.670000076293945,16.350000381469727,16.549999237060547,14.70293140411377,281383
2022-11-03,16.420000076293945,16.420000076293945,16.260000228881836,16.360000610351562,14.534136772155762,88723
2022-11-04,16.5,16.5,16.2450008392334,16.329999923706055,14.50748348236084,123640
2022-11-07,16.3799991607666,16.390100479125977,16.229999542236328,16.309999465942383,14.489715576171875,145229
2022-11-08,16.440000534057617,16.649999618530273,16.350799560546875,16.649999618530273,14.791770935058594,160276
2022-11-09,16.700000762939453,16.739999771118164,16.469999313354492,16.59000015258789,14.738468170166016,295577
2022-11-10,16.889999389648438,17.450000762939453,16.889999389648438,17.440000534057617,15.49360179901123,248912
2022-11-11,17.600000381469727,17.702499389648438,17.459999084472656,17.670000076293945,15.697935104370117,108134
2022-11-14,17.709999084472656,17.709999084472656,17.43000030517578,17.520000457763672,15.564674377441406,104971
2022-11-15,17.670000076293945,17.979999542236328,17.66189956665039,17.889999389648438,15.89338207244873,248198
2022-11-16,17.940000534057617,18.010000228881836,17.850000381469727,17.979999542236328,15.973336219787598,157349
2022-11-17,17.850000381469727,17.920000076293945,17.75,17.899999618530273,15.902263641357422,86502
2022-11-18,17.940000534057617,17.959999084472656,17.809999465942383,17.90999984741211,15.911149024963379,96712
2022-11-21,17.8799991607666,17.989999771118164,17.75,17.84000015258789,15.848959922790527,94649
2022-11-22,17.899999618530273,17.950000762939453,17.809999465942383,17.850000381469727,15.857843399047852,66630
2022-11-23,17.899999618530273,17.989999771118164,17.829999923706055,17.920000076293945,15.92003059387207,111123
2022-11-25,17.850000381469727,17.959400177001953,17.850000381469727,17.920000076293945,15.92003059387207,41990
2022-11-28,17.940000534057617,17.999900817871094,17.80299949645996,17.860000610351562,15.866726875305176,116434
2022-11-29,17.579999923706055,17.579999923706055,17.334999084472656,17.420000076293945,15.71645736694336,126922
2022-11-30,17.459999084472656,17.6200008392334,17.30500030517578,17.600000381469727,15.878851890563965,239386
2022-12-01,17.65999984741211,17.8700008392334,17.610000610351562,17.8700008392334,16.12244987487793,198267
2022-12-02,17.700000762939453,18.040000915527344,17.700000762939453,18.040000915527344,16.27582550048828,238245
2022-12-05,17.989999771118164,18.030000686645508,17.773799896240234,17.84000015258789,16.095382690429688,106220
2022-12-06,17.860000610351562,17.899999618530273,17.70669937133789,17.760000228881836,16.02320671081543,181066
2022-12-07,17.799999237060547,17.899999618530273,17.719999313354492,17.899999618530273,16.14951515197754,153095
2022-12-08,17.8799991607666,17.969999313354492,17.65999984741211,17.780000686645508,16.04125213623047,165378
2022-12-09,17.729999542236328,17.729999542236328,17.531400680541992,17.649999618530273,15.92396354675293,95014
2022-12-12,17.700000762939453,17.700000762939453,17.469999313354492,17.56999969482422,15.851785659790039,114739
2022-12-13,17.940000534057617,18.110000610351562,17.790000915527344,17.860000610351562,16.113426208496094,135135
2022-12-14,17.950000762939453,17.969999313354492,17.68000030517578,17.84000015258789,16.095382690429688,132855
2022-12-15,17.829999923706055,17.84429931640625,17.639999389648438,17.68000030517578,15.951029777526855,308110
2022-12-16,17.459999084472656,17.8700008392334,17.459999084472656,17.790000915527344,16.050273895263672,711200
2022-12-19,17.760000228881836,17.850000381469727,17.709999084472656,17.81999969482422,16.077341079711914,239968
2022-12-20,17.719999313354492,17.790000915527344,17.604299545288086,17.709999084472656,15.978096008300781,187353
2022-12-21,17.690000534057617,17.760000228881836,17.625,17.739999771118164,16.005163192749023,359676
2022-12-22,17.68000030517578,17.68000030517578,17.329999923706055,17.440000534057617,15.73449993133545,323297
2022-12-23,17.469999313354492,17.520000457763672,17.280000686645508,17.40999984741211,15.707437515258789,114431
2022-12-27,17.34000015258789,17.360000610351562,17.0,17.100000381469727,15.427748680114746,266488
2022-12-28,17.1200008392334,17.149999618530273,16.8700008392334,16.950000762939453,15.292420387268066,183020
2022-12-29,16.959999084472656,17.06999969482422,16.8799991607666,16.940000534057617,15.283397674560547,318019
2022-12-30,16.829999923706055,17.139999389648438,16.700000762939453,17.030000686645508,15.36459732055664,353590
2023-01-03,17.200000762939453,17.43000030517578,17.100000381469727,17.25,15.563082695007324,105258
2023-01-04,17.399999618530273,17.799999237060547,17.252500534057617,17.799999237060547,16.059293746948242,109212
2023-01-05,17.780000686645508,18.06999969482422,17.649999618530273,18.020000457763672,16.257781982421875,103969
2023-01-06,18.030000686645508,18.360000610351562,17.90999984741211,18.229999542236328,16.447246551513672,116592
2023-01-09,18.229999542236328,18.384199142456055,18.130599975585938,18.31999969482422,16.528444290161133,140567
2023-01-10,18.299999237060547,18.350000381469727,18.15999984741211,18.350000381469727,16.555509567260742,55140
2023-01-11,18.360000610351562,18.489999771118164,18.329999923706055,18.40999984741211,16.609643936157227,297036
2023-01-12,18.450000762939453,18.728599548339844,18.399999618530273,18.649999618530273,16.826171875,80576
2023-01-13,18.579999923706055,18.799999237060547,18.579999923706055,18.770000457763672,16.934438705444336,36009
2023-01-17,18.829999923706055,19.06999969482422,18.770000457763672,19.06999969482422,17.20509910583496,77439
2023-01-18,19.260000228881836,19.385700225830078,19.1299991607666,19.200000762939453,17.3223876953125,130694
2023-01-19,19.1299991607666,19.43000030517578,19.09000015258789,19.3799991607666,17.484783172607422,88109
2023-01-20,19.299999237060547,19.510000228881836,19.280000686645508,19.469999313354492,17.565982818603516,89370
2023-01-23,19.440000534057617,19.670000076293945,19.440000534057617,19.639999389648438,17.719358444213867,62052
2023-01-24,19.639999389648438,19.699399948120117,19.530000686645508,19.65999984741211,17.737401962280273,74484
2023-01-25,19.559999465942383,19.700000762939453,19.5,19.649999618530273,17.72838020324707,63685
2023-01-26,19.700000762939453,19.75,19.620100021362305,19.75,17.818603515625,62372
2023-01-27,19.75,19.8799991607666,19.690000534057617,19.799999237060547,17.86370849609375,68004
2023-01-30,19.700000762939453,19.90999984741211,19.700000762939453,19.889999389648438,17.944910049438477,163429
2023-01-31,19.940000534057617,20.139999389648438,19.84000015258789,20.079999923706055,18.116329193115234,204538
2023-02-01,20.049999237060547,20.238399505615234,19.940000534057617,20.15999984741211,18.18850326538086,77047
2023-02-02,20.18000030517578,20.43000030517578,20.18000030517578,20.290000915527344,18.30579376220703,100396
2023-02-03,20.100000381469727,20.189899444580078,19.8700008392334,19.979999542236328,18.026107788085938,92353
2023-02-06,19.829999923706055,19.829999923706055,19.639999389648438,19.729999542236328,17.800554275512695,73639
2023-02-07,19.6299991607666,19.719999313354492,19.3799991607666,19.6200008392334,17.701313018798828,126920
2023-02-08,19.559999465942383,19.610000610351562,19.479999542236328,19.530000686645508,17.620115280151367,199587
2023-02-09,19.639999389648438,19.639999389648438,19.329999923706055,19.3799991607666,17.484783172607422,71399
2023-02-10,19.3700008392334,19.3700008392334,19.200000762939453,19.270000457763672,17.385543823242188,58821
2023-02-13,19.31999969482422,19.349599838256836,19.25,19.270000457763672,17.385543823242188,174440
2023-02-14,19.200000762939453,19.399999618530273,19.149999618530273,19.280000686645508,17.394563674926758,96404
2023-02-15,19.219999313354492,19.296499252319336,19.170000076293945,19.25,17.367496490478516,74546
2023-02-16,19.010000228881836,19.200000762939453,19.0,19.020000457763672,17.159988403320312,55124
2023-02-17,18.969999313354492,18.969999313354492,18.780000686645508,18.829999923706055,16.988571166992188,198365
2023-02-21,18.68000030517578,18.719999313354492,18.209999084472656,18.3700008392334,16.57355499267578,94768
2023-02-22,18.3700008392334,18.6200008392334,18.3700008392334,18.579999923706055,16.763017654418945,123556
2023-02-23,18.690000534057617,18.748600006103516,18.489999771118164,18.639999389648438,16.81715202331543,364575
2023-02-24,18.479999542236328,18.600000381469727,18.43549919128418,18.510000228881836,16.69986343383789,108889
2023-02-27,18.34000015258789,18.426799774169922,18.200000762939453,18.270000457763672,16.730485916137695,305256
2023-02-28,18.25,18.459999084472656,18.13010025024414,18.31999969482422,16.77627182006836,246217
2023-03-01,18.299999237060547,18.360000610351562,18.059999465942383,18.219999313354492,16.6846981048584,90779
2023-03-02,18.06999969482422,18.06999969482422,17.770000457763672,18.030000686645508,16.510709762573242,109131
2023-03-03,18.1200008392334,18.139999389648438,18.030000686645508,18.100000381469727,16.574810028076172,96045
2023-03-06,18.149999618530273,18.270000457763672,18.100000381469727,18.200000762939453,16.666383743286133,282073
2023-03-07,18.229999542236328,18.264999389648438,18.010000228881836,18.079999923706055,16.556493759155273,88994
2023-03-08,18.079999923706055,18.170000076293945,18.030000686645508,18.09000015258789,16.56565284729004,77920
2023-03-09,18.110000610351562,18.110000610351562,17.635000228881836,17.68000030517578,16.190200805664062,103280
2023-03-10,17.649999618530273,17.940000534057617,17.25,17.68000030517578,16.190200805664062,138375
2023-03-13,17.350000381469727,17.40999984741211,16.93000030517578,17.049999237060547,15.613288879394531,203837
2023-03-14,17.290000915527344,17.729999542236328,17.290000915527344,17.450000762939453,15.979583740234375,102496
2023-03-15,17.31999969482422,17.43000030517578,17.0,17.219999313354492,15.768959999084473,143838
2023-03-16,17.0,18.280000686645508,16.97010040283203,17.989999771118164,16.474077224731445,174148
2023-03-17,17.84000015258789,17.84000015258789,17.280000686645508,17.600000381469727,16.116941452026367,68434
2023-03-20,17.600000381469727,17.809999465942383,17.149999618530273,17.270000457763672,15.814750671386719,87467
2023-03-21,17.43000030517578,17.670000076293945,17.3799991607666,17.600000381469727,16.116941452026367,121255
2023-03-22,17.579999923706055,17.790000915527344,17.44499969482422,17.68000030517578,16.190200805664062,304845
2023-03-23,17.719999313354492,17.84000015258789,17.350000381469727,17.549999237060547,16.071155548095703,149506
2023-03-24,17.520000457763672,17.549999237060547,17.273799896240234,17.530000686645508,16.052839279174805,35707
2023-03-27,17.729999542236328,17.889999389648438,17.59000015258789,17.75,16.254304885864258,125544
2023-03-28,17.760000228881836,17.84000015258789,17.6294002532959,17.649999618530273,16.162729263305664,118388
2023-03-29,17.75,17.860000610351562,17.6200008392334,17.6200008392334,16.1352596282959,125237
2023-03-30,17.739999771118164,17.81999969482422,17.649999618530273,17.68000030517578,16.190200805664062,171598
2023-03-31,17.709999084472656,17.899999618530273,17.56999969482422,17.59000015258789,16.107786178588867,200177
2023-04-03,17.719999313354492,17.770000457763672,17.575899124145508,17.68000030517578,16.190200805664062,83615
2023-04-04,17.68000030517578,17.699899673461914,17.510000228881836,17.639999389648438,16.15357208251953,83064
2023-04-05,17.6299991607666,17.75,17.579999923706055,17.700000762939453,16.20851707458496,80737
2023-04-06,17.739999771118164,17.829999923706055,17.700000762939453,17.709999084472656,16.21767234802246,511883
2023-04-10,17.690000534057617,17.770000457763672,17.6299991607666,17.65999984741211,16.17188835144043,133863
2023-04-11,17.729999542236328,17.790000915527344,17.690000534057617,17.729999542236328,16.23598861694336,934198
2023-04-12,17.850000381469727,17.899999618530273,17.610000610351562,17.6200008392334,16.1352596282959,622464
2023-04-13,17.690000534057617,17.90999984741211,17.690000534057617,17.850000381469727,16.34587860107422,1830122
2023-04-14,17.8799991607666,17.989999771118164,17.799999237060547,17.899999618530273,16.39166259765625,249817
2023-04-17,17.920000076293945,18.079999923706055,17.860000610351562,18.030000686645508,16.510709762573242,183139
2023-04-18,18.06999969482422,18.06999969482422,17.940000534057617,17.989999771118164,16.474077224731445,103230
2023-04-19,17.969999313354492,18.049999237060547,17.8700008392334,18.0,16.48323631286621,256964
2023-04-20,17.989999771118164,18.139999389648438,17.921300888061523,18.1200008392334,16.59312629699707,107346
2023-04-21,18.149999618530273,18.350000381469727,18.049999237060547,18.25,16.71217155456543,100823
2023-04-24,18.270000457763672,18.479999542236328,18.270000457763672,18.450000762939453,16.89531707763672,106316
2023-04-25,18.350000381469727,18.43000030517578,18.190000534057617,18.270000457763672,16.730485916137695,126540
2023-04-26,18.260000228881836,18.389999389648438,18.1200008392334,18.229999542236328,16.69385528564453,59707
2023-04-27,18.270000457763672,18.329999923706055,18.15999984741211,18.290000915527344,16.74880027770996,104371
2023-04-28,18.290000915527344,18.389999389648438,18.200000762939453,18.25,16.71217155456543,222294
2023-05-01,18.309999465942383,18.360000610351562,18.1200008392334,18.18000030517578,16.648069381713867,121889
2023-05-02,18.100000381469727,18.1299991607666,17.906700134277344,18.040000915527344,16.519866943359375,113992
2023-05-03,18.040000915527344,18.082500457763672,17.56999969482422,17.670000076293945,16.181045532226562,105032
2023-05-04,17.5,17.5,17.049999237060547,17.149999618530273,15.70486068725586,142076
2023-05-05,17.399999618530273,17.65999984741211,17.309999465942383,17.399999618530273,15.933794975280762,67832
2023-05-08,17.520000457763672,17.520000457763672,17.170000076293945,17.290000915527344,15.833064079284668,83792
2023-05-09,17.25,17.280000686645508,17.030000686645508,17.170000076293945,15.723175048828125,86507
2023-05-10,17.31999969482422,17.549999237060547,17.31999969482422,17.489999771118164,16.016210556030273,116479
2023-05-11,17.3799991607666,17.3799991607666,17.146799087524414,17.15999984741211,15.714017868041992,68676
2023-05-12,17.229999542236328,17.349899291992188,17.139999389648438,17.260000228881836,15.805591583251953,98273
2023-05-15,17.3700008392334,17.40999984741211,17.20009994506836,17.290000915527344,15.833064079284668,80053
2023-05-16,17.31999969482422,17.329999923706055,17.079999923706055,17.079999923706055,15.640758514404297,65945
2023-05-17,17.1299991607666,17.520000457763672,17.1299991607666,17.399999618530273,15.933794975280762,68591
2023-05-18,17.34000015258789,17.540000915527344,17.34000015258789,17.5,16.025367736816406,122161
2023-05-19,17.520000457763672,17.6200008392334,17.329999923706055,17.6200008392334,16.1352596282959,114769
2023-05-22,17.670000076293945,17.670000076293945,17.5,17.6299991607666,16.1444149017334,61767
2023-05-23,17.579999923706055,17.700000762939453,17.579999923706055,17.700000762939453,16.20851707458496,34384
2023-05-24,17.670000076293945,17.690000534057617,17.549999237060547,17.579999923706055,16.098628997802734,61195
2023-05-25,17.559999465942383,17.639999389648438,17.440000534057617,17.53499984741211,16.057418823242188,42872
2023-05-26,17.59000015258789,17.600000381469727,17.483999252319336,17.569900512695312,16.089380264282227,45874
2023-05-30,17.450000762939453,17.576000213623047,17.350000381469727,17.40999984741211,16.19499397277832,89952
2023-05-31,17.40999984741211,17.53499984741211,17.219999313354492,17.25,16.046159744262695,112601
2023-06-01,17.360000610351562,17.5,17.25,17.450000762939453,16.23220443725586,96547
2023-06-02,17.540000915527344,17.75,17.540000915527344,17.559999465942383,16.33452606201172,102309
2023-06-05,17.639999389648438,17.670000076293945,17.450000762939453,17.579999923706055,16.353132247924805,87013
2023-06-06,17.56999969482422,17.670000076293945,17.510499954223633,17.670000076293945,16.436851501464844,165573
2023-06-07,17.729999542236328,17.769399642944336,17.600400924682617,17.6299991607666,16.399641036987305,78825
2023-06-08,17.6299991607666,17.700000762939453,17.510000228881836,17.56999969482422,16.343830108642578,64178
2023-06-09,17.600000381469727,17.719999313354492,17.579999923706055,17.68000030517578,16.446151733398438,168057
2023-06-12,17.709999084472656,17.709999084472656,17.440000534057617,17.459999084472656,16.241504669189453,54140
2023-06-13,17.520000457763672,17.57200050354004,17.479999542236328,17.53499984741211,16.311269760131836,64887
2023-06-14,17.59000015258789,17.59000015258789,17.280000686645508,17.479999542236328,16.260108947753906,105121
2023-06-15,17.56999969482422,17.6299991607666,17.510000228881836,17.6299991607666,16.399641036987305,71915
2023-06-16,17.670000076293945,17.678800582885742,17.510000228881836,17.510000228881836,16.288013458251953,47207
2023-06-20,17.59000015258789,17.59000015258789,17.440000534057617,17.440000534057617,16.222900390625,51987
2023-06-21,17.3700008392334,17.479999542236328,17.34000015258789,17.420000076293945,16.204294204711914,41415
2023-06-22,17.450000762939453,17.459999084472656,17.281099319458008,17.43000030517578,16.213598251342773,85390
2023-06-23,17.420000076293945,17.475000381469727,17.360000610351562,17.475000381469727,16.25545883178711,92380
2023-06-26,17.43000030517578,17.59000015258789,17.41830062866211,17.5,16.27871322631836,105394
2023-06-27,17.530000686645508,17.530000686645508,17.43899917602539,17.459999084472656,16.241504669189453,71905
2023-06-28,17.510000228881836,17.530000686645508,17.450000762939453,17.520000457763672,16.297317504882812,77372
2023-06-29,17.520000457763672,17.59000015258789,17.280000686645508,17.420000076293945,16.204294204711914,59999
2023-06-30,17.5,17.520000457763672,17.3700008392334,17.459999084472656,16.241504669189453,140129
2023-07-03,17.5,17.809999465942383,17.5,17.809999465942383,16.567079544067383,54866
2023-07-05,17.75,17.90999984741211,17.600000381469727,17.690000534057617,16.455453872680664,97874
2023-07-06,17.520000457763672,17.6299991607666,17.265100479125977,17.459999084472656,16.241504669189453,96575
2023-07-07,17.450000762939453,17.559999465942383,17.399999618530273,17.549999237060547,16.325223922729492,78842
2023-07-10,17.549999237060547,17.59000015258789,17.489999771118164,17.58970069885254,16.36215591430664,66497
2023-07-11,17.59000015258789,17.659900665283203,17.489999771118164,17.579999923706055,16.353132247924805,78565
2023-07-12,17.65999984741211,17.75,17.559999465942383,17.6200008392334,16.39034080505371,85561
2023-07-13,17.690000534057617,17.690000534057617,17.549999237060547,17.6299991607666,16.399641036987305,78315
2023-07-14,17.610000610351562,17.6200008392334,17.1299991607666,17.239999771118164,16.03685760498047,116286
2023-07-17,17.270000457763672,17.270000457763672,16.989999771118164,17.06999969482422,15.878721237182617,130323
2023-07-18,17.100000381469727,17.190000534057617,17.049999237060547,17.1299991607666,15.934534072875977,232631
2023-07-19,17.18000030517578,17.31999969482422,17.170000076293945,17.290000915527344,16.0833683013916,53572
2023-07-20,17.260000228881836,17.3700008392334,17.155000686645508,17.3700008392334,16.157787322998047,69405
2023-07-21,17.3799991607666,17.559999465942383,17.303499221801758,17.5,16.27871322631836,49280
2023-07-24,17.559999465942383,17.559999465942383,17.450000762939453,17.459999084472656,16.241504669189453,84653
2023-07-25,17.450000762939453,17.514999389648438,17.441200256347656,17.5,16.27871322631836,48474
2023-07-26,17.520000457763672,17.735000610351562,17.510000228881836,17.600000381469727,16.371734619140625,72191
2023-07-27,17.700000762939453,17.739999771118164,17.450000762939453,17.5,16.27871322631836,90274
2023-07-28,17.56999969482422,17.700000762939453,17.5,17.649999618530273,16.418245315551758,42768
2023-07-31,17.725000381469727,17.889999389648438,17.712799072265625,17.889999389648438,16.641498565673828,121505
2023-08-01,17.770000457763672,17.780000686645508,17.59000015258789,17.739999771118164,16.501962661743164,43161
2023-08-02,17.579999923706055,17.714000701904297,17.42009925842285,17.700000762939453,16.464757919311523,108141
2023-08-03,17.530000686645508,17.639999389648438,17.399999618530273,17.469999313354492,16.250804901123047,71639
2023-08-04,17.479999542236328,17.739999771118164,17.450000762939453,17.670000076293945,16.436851501464844,38543
2023-08-07,17.719999313354492,17.760000228881836,17.639999389648438,17.729999542236328,16.49266242980957,35561
2023-08-08,17.700000762939453,17.719999313354492,17.6200008392334,17.709999084472656,16.474058151245117,41065
2023-08-09,17.709999084472656,17.74920082092285,17.6200008392334,17.68000030517578,16.446151733398438,50507
2023-08-10,17.719999313354492,17.799999237060547,17.6299991607666,17.670000076293945,16.436851501464844,45422
2023-08-11,17.649999618530273,17.719999313354492,17.6200008392334,17.6299991607666,16.399641036987305,28981
2023-08-14,17.579999923706055,17.860000610351562,17.510000228881836,17.799999237060547,16.557777404785156,66222
2023-08-15,17.709999084472656,17.709999084472656,17.559999465942383,17.559999465942383,16.33452606201172,46733
2023-08-16,17.549999237060547,17.639999389648438,17.440000534057617,17.59000015258789,16.36243438720703,65450
2023-08-17,17.59000015258789,17.59000015258789,17.421600341796875,17.479999542236328,16.260108947753906,70076
2023-08-18,17.450000762939453,17.499900817871094,17.3799991607666,17.459999084472656,16.241504669189453,106093
2023-08-21,17.420000076293945,17.440000534057617,17.302200317382812,17.440000534057617,16.222900390625,58560
2023-08-22,17.510000228881836,17.510000228881836,17.360000610351562,17.40049934387207,16.186159133911133,53107
2023-08-23,17.450000762939453,17.770000457763672,17.450000762939453,17.739999771118164,16.501962661743164,384664
2023-08-24,17.75,17.850000381469727,17.67060089111328,17.770000457763672,16.529870986938477,66715
2023-08-25,17.81999969482422,17.90999984741211,17.690000534057617,17.81279945373535,16.569683074951172,272530
2023-08-28,17.889999389648438,17.989999771118164,17.857999801635742,17.93000030517578,16.6787052154541,79662
2023-08-29,17.940000534057617,18.170000076293945,17.93000030517578,18.030000686645508,16.771726608276367,103330
2023-08-30,17.889999389648438,17.93199920654297,17.780000686645508,17.8700008392334,16.878873825073242,72111
2023-08-31,17.8700008392334,18.059999465942383,17.709999084472656,17.760000228881836,16.774974822998047,168621
2023-09-01,17.729999542236328,17.830299377441406,17.719999313354492,17.790000915527344,16.80331039428711,61331
2023-09-05,17.75,17.81999969482422,17.696699142456055,17.770000457763672,16.784420013427734,97848
2023-09-06,17.770000457763672,17.899999618530273,17.729999542236328,17.829999923706055,16.84109115600586,65031
2023-09-07,17.75,17.899999618530273,17.729999542236328,17.739999771118164,16.75608253479004,43313
2023-09-08,17.780000686645508,17.889999389648438,17.690000534057617,17.8700008392334,16.878873825073242,82823
2023-09-11,17.84000015258789,17.889999389648438,17.799999237060547,17.889999389648438,16.89776611328125,49533
2023-09-12,17.8799991607666,17.889999389648438,17.15999984741211,17.739999771118164,16.75608253479004,125929
2023-09-13,17.799999237060547,17.889999389648438,17.729999542236328,17.860000610351562,16.869428634643555,78220
2023-09-14,17.889999389648438,17.950000762939453,17.81999969482422,17.81999969482422,16.831647872924805,147715
2023-09-15,17.8799991607666,17.91990089416504,17.690000534057617,17.75,16.76552963256836,173785
2023-09-18,17.75,17.81999969482422,17.719999313354492,17.770000457763672,16.784420013427734,123884
2023-09-19,17.729999542236328,17.91990089416504,17.729999542236328,17.829999923706055,16.84109115600586,166641
2023-09-20,17.850000381469727,17.989999771118164,17.709999084472656,17.739999771118164,16.75608253479004,106035
2023-09-21,17.559999465942383,17.6299991607666,17.399999618530273,17.479999542236328,16.5105037689209,52531
2023-09-22,17.5,17.67259979248047,17.5,17.6299991607666,16.652183532714844,70091
2023-09-25,17.479999542236328,17.670000076293945,17.479999542236328,17.59000015258789,16.614402770996094,105708
2023-09-26,17.579999923706055,17.639999389648438,17.149999618530273,17.239999771118164,16.283815383911133,80806
2023-09-27,17.309999465942383,17.34000015258789,17.030000686645508,17.1299991607666,16.179914474487305,124242
2023-09-28,17.06999969482422,17.25,16.979999542236328,17.200000762939453,16.246034622192383,119470
2023-09-29,17.25,17.440000534057617,17.149999618530273,17.3700008392334,16.406606674194336,853842
2023-10-02,17.299999237060547,17.299999237060547,16.899999618530273,16.9950008392334,16.052404403686523,171743
2023-10-03,16.959999084472656,16.959999084472656,16.450000762939453,16.600000381469727,15.679313659667969,221462
2023-10-04,16.690000534057617,16.760000228881836,16.530000686645508,16.700000762939453,15.773765563964844,92577
2023-10-05,16.649999618530273,16.75,16.56999969482422,16.649999618530273,15.726537704467773,142182
2023-10-06,16.479999542236328,16.670000076293945,16.420000076293945,16.450000762939453,15.53763198852539,75867
2023-10-09,16.450000762939453,16.670000076293945,16.450000762939453,16.579999923706055,15.660419464111328,38755
2023-10-10,16.559999465942383,16.780000686645508,16.559999465942383,16.579999923706055,15.660419464111328,64894
2023-10-11,16.68000030517578,16.88680076599121,16.65999984741211,16.670000076293945,15.745428085327148,62081
2023-10-12,16.68000030517578,16.719999313354492,16.420000076293945,16.510000228881836,15.594304084777832,67606
2023-10-13,16.59000015258789,16.760000228881836,16.286800384521484,16.31999969482422,15.41484260559082,44408
2023-10-16,16.3700008392334,16.459999084472656,16.2450008392334,16.360000610351562,15.45262336730957,52346
2023-10-17,16.25,16.40399932861328,16.25,16.25,15.348724365234375,67538
2023-10-18,16.25,16.270000457763672,16.09000015258789,16.15999984741211,15.263714790344238,62614
2023-10-19,16.110000610351562,16.25,16.049999237060547,16.049999237060547,15.159815788269043,75867
2023-10-20,16.020000457763672,16.25,15.890000343322754,16.25,15.348724365234375,85192
2023-10-23,16.110000610351562,16.3700008392334,16.100000381469727,16.34000015258789,15.433732986450195,53730
2023-10-24,16.299999237060547,16.690000534057617,16.299999237060547,16.649999618530273,15.726537704467773,55644
2023-10-25,16.559999465942383,16.639999389648438,16.425600051879883,16.440000534057617,15.52818775177002,57673
2023-10-26,16.530000686645508,16.56999969482422,16.36009979248047,16.485000610351562,15.570691108703613,43797
2023-10-27,16.540000915527344,16.540000915527344,16.31999969482422,16.34000015258789,15.433732986450195,36381
2023-10-30,16.34000015258789,16.420000076293945,16.309999465942383,16.399999618530273,15.49040412902832,37245
2023-10-31,16.34000015258789,16.575000762939453,16.190000534057617,16.190000534057617,15.292051315307617,194972
2023-11-01,16.280000686645508,16.6299991607666,16.200000762939453,16.56999969482422,15.650976181030273,183797
2023-11-02,16.719999313354492,17.190000534057617,16.709999084472656,17.100000381469727,16.151578903198242,211501
2023-11-03,17.25,17.3799991607666,17.139999389648438,17.200000762939453,16.246034622192383,146113
2023-11-06,17.09000015258789,17.360000610351562,17.010000228881836,17.170000076293945,16.217697143554688,68303
2023-11-07,17.200000762939453,17.269699096679688,17.06999969482422,17.139999389648438,16.189361572265625,34758
2023-11-08,17.15999984741211,17.32979965209961,17.15999984741211,17.200000762939453,16.246034622192383,59949
2023-11-09,17.200000762939453,17.200000762939453,16.780000686645508,16.84000015258789,15.906001091003418,128459
2023-11-10,16.959999084472656,17.02899932861328,16.860000610351562,16.94499969482422,16.00517463684082,43344
2023-11-13,16.899999618530273,17.09000015258789,16.860000610351562,16.987699508666992,16.045509338378906,57102
2023-11-14,17.309999465942383,17.520000457763672,17.280000686645508,17.360000610351562,16.397159576416016,103882
2023-11-15,17.350000381469727,17.415000915527344,17.270000457763672,17.399999618530273,16.434940338134766,37702
2023-11-16,17.479999542236328,17.75,17.399999618530273,17.739999771118164,16.75608253479004,99333
2023-11-17,17.739999771118164,17.95989990234375,17.6200008392334,17.770000457763672,16.784420013427734,127169
2023-11-20,17.770000457763672,17.899999618530273,17.760000228881836,17.770000457763672,16.784420013427734,78735
2023-11-21,17.739999771118164,17.850000381469727,17.709999084472656,17.790000915527344,16.80331039428711,119722
2023-11-22,17.850000381469727,17.850000381469727,17.639999389648438,17.729999542236328,16.746639251708984,134092
2023-11-24,17.729999542236328,17.8799991607666,17.700000762939453,17.81999969482422,16.831647872924805,33513
2023-11-27,17.790000915527344,18.059999465942383,17.790000915527344,18.0,17.001665115356445,98533
2023-11-28,17.969999313354492,18.1200008392334,17.8700008392334,18.049999237060547,17.048891067504883,249395
2023-11-29,17.920000076293945,17.989999771118164,17.68000030517578,17.780000686645508,17.052188873291016,106473
2023-11-30,17.8700008392334,17.969999313354492,17.5,17.860000610351562,17.128917694091797,203835
2023-12-01,17.860000610351562,17.979999542236328,17.670000076293945,17.899999618530273,17.16727638244629,127466
2023-12-04,17.850000381469727,17.93000030517578,17.719999313354492,17.850000381469727,17.119325637817383,64889
2023-12-05,17.81999969482422,17.940000534057617,17.77090072631836,17.799999237060547,17.07137107849121,68076
2023-12-06,17.850000381469727,18.09000015258789,17.810100555419922,17.989999771118164,17.25359344482422,73436
2023-12-07,18.0,18.18000030517578,18.0,18.079999923706055,17.339908599853516,105693
2023-12-08,18.06999969482422,18.079999923706055,17.8799991607666,17.940000534057617,17.20564079284668,82959
2023-12-11,17.979999542236328,17.979999542236328,17.690000534057617,17.84000015258789,17.1097354888916,80317
2023-12-12,17.829999923706055,17.90999984741211,17.760000228881836,17.850000381469727,17.119325637817383,64133
2023-12-13,17.950000762939453,18.280000686645508,17.899999618530273,18.110000610351562,17.368682861328125,232241
2023-12-14,18.31999969482422,18.579999923706055,18.25,18.549999237060547,17.79067039489746,110962
2023-12-15,18.579999923706055,18.709999084472656,18.459999084472656,18.559999465942383,17.800260543823242,122932
2023-12-18,18.5,18.5,18.309999465942383,18.40999984741211,17.656402587890625,123799
2023-12-19,18.440000534057617,18.729999542236328,18.350000381469727,18.6299991607666,17.867395401000977,352093
2023-12-20,18.649999618530273,18.860000610351562,18.540000915527344,18.780000686645508,18.011255264282227,341605
2023-12-21,18.850000381469727,18.860000610351562,18.709999084472656,18.850000381469727,18.07839012145996,90176
2023-12-22,18.850000381469727,18.940000534057617,18.700000762939453,18.790000915527344,18.02084732055664,88133
2023-12-26,18.790000915527344,18.8700008392334,18.670000076293945,18.739999771118164,17.97289276123047,91994
2023-12-27,18.68000030517578,18.789899826049805,18.549999237060547,18.579999923706055,17.819442749023438,104676
2023-12-28,18.579999923706055,18.734399795532227,18.3700008392334,18.450000762939453,17.694765090942383,122450
2023-12-29,18.450000762939453,18.540000915527344,18.260000228881836,18.420000076293945,17.665992736816406,186078
2024-01-02,18.389999389648438,18.429000854492188,18.360000610351562,18.389999389648438,17.63722038269043,43011
2024-01-03,18.31999969482422,18.450000762939453,18.1299991607666,18.34000015258789,17.58926773071289,68674
2024-01-04,18.280000686645508,18.415199279785156,18.210100173950195,18.31999969482422,17.570085525512695,28660
2024-01-05,18.3799991607666,18.489999771118164,18.25,18.299999237060547,17.550905227661133,46410
2024-01-08,18.3799991607666,18.6200008392334,18.25189971923828,18.56999969482422,17.809852600097656,46526
2024-01-09,18.530000686645508,18.68000030517578,18.510000228881836,18.600000381469727,17.838623046875,26000
2024-01-10,18.65999984741211,18.809200286865234,18.510000228881836,18.639999389648438,17.87698745727539,42437
2024-01-11,18.597299575805664,18.66900062561035,18.520000457763672,18.600000381469727,17.838623046875,31588
2024-01-12,18.610000610351562,18.75,18.579999923706055,18.700000762939453,17.934532165527344,32893
2024-01-16,18.649999618530273,18.684999465942383,18.229999542236328,18.329999923706055,17.579675674438477,127942
2024-01-17,18.229999542236328,18.40999984741211,18.200000762939453,18.31999969482422,17.570085525512695,58063
2024-01-18,18.3700008392334,18.454999923706055,18.270000457763672,18.360000610351562,17.608449935913086,45083
2024-01-19,18.43000030517578,18.549999237060547,18.309999465942383,18.540000915527344,17.781082153320312,67463
2024-01-22,18.610000610351562,18.809999465942383,18.56999969482422,18.799999237060547,18.03043556213379,47846
2024-01-23,18.799999237060547,18.899999618530273,18.676300048828125,18.829999923706055,18.0592098236084,53208
2024-01-24,18.899999618530273,18.969999313354492,18.799999237060547,18.81999969482422,18.049619674682617,46928
2024-01-25,18.860000610351562,19.079999923706055,18.829999923706055,19.030000686645508,18.251022338867188,75893
2024-01-26,18.969999313354492,19.049999237060547,18.93000030517578,18.93000030517578,18.15511703491211,66059
2024-01-29,18.93000030517578,19.09000015258789,18.829999923706055,19.09000015258789,18.30856704711914,58032
2024-01-30,19.040000915527344,19.19499969482422,18.989999771118164,19.162700653076172,18.378292083740234,49281
2024-01-31,19.06999969482422,19.40999984741211,19.054399490356445,19.3700008392334,18.577104568481445,150152
2024-02-01,19.450000762939453,19.6200008392334,19.2549991607666,19.59000015258789,18.788101196289062,81773
2024-02-02,19.3700008392334,19.589099884033203,19.3700008392334,19.479999542236328,18.682600021362305,51594
2024-02-05,19.40999984741211,19.480600357055664,19.1299991607666,19.19420051574707,18.40850067138672,81903
2024-02-06,19.229999542236328,19.530000686645508,19.18000030517578,19.3700008392334,18.577104568481445,122296
2024-02-07,19.40999984741211,19.469999313354492,19.299999237060547,19.329999923706055,18.538742065429688,56192
2024-02-08,19.3700008392334,19.389999389648438,19.170000076293945,19.360000610351562,18.567514419555664,59908
2024-02-09,19.399999618530273,19.610000610351562,19.34000015258789,19.514999389648438,18.716169357299805,78723
2024-02-12,19.59000015258789,19.600000381469727,19.459999084472656,19.56999969482422,18.768917083740234,57494
2024-02-13,19.309999465942383,19.450000762939453,19.239999771118164,19.34000015258789,18.54833221435547,98661
2024-02-14,19.34000015258789,19.441099166870117,19.302799224853516,19.389999389648438,18.596284866333008,59906
2024-02-15,19.440000534057617,19.510000228881836,19.34000015258789,19.479999542236328,18.682600021362305,76012
2024-02-16,19.450000762939453,19.504100799560547,19.40999984741211,19.489999771118164,18.69219207763672,49460
2024-02-20,19.469999313354492,19.600000381469727,19.420000076293945,19.549999237060547,18.74973487854004,71249
2024-02-21,19.59000015258789,19.639999389648438,19.34000015258789,19.360000610351562,18.567514419555664,56751
2024-02-22,19.510000228881836,19.549999237060547,19.441200256347656,19.469999313354492,18.673009872436523,30099
2024-02-23,19.549999237060547,19.790000915527344,19.49090003967285,19.739999771118164,18.93195915222168,58987
2024-02-26,19.81999969482422,19.90999984741211,19.600000381469727,19.8799991607666,19.06622886657715,99658
2024-02-27,19.899999618530273,19.924999237060547,19.709999084472656,19.790000915527344,18.97991371154785,103734
2024-02-28,19.579999923706055,19.64940071105957,19.389999389648438,19.399999618530273,18.866558074951172,62191
2024-02-29,19.510000228881836,19.799999237060547,19.309999465942383,19.43000030517578,18.89573097229004,198448
2024-03-01,19.5,19.559999465942383,19.299999237060547,19.360000610351562,18.82765769958496,57072
2024-03-04,19.40999984741211,19.43000030517578,19.229999542236328,19.229999542236328,18.701231002807617,68629
2024-03-05,19.299999237060547,19.31999969482422,19.15999984741211,19.299999237060547,18.769306182861328,59740
2024-03-06,19.3799991607666,19.719999313354492,19.3799991607666,19.639999389648438,19.099958419799805,86365
2024-03-07,19.770000457763672,19.899999618530273,19.739999771118164,19.860000610351562,19.31390953063965,78919
2024-03-08,19.920000076293945,20.09000015258789,19.920000076293945,20.040000915527344,19.48896026611328,128021
2024-03-11,20.100000381469727,20.1200008392334,19.99250030517578,20.079999923706055,19.52785873413086,87150
2024-03-12,20.059999465942383,20.219999313354492,20.020000457763672,20.149999618530273,19.59593391418457,126971
2024-03-13,20.139999389648438,20.268600463867188,20.09000015258789,20.1200008392334,19.566761016845703,77515
2024-03-14,20.09000015258789,20.09000015258789,19.780000686645508,19.860000610351562,19.31390953063965,95108
2024-03-15,19.8799991607666,19.959999084472656,19.709999084472656,19.770000457763672,19.226383209228516,93337
2024-03-18,19.860000610351562,19.860000610351562,19.65999984741211,19.700000762939453,19.158308029174805,84225
2024-03-19,19.799999237060547,20.020000457763672,19.717599868774414,19.979999542236328,19.43060874938965,141070
2024-03-20,19.950000762939453,20.040000915527344,19.829999923706055,19.90999984741211,19.362533569335938,114412
2024-03-21,20.049999237060547,20.25,20.0049991607666,20.09000015258789,19.53758430480957,107414
2024-03-22,20.209999084472656,20.270000457763672,20.010000228881836,20.200000762939453,19.644561767578125,128674
2024-03-25,20.170000076293945,20.200000762939453,19.979999542236328,20.100000381469727,19.54730987548828,125660
2024-03-26,20.1200008392334,20.139999389648438,19.90999984741211,19.93000030517578,19.38198471069336,62732
2024-03-27,20.040000915527344,20.309999465942383,19.850099563598633,20.299999237060547,19.74180793762207,150528
2024-03-28,20.299999237060547,20.3700008392334,20.180099487304688,20.299999237060547,19.74180793762207,566952
2024-04-01,20.25,20.260000228881836,20.020000457763672,20.200000762939453,19.644561767578125,200697
2024-04-02,19.969999313354492,20.04960060119629,19.75,19.850000381469727,19.304183959960938,173354
2024-04-03,19.719999313354492,19.90999984741211,19.700000762939453,19.84000015258789,19.294458389282227,230689
2024-04-04,19.90999984741211,20.200000762939453,19.90999984741211,20.059999465942383,19.508407592773438,173824
2024-04-05,19.969999313354492,20.110000610351562,19.969999313354492,20.0,19.450057983398438,82764
2024-04-08,19.989999771118164,20.059999465942383,19.86009979248047,20.020000457763672,19.46950912475586,88341
2024-04-09,20.09000015258789,20.15999984741211,19.979999542236328,20.020000457763672,19.46950912475586,40283
2024-04-10,19.860000610351562,19.867799758911133,19.43000030517578,19.579999923706055,19.041608810424805,116285
2024-04-11,19.6299991607666,19.649999618530273,19.280000686645508,19.350000381469727,18.81793212890625,178122
2024-04-12,19.290000915527344,19.450000762939453,19.15999984741211,19.15999984741211,18.633155822753906,94427
2024-04-15,19.190000534057617,19.190000534057617,18.670000076293945,18.729999542236328,18.21497917175293,103845
2024-04-16,18.610000610351562,18.799999237060547,18.540000915527344,18.649999618530273,18.137178421020508,202532
2024-04-17,18.760000228881836,18.860000610351562,18.690000534057617,18.729999542236328,18.21497917175293,98930
2024-04-18,18.790000915527344,18.790000915527344,18.6200008392334,18.649999618530273,18.137178421020508,108894
2024-04-19,18.739999771118164,18.892499923706055,18.649999618530273,18.81999969482422,18.302505493164062,106820
2024-04-22,18.81999969482422,19.0,18.780000686645508,18.959999084472656,18.43865394592285,103637
2024-04-23,18.969999313354492,19.360000610351562,18.90999984741211,19.360000610351562,18.82765769958496,70967
2024-04-24,19.290000915527344,19.489999771118164,19.149999618530273,19.440000534057617,18.90545654296875,84821
2024-04-25,19.239999771118164,19.260000228881836,19.049999237060547,19.209999084472656,18.681779861450195,58279
2024-04-26,19.270000457763672,19.417800903320312,19.229999542236328,19.229999542236328,18.701231002807617,57224
2024-04-29,19.280000686645508,19.440000534057617,19.0,19.350000381469727,18.81793212890625,64633
2024-04-30,19.280000686645508,19.329999923706055,19.0,19.049999237060547,18.526180267333984,304398
2024-05-01,19.139999389648438,19.349599838256836,19.059999465942383,19.280000686645508,18.74985694885254,78078
2024-05-02,19.25,19.420000076293945,19.180099487304688,19.389999389648438,18.85683250427246,45762
2024-05-03,19.56999969482422,19.670000076293945,19.472999572753906,19.579999923706055,19.041608810424805,43107
2024-05-06,19.6200008392334,19.739999771118164,19.579999923706055,19.670000076293945,19.129133224487305,41510
2024-05-07,19.729999542236328,19.7450008392334,19.520000457763672,19.520000457763672,18.983257293701172,46136
2024-05-08,19.520000457763672,19.57990074157715,19.209999084472656,19.299999237060547,18.769306182861328,94416
2024-05-09,19.299999237060547,19.36989974975586,19.163999557495117,19.280000686645508,18.74985694885254,60821
2024-05-10,19.280000686645508,19.299999237060547,19.170000076293945,19.239999771118164,18.710956573486328,50840
2024-05-13,19.290000915527344,19.40019989013672,19.2549991607666,19.299999237060547,18.769306182861328,44871
2024-05-14,19.389999389648438,19.420000076293945,19.25,19.25,18.72068214416504,56342
2024-05-15,19.450000762939453,19.510000228881836,19.329999923706055,19.459999084472656,18.92490577697754,65416
2024-05-16,19.5,19.510000228881836,19.286800384521484,19.399999618530273,18.866558074951172,63334
2024-05-17,19.34000015258789,19.388399124145508,19.26110076904297,19.3700008392334,18.837383270263672,33285
2024-05-20,19.360000610351562,19.440000534057617,19.329999923706055,19.350000381469727,18.81793212890625,59628
2024-05-21,19.3799991607666,19.48509979248047,19.31999969482422,19.31999969482422,18.78875732421875,66871
2024-05-22,19.31999969482422,19.40999984741211,19.221900939941406,19.299999237060547,18.769306182861328,59156
2024-05-23,19.299999237060547,19.299999237060547,19.049999237060547,19.170000076293945,18.642881393432617,107645
2024-05-24,19.239999771118164,19.469999313354492,19.204999923706055,19.420000076293945,18.88600730895996,46286
2024-05-28,19.5,19.56999969482422,19.360000610351562,19.389999389648438,18.85683250427246,154382
2024-05-29,19.239999771118164,19.34000015258789,19.079999923706055,19.15999984741211,18.633155822753906,81593
2024-05-30,19.270000457763672,19.399999618530273,19.200000762939453,19.34000015258789,18.808208465576172,154977
2024-05-31,19.229999542236328,19.280000686645508,19.030000686645508,19.219999313354492,18.95956802368164,108786
2024-06-03,19.264999389648438,19.299999237060547,19.200000762939453,19.25,18.98916244506836,80074
2024-06-04,19.25,19.420000076293945,19.25,19.399999618530273,19.137128829956055,131696
2024-06-05,19.450000762939453,19.450000762939453,19.250200271606445,19.34000015258789,19.07794189453125,25240
2024-06-06,19.309999465942383,19.40999984741211,19.309999465942383,19.34000015258789,19.07794189453125,42992
2024-06-07,19.229999542236328,19.31999969482422,19.15999984741211,19.280000686645508,19.018754959106445,73114
2024-06-10,19.209999084472656,19.279199600219727,19.06999969482422,19.100000381469727,18.84119415283203,31151
2024-06-11,19.139999389648438,19.139999389648438,18.90999984741211,18.950000762939453,18.693227767944336,65503
2024-06-12,19.100000381469727,19.260000228881836,19.049999237060547,19.09000015258789,18.831329345703125,40900
2024-06-13,19.15999984741211,19.269899368286133,19.049999237060547,19.200000762939453,18.93984031677246,44670
2024-06-14,19.239999771118164,19.290000915527344,19.167999267578125,19.200000762939453,18.93984031677246,52328
2024-06-17,19.18000030517578,19.27989959716797,19.079999923706055,19.1299991607666,18.870786666870117,60547
2024-06-18,19.139999389648438,19.3700008392334,19.139999389648438,19.3700008392334,19.10753631591797,44602
2024-06-20,19.31999969482422,19.389999389648438,19.25979995727539,19.299999237060547,19.038482666015625,54579
2024-06-21,19.299999237060547,19.40999984741211,19.270000457763672,19.280000686645508,19.018754959106445,30995
2024-06-24,19.270000457763672,19.379199981689453,19.270000457763672,19.299999237060547,19.038482666015625,58062
2024-06-25,19.3799991607666,19.399999618530273,19.299999237060547,19.360000610351562,19.097671508789062,39922
2024-06-26,19.290000915527344,19.429399490356445,19.231199264526367,19.299999237060547,19.038482666015625,28854
2024-06-27,19.334999084472656,19.388200759887695,19.270000457763672,19.270000457763672,19.008892059326172,51233
2024-06-28,19.299999237060547,19.389999389648438,19.235000610351562,19.260000228881836,18.999027252197266,89665
2024-07-01,19.200000762939453,19.309999465942383,19.100000381469727,19.15999984741211,18.900381088256836,55200
2024-07-02,19.190000534057617,19.304399490356445,19.190000534057617,19.229999542236328,18.969432830810547,38229
2024-07-03,19.25,19.469999313354492,19.239999771118164,19.469999313354492,19.206180572509766,52021
2024-07-05,19.489999771118164,19.59000015258789,19.420000076293945,19.530000686645508,19.26536750793457,44352
2024-07-08,19.530000686645508,19.579999923706055,19.43000030517578,19.440000534057617,19.17658805847168,68535
2024-07-09,19.40999984741211,19.485700607299805,19.209999084472656,19.25,18.98916244506836,51690
2024-07-10,19.280000686645508,19.3887996673584,19.260000228881836,19.350000381469727,19.087806701660156,30007
2024-07-11,19.459999084472656,19.729999542236328,19.40999984741211,19.68000030517578,19.4133358001709,122358
2024-07-12,19.75,20.0,19.729999542236328,19.75,19.48238754272461,116692
2024-07-15,19.780000686645508,19.850000381469727,19.7549991607666,19.780000686645508,19.511980056762695,31030
2024-07-16,19.799999237060547,19.877300262451172,19.6200008392334,19.65999984741211,19.393606185913086,124325
2024-07-17,19.600000381469727,19.68000030517578,19.56999969482422,19.579999923706055,19.31468963623047,50947
2024-07-18,19.65999984741211,19.670000076293945,19.489999771118164,19.559999465942383,19.294960021972656,47910
2024-07-19,19.5,19.579999923706055,19.469999313354492,19.469999313354492,19.206180572509766,67382
2024-07-22,19.540000915527344,19.700000762939453,19.530000686645508,19.549999237060547,19.28509521484375,85519
2024-07-23,19.520099639892578,19.6200008392334,19.459999084472656,19.469999313354492,19.206180572509766,39765
2024-07-24,19.3799991607666,19.43000030517578,19.18000030517578,19.200000762939453,18.93984031677246,24684
2024-07-25,19.25,19.309999465942383,19.100000381469727,19.190000534057617,18.929975509643555,163465
2024-07-26,19.260000228881836,19.290000915527344,19.170000076293945,19.239900588989258,18.979198455810547,69726
2024-07-29,19.31999969482422,19.34000015258789,19.170000076293945,19.329999923706055,19.068077087402344,75681
2024-07-30,19.360000610351562,19.43000030517578,19.295000076293945,19.40999984741211,19.14699363708496,79262
2024-07-31,19.43000030517578,19.469999313354492,19.1299991607666,19.170000076293945,18.910245895385742,175244
2024-08-01,19.260000228881836,19.40999984741211,19.260000228881836,19.389999389648438,19.12726402282715,72049
2024-08-02,19.25,19.549999237060547,19.190000534057617,19.540000915527344,19.275232315063477,63795
2024-08-05,19.010000228881836,19.329999923706055,19.0,19.200000762939453,18.93984031677246,50193
2024-08-06,19.200000762939453,19.459999084472656,19.200000762939453,19.399999618530273,19.137128829956055,66256
2024-08-07,19.350000381469727,19.600000381469727,19.350000381469727,19.520000457763672,19.255502700805664,67210
2024-08-08,19.489999771118164,19.625,19.420000076293945,19.610000610351562,19.344284057617188,32699
2024-08-09,19.510000228881836,19.639999389648438,19.5,19.59000015258789,19.324554443359375,34069
2024-08-12,19.540000915527344,19.59000015258789,19.42009925842285,19.520000457763672,19.255502700805664,36782
2024-08-13,19.489999771118164,19.670000076293945,19.489999771118164,19.579999923706055,19.31468963623047,34588
2024-08-14,19.65920066833496,19.719999313354492,19.59000015258789,19.709999084472656,19.442928314208984,26717
2024-08-15,19.700000762939453,19.700000762939453,19.40999984741211,19.600000381469727,19.33441925048828,70181
2024-08-16,19.600000381469727,19.770000457763672,19.600000381469727,19.75309944152832,19.485445022583008,29292
2024-08-19,19.770000457763672,19.93000030517578,19.75,19.899999618530273,19.630353927612305,29859
2024-08-20,19.899999618530273,19.950000762939453,19.810100555419922,19.889999389648438,19.6204891204834,67958
2024-08-21,19.969999313354492,20.040000915527344,19.889999389648438,19.959999084472656,19.68954086303711,55717
2024-08-22,20.010000228881836,20.01759910583496,19.790000915527344,19.790000915527344,19.5218448638916,89246
2024-08-23,19.90999984741211,19.969999313354492,19.81999969482422,19.959999084472656,19.68954086303711,77343
2024-08-26,20.010000228881836,20.13960075378418,19.940000534057617,20.040000915527344,19.768457412719727,67417
2024-08-27,20.049999237060547,20.06999969482422,19.969999313354492,19.979999542236328,19.709270477294922,158477
2024-08-28,20.059999465942383,20.110000610351562,20.0,20.059999465942383,19.788185119628906,103428
2024-08-29,20.065000534057617,20.18000030517578,20.045900344848633,20.18000030517578,19.90656089782715,58349
2024-08-30,19.959999084472656,19.979999542236328,19.780000686645508,19.920000076293945,19.920000076293945,106480
2024-09-03,19.920000076293945,19.959999084472656,19.79010009765625,19.93000030517578,19.93000030517578,35104
2024-09-04,19.950000762939453,20.209999084472656,19.940000534057617,20.09000015258789,20.09000015258789,72082
2024-09-05,20.18000030517578,20.299999237060547,20.170000076293945,20.290000915527344,20.290000915527344,48009
2024-09-06,20.329999923706055,20.389999389648438,20.079999923706055,20.18000030517578,20.18000030517578,45060
2024-09-09,20.190000534057617,20.329999923706055,20.139999389648438,20.15999984741211,20.15999984741211,223625
2024-09-10,20.219999313354492,20.219999313354492,20.040000915527344,20.200000762939453,20.200000762939453,110842
2024-09-11,20.15999984741211,20.200000762939453,20.100000381469727,20.190000534057617,20.190000534057617,78565
2024-09-12,20.200000762939453,20.329999923706055,20.18000030517578,20.329999923706055,20.329999923706055,81885
2024-09-13,20.389999389648438,20.59000015258789,20.31999969482422,20.56999969482422,20.56999969482422,135145
2024-09-16,20.639999389648438,20.93000030517578,20.594999313354492,20.899999618530273,20.899999618530273,122799
2024-09-17,20.969999313354492,21.04990005493164,20.799999237060547,20.899999618530273,20.899999618530273,111206
2024-09-18,20.90999984741211,21.020000457763672,20.815000534057617,20.8700008392334,20.8700008392334,97785
2024-09-19,20.93000030517578,21.06999969482422,20.889999389648438,21.0,21.0,60155
2024-09-20,20.979999542236328,21.040000915527344,20.8700008392334,20.989999771118164,20.989999771118164,47917
2024-09-23,21.040000915527344,21.050600051879883,20.8799991607666,20.989999771118164,20.989999771118164,71499
2024-09-24,20.940000534057617,21.09000015258789,20.889999389648438,21.049999237060547,21.049999237060547,60641
2024-09-25,21.049999237060547,21.170000076293945,21.040000915527344,21.09000015258789,21.09000015258789,42372
2024-09-26,21.1299991607666,21.144010543823242,21.0,21.09000015258789,21.09000015258789,65977
2024-09-27,21.139999389648438,21.18000030517578,21.06999969482422,21.06999969482422,21.06999969482422,67383
2024-09-30,21.045000076293945,21.1299991607666,20.760000228881836,20.760000228881836,20.760000228881836,236333
2024-10-01,20.899999618530273,20.940000534057617,20.68000030517578,20.81999969482422,20.81999969482422,147359
2024-10-02,20.81999969482422,20.850000381469727,20.690000534057617,20.809999465942383,20.809999465942383,129872
2024-10-03,20.799999237060547,20.860000610351562,20.639999389648438,20.690000534057617,20.690000534057617,108947
2024-10-04,20.6200008392334,20.6200008392334,20.450000762939453,20.540000915527344,20.540000915527344,94058
2024-10-07,20.479999542236328,20.479999542236328,20.139999389648438,20.163700103759766,20.163700103759766,132527
2024-10-08,20.209999084472656,20.450000762939453,20.209999084472656,20.440000534057617,20.440000534057617,112343
2024-10-09,20.3799991607666,20.530000686645508,20.360000610351562,20.40999984741211,20.40999984741211,56397
2024-10-10,20.350000381469727,20.368200302124023,20.100000381469727,20.1200008392334,20.1200008392334,167875
2024-10-11,20.06999969482422,20.290000915527344,20.06999969482422,20.290000915527344,20.290000915527344,165908
