Date,Open,High,Low,Close,Adj Close,Volume
2000-10-19,1.9848350286483765,2.1994869709014893,1.8454500436782837,2.1966989040374756,1.8627023696899414,41542018
2000-10-20,2.1966989040374756,2.377898931503296,2.1799728870391846,2.3528099060058594,1.9950777292251587,15871118
2000-10-23,2.3416590690612793,2.3416590690612793,2.1130690574645996,2.1576719284057617,1.8296093940734863,6477138
2000-10-24,2.1688220500946045,2.2078499794006348,2.1576719284057617,2.1799728870391846,1.8485199213027954,3721720
2000-10-25,2.171610116958618,2.1966989040374756,2.1632471084594727,2.1771860122680664,1.8461568355560303,3013248
2000-10-26,2.1827609539031982,2.1966989040374756,2.110280990600586,2.1520960330963135,1.8248815536499023,2051430
2000-10-27,2.1632471084594727,2.2273640632629395,2.1632471084594727,2.219001054763794,1.8816137313842773,2999796
2000-10-30,2.219001054763794,2.3193581104278564,2.213426113128662,2.2775421142578125,1.931254267692566,4098376
2000-10-31,2.2886929512023926,2.41971492767334,2.2886929512023926,2.3472349643707275,1.9903504848480225,3896596
2000-11-01,2.3528099060058594,2.4029879570007324,2.3528099060058594,2.3639609813690186,2.004533529281616,1694952
2000-11-02,2.3583850860595703,2.41971492767334,2.3583850860595703,2.41971492767334,2.0518105030059814,1735308
2000-11-03,2.425290107727051,2.486618995666504,2.422502040863037,2.4308650493621826,2.0612645149230957,2488620
2000-11-06,2.4308650493621826,2.4336531162261963,2.3583850860595703,2.3583850860595703,1.999804973602295,1970718
2000-11-07,2.3583850860595703,2.3639609813690186,2.3249330520629883,2.338871955871582,1.9832589626312256,1242068
2000-11-08,2.344446897506714,2.5117080211639404,2.344446897506714,2.4949820041656494,2.1156325340270996,3053604
2000-11-09,2.4894070625305176,2.542372941970825,2.4754679203033447,2.5005578994750977,2.1203606128692627,1181534
2000-11-10,2.4894070625305176,2.4894070625305176,2.4420158863067627,2.4420158863067627,2.070720672607422,434948
2000-11-13,2.4308650493621826,2.4308650493621826,2.3360838890075684,2.3639609813690186,2.004533529281616,2181466
2000-11-14,2.41971492767334,2.508920907974243,2.41971492767334,2.497770071029663,2.117997646331787,2434812
2000-11-15,2.497770071029663,2.564673900604248,2.464318037033081,2.481044054031372,2.1038146018981934,2284598
2000-11-16,2.4475910663604736,2.497770071029663,2.439228057861328,2.4921939373016357,2.113269090652466,1472994
2000-11-17,2.4921939373016357,2.514496088027954,2.4754679203033447,2.481044054031372,2.1038146018981934,726408
2000-11-20,2.481044054031372,2.6315789222717285,2.481044054031372,2.628791093826294,2.2290968894958496,2833888
2000-11-21,2.6622440814971924,2.7876899242401123,2.6622440814971924,2.7765390872955322,2.3543810844421387,4421224
2000-11-22,2.737510919570923,2.7402989864349365,2.508920907974243,2.531222105026245,2.1463632583618164,5517562
2000-11-24,2.542372941970825,2.6761820316314697,2.542372941970825,2.6538798809051514,2.2503714561462402,1737550
2000-11-27,2.6761820316314697,2.754236936569214,2.6761820316314697,2.6984829902648926,2.2881922721862793,1641144
2000-11-28,2.670607089996338,2.6761820316314697,2.6148529052734375,2.639941930770874,2.238553047180176,612066
2000-11-29,2.634366989135742,2.6594560146331787,2.5228590965270996,2.5367980003356934,2.1510913372039795,1932604
2000-11-30,2.520071029663086,2.520071029663086,2.3751120567321777,2.41971492767334,2.0518105030059814,3076024
2000-12-01,2.564673900604248,2.687333106994629,2.564673900604248,2.634366989135742,2.233825445175171,4916706
2000-12-04,2.623215913772583,2.6650309562683105,2.6176400184631348,2.6650309562683105,2.2598276138305664,1165840
2000-12-05,2.704058885574341,2.949376106262207,2.704058885574341,2.924285888671875,2.479663848876953,5120728
2000-12-06,2.879683017730713,2.8824710845947266,2.720784902572632,2.7263600826263428,2.3118317127227783,1735308
2000-12-07,2.731935977935791,2.8991971015930176,2.731935977935791,2.8378679752349854,2.4063849449157715,1950540
2000-12-08,2.8824710845947266,3.030219078063965,2.8824710845947266,2.921499013900757,2.477299928665161,2849582
2000-12-11,2.9326488971710205,2.9856159687042236,2.8936219215393066,2.98282790184021,2.5293045043945312,2587268
2000-12-12,2.98282790184021,2.988403081893921,2.9270739555358887,2.988403081893921,2.5340323448181152,1129968
2000-12-13,3.005129098892212,3.0525200366973877,2.98282790184021,3.016279935836792,2.5576703548431396,1564916
2000-12-14,3.005129098892212,3.005129098892212,2.904772996902466,2.9103479385375977,2.4678444862365723,1674774
2000-12-15,2.8545939922332764,2.8545939922332764,2.6092770099639893,2.670607089996338,2.2645556926727295,5329234
2000-12-18,2.7152099609375,2.7263600826263428,2.5981268882751465,2.6538798809051514,2.2503714561462402,3562538
2000-12-19,2.6538798809051514,2.6538798809051514,2.497770071029663,2.5228590965270996,2.1392717361450195,1150146
2000-12-20,2.469892978668213,2.4726810455322266,2.3193581104278564,2.3639609813690186,2.004533529281616,5479448
2000-12-21,2.3193581104278564,2.453166961669922,2.2078499794006348,2.3695359230041504,2.009260892868042,5033290
2000-12-22,2.3360838890075684,2.338871955871582,2.224575996398926,2.235727071762085,1.8957964181900024,2607446
2000-12-26,2.2329390048980713,2.252453088760376,2.1743979454040527,2.1827609539031982,1.8508834838867188,1289150
2000-12-27,2.1827609539031982,2.2385149002075195,2.1827609539031982,2.213426113128662,1.8768863677978516,1280182
2000-12-28,2.1966989040374756,2.252453088760376,2.1966989040374756,2.224575996398926,1.8863412141799927,872138
2000-12-29,2.241302013397217,2.269179105758667,2.230151891708374,2.235727071762085,1.8957964181900024,838508
2001-01-02,2.246877908706665,2.258028984069824,2.241302013397217,2.2496650218963623,1.9076155424118042,1082886
2001-01-03,2.252453088760376,2.559098958969116,2.252453088760376,2.559098958969116,2.1700010299682617,6084788
2001-01-04,2.559098958969116,2.5869760513305664,2.503345012664795,2.545161008834839,2.1581828594207764,2141110
2001-01-05,2.5535240173339844,2.5814011096954346,2.486618995666504,2.503345012664795,2.122724771499634,1910184
2001-01-08,2.4921939373016357,2.503345012664795,2.481044054031372,2.4921939373016357,2.113269090652466,338542
2001-01-09,2.503345012664795,2.595339059829712,2.503345012664795,2.5925509929656982,2.1983675956726074,2513282
2001-01-10,2.5758249759674072,2.6427299976348877,2.547947883605957,2.5758249759674072,2.1841843128204346,1392282
2001-01-11,2.5535240173339844,2.5535240173339844,2.453166961669922,2.5005578994750977,2.1203606128692627,2111964
2001-01-12,2.5005578994750977,2.56188702583313,2.4308650493621826,2.469892978668213,2.094358205795288,2827162
2001-01-16,2.531222105026245,2.531222105026245,2.453166961669922,2.453166961669922,2.0801761150360107,3445954
2001-01-17,2.4921939373016357,2.5869760513305664,2.4894070625305176,2.559098958969116,2.1700010299682617,2394456
2001-01-18,2.5758249759674072,2.7737510204315186,2.5758249759674072,2.7514500617980957,2.333106756210327,2717304
2001-01-19,2.770962953567505,2.8768959045410156,2.770962953567505,2.815566062927246,2.38747501373291,3885386
2001-01-22,2.860168933868408,2.9326488971710205,2.7012710571289062,2.704058885574341,2.292921304702759,4221686
2001-01-23,2.6929080486297607,2.6929080486297607,2.6315789222717285,2.6622440814971924,2.257462978363037,2333922
2001-01-24,2.7068469524383545,2.809990882873535,2.7068469524383545,2.7681760787963867,2.3472893238067627,2044704
2001-01-25,2.7681760787963867,2.7681760787963867,2.6984829902648926,2.7012710571289062,2.290557622909546,356478
2001-01-26,2.651093006134033,2.6761820316314697,2.5981268882751465,2.673393964767456,2.266918897628784,1376588
2001-01-29,2.671721935272217,2.6806418895721436,2.6315789222717285,2.656111001968384,2.2522635459899902,715198
2001-01-30,2.74308705329895,2.8322930335998535,2.720784902572632,2.720784902572632,2.3071041107177734,1751002
2001-01-31,2.720784902572632,2.7876899242401123,2.7118639945983887,2.760035991668701,2.3403873443603516,638970
2001-02-01,2.760035991668701,2.760035991668701,2.700714111328125,2.7123100757598877,2.2999179363250732,280250
2001-02-02,2.768064022064209,2.768064022064209,2.72212290763855,2.741302013397217,2.3245012760162354,665874
2001-02-05,2.738626003265381,2.745316982269287,2.7118639945983887,2.720784902572632,2.3071041107177734,473062
2001-02-06,2.731935977935791,2.74977707862854,2.7252449989318848,2.7252449989318848,2.3108863830566406,638970
2001-02-07,2.720784902572632,2.720784902572632,2.6784119606018066,2.6788580417633057,2.2715513706207275,1091854
2001-02-08,2.690901041030884,2.7876899242401123,2.690901041030884,2.770293951034546,2.349085569381714,950608
2001-02-09,2.7876899242401123,2.8211419582366943,2.7876899242401123,2.7881360054016113,2.3642139434814453,1587336
2001-02-12,2.8211419582366943,2.8880460262298584,2.811774969100952,2.814450979232788,2.386528253555298,2593994
2001-02-13,2.8211419582366943,2.8211419582366943,2.77787709236145,2.77787709236145,2.355515241622925,842992
2001-02-14,2.774308919906616,2.7765390872955322,2.687778949737549,2.688225030899048,2.279494524002075,860928
2001-02-15,2.720784902572632,2.8211419582366943,2.720784902572632,2.785459041595459,2.3619449138641357,1203954
2001-02-16,2.7408559322357178,2.765388011932373,2.705173969268799,2.765388011932373,2.3449254035949707,1553706
2001-02-20,2.765388011932373,2.765388011932373,2.6538798809051514,2.6538798809051514,2.2503714561462402,1977444
2001-02-21,2.6427299976348877,2.6984829902648926,2.41971492767334,2.453166961669922,2.0801761150360107,7808886
2001-02-22,2.464318037033081,2.533452033996582,2.464318037033081,2.533452033996582,2.148254632949829,3692574
2001-02-23,2.453166961669922,2.4620869159698486,2.3215880393981934,2.4620869159698486,2.0877394676208496,7683334
2001-02-26,2.497770071029663,2.515610933303833,2.4085640907287598,2.4482600688934326,2.076014995574951,2712820
2001-02-27,2.4308650493621826,2.4308650493621826,2.309990882873535,2.328278064727783,1.974276065826416,2076092
2001-02-28,2.3884921073913574,2.4281890392303467,2.3884921073913574,2.3902769088745117,2.0268478393554688,3125348
2001-03-01,2.3684210777282715,2.3907229900360107,2.3082070350646973,2.3907229900360107,2.027226686477661,4918948
2001-03-02,2.0963430404663086,2.1610169410705566,2.035681962966919,2.0740408897399902,1.7586941719055176,5535498
2001-03-05,2.0740408897399902,2.1297950744628906,2.020517110824585,2.0811779499053955,1.7647459506988525,1060466
2001-03-06,2.0923280715942383,2.1743979454040527,2.0923280715942383,2.1409459114074707,1.8154268264770508,3120864
2001-03-07,2.1520960330963135,2.205620050430298,2.018286943435669,2.018286943435669,1.7114171981811523,7053332
2001-03-08,2.018286943435669,2.06289005279541,2.009366989135742,2.027208089828491,1.7189816236495972,1089612
2001-03-09,1.98260498046875,1.9928640127182007,1.8621770143508911,1.9397859573364258,1.6448516845703125,1327264
2001-03-12,1.7662800550460815,1.770740032196045,1.632470965385437,1.6436220407485962,1.3937180042266846,3394388
2001-03-13,1.5388050079345703,1.5900980234146118,1.4406780004501343,1.5722570419311523,1.3332037925720215,4134248
2001-03-14,1.5276540517807007,1.6592329740524292,1.5075830221176147,1.5388050079345703,1.304837942123413,1650112
2001-03-15,1.6280109882354736,1.6726139783859253,1.5945580005645752,1.645851969718933,1.3956090211868286,2542428
2001-03-16,1.6057089567184448,1.6302410364151,1.6012489795684814,1.616860032081604,1.3710252046585083,1932604
2001-03-19,1.616860032081604,1.616860032081604,1.5945580005645752,1.6057089567184448,1.3615692853927612,526870
2001-03-20,1.596789002418518,1.596789002418518,1.547724962234497,1.5611059665679932,1.3237484693527222,1340716
2001-03-21,1.5388050079345703,1.5432649850845337,1.5165029764175415,1.520071029663086,1.288952112197876,2546912
2001-03-22,1.5165029764175415,1.5165029764175415,1.4718999862670898,1.4808210134506226,1.255670189857483,121068
2001-03-23,1.4808210134506226,1.4808210134506226,1.3916150331497192,1.4099019765853882,1.1955338716506958,2472926
2001-03-26,1.4272969961166382,1.4473680257797241,1.4272969961166382,1.446921944618225,1.2269251346588135,1611998
2001-03-27,1.4513829946517944,1.5499550104141235,1.4451379776000977,1.5499550104141235,1.3142929077148438,6470412
2001-03-28,1.5388050079345703,1.5388050079345703,1.4808210134506226,1.483942985534668,1.2583171129226685,405802
2001-03-29,1.4393399953842163,1.4607490301132202,1.4206069707870483,1.4585189819335938,1.236758828163147,2717304
2001-03-30,1.4272969961166382,1.4406780004501343,1.384924054145813,1.4317569732666016,1.2140662670135498,4710442
2001-04-02,1.38715398311615,1.3893840312957764,1.3693130016326904,1.383139967918396,1.1728405952453613,2280114
2001-04-03,1.3826940059661865,1.3893840312957764,1.3608390092849731,1.3630690574645996,1.155821681022644,1076160
2001-04-04,1.3269399404525757,1.3273860216140747,1.2622660398483276,1.2778769731521606,1.0835826396942139,1578368
2001-04-05,1.282783031463623,1.449599027633667,1.282783031463623,1.4197150468826294,1.2038547992706299,4564712
2001-04-06,1.3826940059661865,1.3826940059661865,1.2644959688186646,1.2711859941482544,1.077908992767334,2771112
2001-04-09,1.2488850355148315,1.2488850355148315,1.1886709928512573,1.217663049697876,1.0325238704681396,1591820
2001-04-10,1.1663689613342285,1.2578059434890747,1.1373770236968994,1.1596790552139282,0.9833558201789856,6833616
2001-04-11,0.9366639852523804,1.0370210409164429,0.9099019765853882,0.9545050263404846,0.8093777298927307,8499422
2001-04-12,0.8876000046730042,1.0691349506378174,0.807761013507843,1.0633360147476196,0.9016614556312561,9658536
2001-04-16,1.0838539600372314,1.0838539600372314,1.048171043395996,1.0584299564361572,0.8975014090538025,1325022
2001-04-17,1.048171043395996,1.0682430267333984,1.001338005065918,1.030329942703247,0.8736739158630371,3309192
2001-04-18,1.181980013847351,1.3425509929656982,1.181980013847351,1.3256020545959473,1.1240513324737549,8741558
2001-04-19,1.3256020545959473,1.3264939785003662,1.2221230268478394,1.3189120292663574,1.1183785200119019,5376316
2001-04-20,1.4161460399627686,1.4718999862670898,1.283674955368042,1.2930419445037842,1.0964418649673462,3553570
2001-04-23,1.3046389818191528,1.3046389818191528,1.2377339601516724,1.270740032196045,1.0775303840637207,3436986
2001-04-24,1.3380910158157349,1.4339879751205444,1.3380910158157349,1.4335410594940186,1.2155787944793701,3542360
2001-04-25,1.4272969961166382,1.6057089567184448,1.4183759689331055,1.6057089567184448,1.3615692853927612,3961614
2001-04-26,1.3893840312957764,1.5856380462646484,1.3380910158157349,1.3380910158157349,1.1346415281295776,5008628
2001-04-27,1.266726016998291,1.3269399404525757,1.266726016998291,1.298840045928955,1.1013586521148682,1450574
2001-04-30,1.3425509929656982,1.5365740060806274,1.3425509929656982,1.533452033996582,1.3002986907958984,3452680
2001-05-01,1.5365740060806274,1.6079390048980713,1.449599027633667,1.6012489795684814,1.3577877283096313,2481894
2001-05-02,1.632470965385437,1.6837639808654785,1.5454950332641602,1.6119539737701416,1.3668650388717651,3046878
2001-05-03,1.5677969455718994,1.5677969455718994,1.5089210271835327,1.5526319742202759,1.316562294960022,3197092
2001-05-04,1.5388050079345703,1.6413919925689697,1.532114028930664,1.6302410364151,1.3823715448379517,3176914
2001-05-07,1.6614630222320557,1.737287998199463,1.6382689476013184,1.6993759870529175,1.4409949779510498,2286840
2001-05-08,1.7261370420455933,1.7395180463790894,1.6257810592651367,1.6592329740524292,1.406955361366272,4017664
2001-05-09,1.5499550104141235,1.5566459894180298,1.5057979822158813,1.5249780416488647,1.2931132316589355,2737482
2001-05-10,1.536128044128418,1.5544159412384033,1.5165029764175415,1.5165029764175415,1.285926342010498,1504382
2001-05-11,1.5165029764175415,1.5165029764175415,1.4977699518203735,1.4982160329818726,1.2704204320907593,1017868
2001-05-14,1.4977699518203735,1.4977699518203735,1.4339879751205444,1.446921944618225,1.2269251346588135,540322
2001-05-15,1.4942020177841187,1.603479027748108,1.4942020177841187,1.5936659574508667,1.351357340812683,5300088
2001-05-16,1.5878679752349854,1.649865984916687,1.5633360147476196,1.6373770236968994,1.3884223699569702,1262246
2001-05-17,1.6413919925689697,1.6480820178985596,1.6057089567184448,1.6226580142974854,1.3759417533874512,780216
2001-05-18,1.6146299839019775,1.6480820178985596,1.6057089567184448,1.616860032081604,1.3710252046585083,1697194
2001-05-21,1.632470965385437,1.6583410501480103,1.632470965385437,1.6418379545211792,1.392204999923706,1073918
2001-05-22,1.6614630222320557,1.6815340518951416,1.632470965385437,1.6387150287628174,1.3895567655563354,1932604
2001-05-23,1.652541995048523,1.653880000114441,1.648527979850769,1.648527979850769,1.3978780508041382,1253278
2001-05-24,1.6592329740524292,1.6752899885177612,1.6592329740524292,1.6668150424957275,1.4133846759796143,591888
2001-05-25,1.6717220544815063,1.6721680164337158,1.6280109882354736,1.6703840494155884,1.4164113998413086,437190
2001-05-29,1.6859949827194214,1.7060660123825073,1.6726139783859253,1.6793040037155151,1.4239743947982788,1114274
2001-05-30,1.6503119468688965,1.6503119468688965,1.5669050216674805,1.6101690530776978,1.3653514385223389,4329302
2001-05-31,1.6057089567184448,1.6101690530776978,1.6057089567184448,1.6061550378799438,1.3619474172592163,894558
2001-06-01,1.6061550378799438,1.6061550378799438,1.5744869709014893,1.5954500436782837,1.3528704643249512,822814
2001-06-04,1.583407998085022,1.583407998085022,1.4955400228500366,1.5075830221176147,1.2783631086349487,2535702
2001-06-05,1.4808210134506226,1.5142730474472046,1.4629789590835571,1.5107049942016602,1.2810100317001343,1582852
2001-06-06,1.5218549966812134,1.5544159412384033,1.5080289840698242,1.5156110525131226,1.2851704359054565,495482
2001-06-07,1.5209629535675049,1.5789469480514526,1.5209629535675049,1.5566459894180298,1.3199663162231445,908010
2001-06-08,1.5677969455718994,1.5700269937515259,1.5410350561141968,1.5428190231323242,1.3082414865493774,405802
2001-06-11,1.5432649850845337,1.5619980096817017,1.5432649850845337,1.5521860122680664,1.316184401512146,235410
2001-06-12,1.6057089567184448,1.629794955253601,1.599465012550354,1.6293489933013916,1.3816148042678833,542564
2001-06-13,1.6293489933013916,1.6547729969024658,1.6293489933013916,1.6462980508804321,1.3959872722625732,412528
2001-06-14,1.6382689476013184,1.6382689476013184,1.5499550104141235,1.5499550104141235,1.3142929077148438,446158
2001-06-15,1.5388050079345703,1.5392509698867798,1.4183759689331055,1.4264049530029297,1.209527850151062,2941504
2001-06-18,1.4264049530029297,1.4264049530029297,1.3916150331497192,1.3916150331497192,1.1800276041030884,1246552
2001-06-19,1.4161460399627686,1.4429080486297607,1.4094560146331787,1.4188220500946045,1.2030973434448242,2423602
2001-06-20,1.413915991783142,1.413915991783142,1.383139967918396,1.3938449621200562,1.1819182634353638,1183776
2001-06-21,1.3969670534133911,1.3969670534133911,1.38715398311615,1.3938449621200562,1.1819182634353638,313880
2001-06-22,1.3782340288162231,1.3782340288162231,1.3380910158157349,1.3385369777679443,1.1350194215774536,2020042
2001-06-25,1.2934880256652832,1.2934880256652832,1.1083849668502808,1.1815340518951416,1.0018882751464844,4820300
2001-06-26,1.1926850080490112,1.2488850355148315,1.1926850080490112,1.246654987335205,1.0571074485778809,1712888
2001-06-27,1.2484389543533325,1.2586979866027832,1.2377339601516724,1.2488850355148315,1.0589988231658936,717440
2001-06-28,1.2488850355148315,1.2573599815368652,1.233273983001709,1.2462090253829956,1.056730031967163,3105170
2001-06-29,1.2573599815368652,1.2573599815368652,1.2439789772033691,1.247992992401123,1.0582422018051147,1114274
2001-07-02,1.2042820453643799,1.2042820453643799,1.1239960193634033,1.1552189588546753,0.9795742630958557,2385488
2001-07-03,1.1146299839019775,1.128456950187683,1.1070469617843628,1.115075945854187,0.9455346465110779,2934778
2001-07-05,1.115075945854187,1.115075945854187,1.1061550378799438,1.114184021949768,0.9447784423828125,1659080
2001-07-06,1.1039249897003174,1.1106159687042236,1.0927740335464478,1.0990190505981445,0.9319189190864563,1163598
2001-07-09,1.0990190505981445,1.101694941520691,1.0985729694366455,1.1012489795684814,0.9338098764419556,569468
2001-07-10,1.135146975517273,1.1373770236968994,1.1280109882354736,1.1280109882354736,0.9565027952194214,1311570
2001-07-11,1.1280109882354736,1.128456950187683,1.11953604221344,1.1280109882354736,0.9565027952194214,482030
2001-07-12,1.2399640083312988,1.2515610456466675,1.2355040311813354,1.2399640083312988,1.05143404006958,2118690
2001-07-13,1.2355040311813354,1.2386260032653809,1.199821949005127,1.199821949005127,1.0173953771591187,2049188
2001-07-16,1.2042820453643799,1.233273983001709,1.1775200366973877,1.2265830039978027,1.0400878190994263,4015422
2001-07-17,1.2203389406204224,1.2203389406204224,1.1931309700012207,1.199821949005127,1.0173953771591187,2468442
2001-07-18,1.282336950302124,1.28501296043396,1.2377339601516724,1.2457629442214966,1.0563511848449707,3329370
2001-07-19,1.2511149644851685,1.2845669984817505,1.2511149644851685,1.282336950302124,1.0873645544052124,2524492
2001-07-20,1.315788984298706,1.3269399404525757,1.3006240129470825,1.3028550148010254,1.1047627925872803,3730688
2001-07-23,1.2734169960021973,1.2778769731521606,1.2622660398483276,1.2671719789505005,1.0745052099227905,295944
2001-07-24,1.2622660398483276,1.2644959688186646,1.2484389543533325,1.2484389543533325,1.058620810508728,365446
2001-07-25,1.2497769594192505,1.2573599815368652,1.2488850355148315,1.252007007598877,1.0616459846496582,1051498
2001-07-26,1.252007007598877,1.2658339738845825,1.2488850355148315,1.2613739967346191,1.0695888996124268,3046878
2001-07-27,1.2613739967346191,1.2778769731521606,1.2613739967346191,1.2774310111999512,1.0832045078277588,302670
2001-07-30,1.2867980003356934,1.3470120429992676,1.2867980003356934,1.3398749828338623,1.1361539363861084,2672464
2001-07-31,1.371543049812317,1.4433540105819702,1.371543049812317,1.4433540105819702,1.223899245262146,6356070
2001-08-01,1.4433540105819702,1.466994047164917,1.4406780004501343,1.4652099609375,1.242432713508606,1874312
2001-08-02,1.4942020177841187,1.5521860122680664,1.4942020177841187,1.5383590459823608,1.304459810256958,2114206
2001-08-03,1.4942020177841187,1.4942020177841187,1.4317569732666016,1.449599027633667,1.229195475578308,2398940
2001-08-06,1.449599027633667,1.4585189819335938,1.4429080486297607,1.451828956604004,1.231086254119873,1358652
2001-08-07,1.4433540105819702,1.4607490301132202,1.4116859436035156,1.4446920156478882,1.2250343561172485,4152184
2001-08-08,1.4335410594940186,1.4718999862670898,1.4272969961166382,1.4487069845199585,1.2284387350082397,3275562
2001-08-09,1.4451379776000977,1.449599027633667,1.4429080486297607,1.449599027633667,1.229195475578308,1026836
2001-08-10,1.3626229763031006,1.4027650356292725,1.3626229763031006,1.3987510204315186,1.1860783100128174,1179292
2001-08-13,1.371543049812317,1.3893840312957764,1.371543049812317,1.383139967918396,1.1728405952453613,701746
2001-08-14,1.4049960374832153,1.4272969961166382,1.4049960374832153,1.4214990139007568,1.2053675651550293,872138
2001-08-15,1.449599027633667,1.449599027633667,1.4161460399627686,1.4161460399627686,1.2008284330368042,381140
2001-08-16,1.416592001914978,1.4384479522705078,1.413915991783142,1.4339879751205444,1.2159579992294312,1051498
2001-08-17,1.3916150331497192,1.4067800045013428,1.3916150331497192,1.4067800045013428,1.192886471748352,506692
2001-08-20,1.364853024482727,1.3760039806365967,1.3603930473327637,1.3693130016326904,1.161116361618042,282492
2001-08-21,1.3693130016326904,1.38715398311615,1.3693130016326904,1.3773419857025146,1.1679245233535767,170392
2001-08-22,1.3760039806365967,1.3826940059661865,1.367082953453064,1.3777879476547241,1.1683028936386108,338542
2001-08-23,1.3537019491195679,1.4027650356292725,1.3537019491195679,1.383139967918396,1.1728405952453613,271282
2001-08-24,1.4384479522705078,1.4616409540176392,1.4317569732666016,1.4585189819335938,1.236758828163147,627760
2001-08-27,1.4629789590835571,1.4875110387802124,1.4629789590835571,1.4763599634170532,1.251887321472168,538080
2001-08-28,1.4585189819335938,1.4607490301132202,1.4384479522705078,1.4384479522705078,1.2197396755218506,295944
2001-08-29,1.449599027633667,1.4571809768676758,1.449599027633667,1.4571809768676758,1.2356241941452026,325090
2001-08-30,1.4571809768676758,1.4763599634170532,1.449599027633667,1.4607490301132202,1.238649606704712,1786874
2001-08-31,1.4540590047836304,1.4540590047836304,1.4451379776000977,1.4513829946517944,1.2307077646255493,1096338
2001-09-04,1.4585189819335938,1.4919710159301758,1.4585189819335938,1.4857269525527954,1.2598299980163574,867654
2001-09-05,1.4406780004501343,1.4451379776000977,1.413915991783142,1.4250669479370117,1.2083930969238281,876622
2001-09-06,1.3938449621200562,1.3956290483474731,1.3840320110321045,1.3840320110321045,1.1735973358154297,1118758
2001-09-07,1.3938449621200562,1.398305058479309,1.3884919881820679,1.3916150331497192,1.1800276041030884,1818262
2001-09-10,1.3826940059661865,1.3826940059661865,1.367082953453064,1.3719890117645264,1.1633853912353516,159182
2001-09-17,1.048171043395996,1.1306869983673096,1.0370210409164429,1.0655659437179565,0.903552234172821,2295808
2001-09-18,1.0660120248794556,1.0883140563964844,1.0347900390625,1.0347900390625,0.8774557113647461,858686
2001-09-19,0.9188219904899597,0.9214990139007568,0.8563780188560486,0.8742190003395081,0.7412987351417542,6439024
2001-09-20,0.8363069891929626,0.8532559871673584,0.8251559734344482,0.8251559734344482,0.6996952295303345,1692710
2001-09-21,0.8206959962844849,0.8251559734344482,0.7578060030937195,0.7578060030937195,0.6425855755805969,1733066
2001-09-24,0.9848350286483765,0.9848350286483765,0.9500449895858765,0.9634259939193726,0.8169423937797546,2082818
2001-09-25,0.9545050263404846,0.9558429718017578,0.9188219904899597,0.9255130290985107,0.7847937345504761,2035736
2001-09-26,1.0704729557037354,1.0704729557037354,0.9991080164909363,1.013381004333496,0.859301745891571,4360690
2001-09-27,0.9478139877319336,0.9678859710693359,0.8429970145225525,0.9099019765853882,0.7715560793876648,2925810
2001-09-28,0.958965003490448,0.9705619812011719,0.9174839854240417,0.9455839991569519,0.801813006401062,1486446
2001-10-01,0.9433540105819702,0.9433540105819702,0.9170380234718323,0.9255130290985107,0.7847937345504761,224200
2001-10-02,0.9255130290985107,0.9299730062484741,0.9210529923439026,0.9232829809188843,0.7829026579856873,58292
2001-10-03,0.8363069891929626,0.905888020992279,0.8363069891929626,0.9032109975814819,0.7658824324607849,3232964
2001-10-04,0.9036570191383362,0.9344339966773987,0.8942909836769104,0.9304190278053284,0.7889537215232849,1744276
2001-10-05,0.9304190278053284,0.9322029948234558,0.8876000046730042,0.9099019765853882,0.7715560793876648,1995380
2001-10-08,0.8697590231895447,0.8920609951019287,0.8608390092849731,0.8813560009002686,0.7473505735397339,392350
2001-10-09,0.8786799907684326,0.8786799907684326,0.858161985874176,0.8586080074310303,0.728061318397522,4472790
2001-10-10,0.8920609951019287,0.9745759963989258,0.8920609951019287,0.9482600092887878,0.8040820956230164,4726136
2001-10-11,0.958965003490448,1.063781976699829,0.958965003490448,1.0593219995498657,0.8982576727867126,4961546
2001-10-12,1.014719009399414,1.0169490575790405,0.9710080027580261,0.9973239898681641,0.845686137676239,2526734
2001-10-15,0.9768059849739075,0.9768059849739075,0.9594110250473022,0.9594110250473022,0.8135378360748291,831782
2001-10-16,1.0325599908828735,1.0793930292129517,1.0236400365829468,1.0664589405059814,0.9043094515800476,1827230
2001-10-17,1.1039249897003174,1.1061550378799438,1.0615520477294922,1.0619980096817017,0.9005270600318909,1394524
2001-10-18,1.014719009399414,1.0151649713516235,1.0049060583114624,1.0124889612197876,0.8585453629493713,1233100
2001-10-19,1.0347900390625,1.048171043395996,1.0347900390625,1.0392509698867798,0.8812384009361267,2210612
2001-10-22,1.0392509698867798,1.063781976699829,1.021409034729004,1.0392509698867798,0.8812384009361267,990964
2001-10-23,1.050400972366333,1.0593219995498657,1.0459409952163696,1.0548620223999023,0.8944756388664246,542564
2001-10-24,1.048171043395996,1.0486170053482056,1.0437109470367432,1.048171043395996,0.888802170753479,336300
2001-10-25,1.036128044128418,1.048171043395996,1.030329942703247,1.048171043395996,0.888802170753479,439432
2001-10-26,1.0437109470367432,1.050400972366333,1.0414810180664062,1.048171043395996,0.888802170753479,266798
2001-10-29,1.0459409952163696,1.0459409952163696,1.0169490575790405,1.01739501953125,0.8627054691314697,697262
2001-10-30,0.9545050263404846,0.9545050263404846,0.9255130290985107,0.9299730062484741,0.7885755896568298,1345200
2001-10-31,0.9901869893074036,1.0022300481796265,0.9901869893074036,0.9982159733772278,0.8464425802230835,2044704
2001-11-01,0.9910789728164673,0.9910789728164673,0.9678859710693359,0.9727920293807983,0.824884295463562,2463958
2001-11-02,0.9522749781608582,0.9540590047836304,0.9473680257797241,0.9473680257797241,0.8033256530761719,179360
2001-11-05,0.9455839991569519,0.9924169778823853,0.9455839991569519,0.9901869893074036,0.839634358882904,630002
2001-11-06,1.0035680532455444,1.0347900390625,1.0035680532455444,1.0325599908828735,0.8755647540092468,746586
2001-11-07,1.0035680532455444,1.021409034729004,1.001338005065918,1.001338005065918,0.8490898609161377,1096338
2001-11-08,0.9968780279159546,1.014719009399414,0.981266975402832,0.981266975402832,0.8320706486701965,1860860
2001-11-09,0.981266975402832,0.9879570007324219,0.9701160192489624,0.9821590185165405,0.8328270316123962,1044772
2001-11-12,0.9924169778823853,0.9924169778823853,0.9598569869995117,0.9701160192489624,0.8226150870323181,961818
2001-11-13,1.0035680532455444,1.0057979822158813,0.9678859710693359,0.9741299748420715,0.8260186910629272,1186018
2001-11-14,0.981266975402832,1.0102590322494507,0.9808210134506226,0.9910789728164673,0.8403907418251038,1874312
2001-11-15,1.1418379545211792,1.1949150562286377,1.1217659711837769,1.1779659986495972,0.9988624453544617,5250764
2001-11-16,1.1797499656677246,1.2363959550857544,1.1797499656677246,1.2221230268478394,1.0363059043884277,2549154
2001-11-19,1.2711859941482544,1.3693130016326904,1.2711859941482544,1.3559319972991943,1.14976966381073,5223860
2001-11-20,1.315788984298706,1.331400990486145,1.2948260307312012,1.2948260307312012,1.0979547500610352,1878796
2001-11-21,1.2979480028152466,1.3380910158157349,1.2979480028152466,1.3336310386657715,1.1308597326278687,887832
2001-11-23,1.315788984298706,1.3380910158157349,1.315788984298706,1.3380910158157349,1.1346415281295776,244378
2001-11-26,1.449599027633667,1.5557539463043213,1.4451379776000977,1.5410350561141968,1.3067289590835571,3017732
2001-11-27,1.5521860122680664,1.5936659574508667,1.5388050079345703,1.5936659574508667,1.351357340812683,3806916
2001-11-28,1.5388050079345703,1.5388050079345703,1.5053520202636719,1.5066900253295898,1.2776058912277222,1856376
2001-11-29,1.5165029764175415,1.5883140563964844,1.5165029764175415,1.5789469480514526,1.338876485824585,3479584
2001-11-30,1.5767170190811157,1.5767170190811157,1.5388050079345703,1.5401430130004883,1.3059724569320679,1116516
2001-12-03,1.5388050079345703,1.5767170190811157,1.5388050079345703,1.5570919513702393,1.32034432888031,1374346
2001-12-04,1.6057089567184448,1.6949150562286377,1.6057089567184448,1.6949150562286377,1.437212586402893,1374346
2001-12-05,1.750669002532959,1.8537019491195679,1.750669002532959,1.8291699886322021,1.5510542392730713,1472994
2001-12-06,1.8064229488372803,1.8599460124969482,1.7845669984817505,1.8398749828338623,1.5601320266723633,2712820
2001-12-07,1.8398749828338623,1.9067800045013428,1.8398749828338623,1.8603930473327637,1.577530026435852,858686
2001-12-10,1.7283680438995361,1.7618199586868286,1.6748440265655518,1.6748440265655518,1.4201927185058594,3463890
2001-12-11,1.6628010272979736,1.7194470167160034,1.632470965385437,1.7056200504302979,1.446289300918579,2777838
2001-12-12,1.7399640083312988,1.8064229488372803,1.7399640083312988,1.7591439485549927,1.4916752576828003,831782
2001-12-13,1.6971449851989746,1.7060660123825073,1.6146299839019775,1.6146299839019775,1.3691344261169434,1856376
2001-12-14,1.6257810592651367,1.6681530475616455,1.5945580005645752,1.6681530475616455,1.4145196676254272,845234
2001-12-17,1.7395180463790894,1.7395180463790894,1.6726139783859253,1.717216968536377,1.4561234712600708,730892
2001-12-18,1.6614630222320557,1.7885819673538208,1.6614630222320557,1.7885819673538208,1.5166374444961548,1076160
2001-12-19,1.7774310111999512,1.7774310111999512,1.7091879844665527,1.7417479753494263,1.4769245386123657,1192744
2001-12-20,1.7484389543533325,1.7595900297164917,1.6592329740524292,1.6592329740524292,1.406955361366272,769006
2001-12-21,1.6949150562286377,1.717216968536377,1.6507580280303955,1.6668150424957275,1.4133846759796143,883348
2001-12-24,1.6926850080490112,1.6949150562286377,1.6859949827194214,1.6926850080490112,1.4353212118148804,150214
2001-12-26,1.6882250308990479,1.6882250308990479,1.645851969718933,1.645851969718933,1.3956090211868286,311638
2001-12-27,1.6106159687042236,1.6106159687042236,1.5084749460220337,1.5454950332641602,1.3105107545852661,1914668
2001-12-28,1.5722570419311523,1.6235500574111938,1.5619980096817017,1.6057089567184448,1.3615692853927612,1194986
2001-12-31,1.6547729969024658,1.6726139783859253,1.6213200092315674,1.632470965385437,1.3842625617980957,1033562
2002-01-02,1.632470965385437,1.6489739418029785,1.6280109882354736,1.6400539875030518,1.3906924724578857,125552
2002-01-03,1.6503119468688965,1.701606035232544,1.6503119468688965,1.6949150562286377,1.437212586402893,795910
2002-01-04,1.7618199586868286,1.8175740242004395,1.7618199586868286,1.7957179546356201,1.5226882696151733,854202
2002-01-07,1.8398749828338623,1.9625329971313477,1.8385369777679443,1.868867039680481,1.5847153663635254,2233032
2002-01-08,1.8733270168304443,1.8777879476547241,1.8554860353469849,1.8621770143508911,1.579042911529541,1017868
2002-01-09,1.8733270168304443,1.8733270168304443,1.8131129741668701,1.8264939785003662,1.5487852096557617,993206
2002-01-10,1.7395180463790894,1.7395180463790894,1.6057089567184448,1.6578949689865112,1.4058208465576172,2472926
2002-01-11,1.6583410501480103,1.6717220544815063,1.6173059940338135,1.6614630222320557,1.4088464975357056,800394
2002-01-14,1.7395180463790894,1.7426400184631348,1.667261004447937,1.6944689750671387,1.4368340969085693,549290
2002-01-15,1.6904549598693848,1.7056200504302979,1.684211015701294,1.7056200504302979,1.446289300918579,430464
2002-01-16,1.7283680438995361,1.7395180463790894,1.6726139783859253,1.6726139783859253,1.4183021783828735,1795842
2002-01-17,1.7395180463790894,1.7395180463790894,1.71498703956604,1.7261370420455933,1.4636871814727783,744344
2002-01-18,1.6503119468688965,1.6503119468688965,1.5499550104141235,1.5744869709014893,1.335094928741455,2609688
2002-01-22,1.5838539600372314,1.5923279523849487,1.5388050079345703,1.5579839944839478,1.3211007118225098,387866
2002-01-23,1.6057089567184448,1.6057089567184448,1.5276540517807007,1.5611059665679932,1.3237484693527222,450642
2002-01-24,1.5606600046157837,1.5811779499053955,1.5606600046157837,1.5615520477294922,1.3241262435913086,818330
2002-01-25,1.5392509698867798,1.5789469480514526,1.5392509698867798,1.5744869709014893,1.335094928741455,374414
2002-01-28,1.5744869709014893,1.5744869709014893,1.5165029764175415,1.5521860122680664,1.316184401512146,860928
2002-01-29,1.5562000274658203,1.5562000274658203,1.5432649850845337,1.5432649850845337,1.3086193799972534,67260
2002-01-30,1.5432649850845337,1.5432649850845337,1.3826940059661865,1.4718999862670898,1.2481054067611694,3771044
2002-01-31,1.5165029764175415,1.5611059665679932,1.5165029764175415,1.5611059665679932,1.3237484693527222,757796
2002-02-01,1.5606600046157837,1.5655659437179565,1.5544159412384033,1.5597679615020752,1.3226135969161987,266798
2002-02-04,1.548171043395996,1.5588760375976562,1.5209629535675049,1.521409034729004,1.2900868654251099,591888
2002-02-05,1.5165029764175415,1.5459409952163696,1.5165029764175415,1.5454950332641602,1.3105107545852661,201780
2002-02-06,1.6074930429458618,1.6592329740524292,1.6074930429458618,1.619089961051941,1.3729161024093628,1685984
2002-02-07,1.547724962234497,1.701159954071045,1.5432649850845337,1.547724962234497,1.3124017715454102,224200
2002-02-08,1.5588760375976562,1.5611059665679932,1.5388050079345703,1.5611059665679932,1.3237484693527222,284734
2002-02-11,1.5722570419311523,1.5900980234146118,1.5396970510482788,1.5900980234146118,1.3483322858810425,551532
2002-02-12,1.6280109882354736,1.6369309425354004,1.6061550378799438,1.6280109882354736,1.3804808855056763,269040
2002-02-13,1.616860032081604,1.616860032081604,1.6146299839019775,1.615522027015686,1.369890570640564,134520
2002-02-14,1.6369309425354004,1.6436220407485962,1.6057089567184448,1.6436220407485962,1.3937180042266846,589646
2002-02-15,1.6480820178985596,1.6480820178985596,1.583407998085022,1.6052629947662354,1.3611912727355957,372172
2002-02-19,1.5566459894180298,1.5722570419311523,1.5566459894180298,1.5566459894180298,1.3199663162231445,1266730
2002-02-20,1.5606600046157837,1.5945580005645752,1.5606600046157837,1.5945580005645752,1.352113962173462,212990
2002-02-21,1.6057089567184448,1.668599009513855,1.6057089567184448,1.668599009513855,1.4148974418640137,2358584
2002-02-22,1.6636929512023926,1.6641390323638916,1.6570030450820923,1.6570030450820923,1.4050644636154175,105374
2002-02-25,1.645851969718933,1.645851969718933,1.6280109882354736,1.6347010135650635,1.3861536979675293,535838
2002-02-26,1.6391609907150269,1.6570030450820923,1.6391609907150269,1.6503119468688965,1.399390459060669,248862
2002-02-27,1.6507580280303955,1.6859949827194214,1.6480820178985596,1.683318018913269,1.4273786544799805,1029078
2002-02-28,1.6280109882354736,1.6280109882354736,1.616413950920105,1.6235500574111938,1.3766975402832031,437190
2002-03-01,1.6516499519348145,1.7038359642028809,1.6391609907150269,1.6931309700012207,1.4356993436813354,1253278
2002-03-04,1.7283680438995361,1.8153430223464966,1.7221230268478394,1.8153430223464966,1.5393298864364624,955092
2002-03-05,1.8041930198669434,1.8198039531707764,1.801962971687317,1.8108830451965332,1.5355479717254639,607582
2002-03-06,1.8510260581970215,1.8510260581970215,1.8108830451965332,1.8117749691009521,1.5363041162490845,1694952
2002-03-07,1.835415005683899,1.864406943321228,1.8242640495300293,1.8242640495300293,1.5468943119049072,1997622
2002-03-08,1.8510260581970215,1.865744948387146,1.8465659618377686,1.8586080074310303,1.5760165452957153,930430
2002-03-11,1.801962971687317,1.9290809631347656,1.7966099977493286,1.9290809631347656,1.6357743740081787,1412460
2002-03-12,1.9223910570144653,1.9228370189666748,1.784121036529541,1.8215880393981934,1.5446250438690186,1811536
2002-03-13,1.8041930198669434,1.8041930198669434,1.7729710340499878,1.797502040863037,1.524201512336731,320606
2002-03-14,1.797055959701538,1.797502040863037,1.7952719926834106,1.7952719926834106,1.5223103761672974,340784
2002-03-15,1.7952719926834106,1.7952719926834106,1.7769850492477417,1.7769850492477417,1.5068036317825317,791426
2002-03-18,1.7881360054016113,1.7881360054016113,1.770740032196045,1.7774310111999512,1.507182240486145,1585094
2002-03-19,1.7609280347824097,1.7609280347824097,1.7390719652175903,1.7390719652175903,1.4746557474136353,484272
2002-03-20,1.7390719652175903,1.7390719652175903,1.6837639808654785,1.6949150562286377,1.437212586402893,795910
2002-03-21,1.717216968536377,1.7368420362472534,1.698037028312683,1.7167710065841675,1.4557452201843262,419254
2002-03-22,1.717216968536377,1.7230149507522583,1.7082959413528442,1.719001054763794,1.4576358795166016,89680
2002-03-25,1.7216769456863403,1.7216769456863403,1.7082959413528442,1.716325044631958,1.4553669691085815,616550
2002-03-26,1.6949150562286377,1.7051739692687988,1.6868870258331299,1.6868870258331299,1.4304052591323853,432706
2002-03-27,1.6868870258331299,1.6953610181808472,1.6868870258331299,1.6904549598693848,1.4334301948547363,482030
2002-03-28,1.6984829902648926,1.6984829902648926,1.6605709791183472,1.6605709791183472,1.4080901145935059,412528
2002-04-01,1.6503119468688965,1.6726139783859253,1.645851969718933,1.665922999382019,1.412628412246704,1363136
2002-04-02,1.6654770374298096,1.6681530475616455,1.6610169410705566,1.6677069664001465,1.4141408205032349,408044
2002-04-03,1.6677069664001465,1.6677069664001465,1.5677969455718994,1.5744869709014893,1.335094928741455,1457300
2002-04-04,1.6503119468688965,1.6717220544815063,1.6280109882354736,1.6494200229644775,1.398634433746338,1867586
2002-04-05,1.6480820178985596,1.648527979850769,1.616860032081604,1.6347010135650635,1.3861536979675293,706230
2002-04-08,1.5945580005645752,1.6217659711837769,1.583407998085022,1.596789002418518,1.3540059328079224,1224132
2002-04-09,1.5758249759674072,1.5851919651031494,1.5758249759674072,1.5838539600372314,1.3430373668670654,161424
2002-04-10,1.6503119468688965,1.7060660123825073,1.6503119468688965,1.7033900022506714,1.4443986415863037,813846
2002-04-11,1.7033900022506714,1.7261370420455933,1.6949150562286377,1.7038359642028809,1.4447767734527588,1858618
2002-04-12,1.632470965385437,1.6333630084991455,1.619089961051941,1.6280109882354736,1.3804808855056763,1060466
2002-04-15,1.616860032081604,1.616860032081604,1.596789002418518,1.601694941520691,1.3581655025482178,345268
2002-04-16,1.615075945854187,1.6636929512023926,1.615075945854187,1.6440680027008057,1.3940962553024292,1013384
2002-04-17,1.667261004447937,1.7167710065841675,1.667261004447937,1.7127560377120972,1.4523407220840454,1071676
2002-04-18,1.717216968536377,1.7966099977493286,1.717216968536377,1.784121036529541,1.5128549337387085,1304844
2002-04-19,1.6057089567184448,1.6614630222320557,1.6030329465866089,1.6048170328140259,1.360813021659851,4331544
2002-04-22,1.5936659574508667,1.5936659574508667,1.5611059665679932,1.5923279523849487,1.3502228260040283,298186
2002-04-23,1.5923279523849487,1.5923279523849487,1.5432649850845337,1.548171043395996,1.3127797842025757,1443848
2002-04-24,1.5606600046157837,1.5611059665679932,1.5562000274658203,1.5562000274658203,1.3195879459381104,35872
2002-04-25,1.5388050079345703,1.5388050079345703,1.4919710159301758,1.4919710159301758,1.2651246786117554,914736
2002-04-26,1.4897409677505493,1.4933099746704102,1.4718999862670898,1.4718999862670898,1.2481054067611694,1078402
2002-04-29,1.4718999862670898,1.4808210134506226,1.4718999862670898,1.4790370464324951,1.2541570663452148,29146
2002-04-30,1.4808210134506226,1.5049060583114624,1.480375051498413,1.5049060583114624,1.2760928869247437,473062
2002-05-01,1.5053520202636719,1.5053520202636719,1.485280990600586,1.4879570007324219,1.261720895767212,280250
2002-05-02,1.485280990600586,1.485280990600586,1.4843889474868774,1.4843889474868774,1.2586956024169922,495482
2002-05-03,1.4732379913330078,1.4732379913330078,1.4116859436035156,1.4264049530029297,1.209527850151062,2719546
2002-05-06,1.4375560283660889,1.4375560283660889,1.413915991783142,1.4201610088348389,1.204233169555664,887832
2002-05-07,1.4264049530029297,1.4718999862670898,1.4250669479370117,1.4607490301132202,1.238649606704712,842992
2002-05-08,1.5165029764175415,1.5388050079345703,1.4875110387802124,1.5165029764175415,1.285926342010498,520144
2002-05-09,1.516057014465332,1.5396970510482788,1.516057014465332,1.5383590459823608,1.304459810256958,125552
2002-05-10,1.5165029764175415,1.5165029764175415,1.4915250539779663,1.4915250539779663,1.2647465467453003,264556
2002-05-13,1.4919710159301758,1.5124889612197876,1.4919710159301758,1.5075830221176147,1.2783631086349487,190570
2002-05-14,1.5142730474472046,1.5209629535675049,1.5120429992675781,1.5142730474472046,1.2840358018875122,1715130
2002-05-15,1.5142730474472046,1.596789002418518,1.5142730474472046,1.5869760513305664,1.3456848859786987,997690
2002-05-16,1.549509048461914,1.549509048461914,1.5388050079345703,1.549509048461914,1.3139147758483887,105374
2002-05-17,1.5789469480514526,1.5789469480514526,1.5611059665679932,1.5611059665679932,1.3237484693527222,22420
2002-05-20,1.5499550104141235,1.5499550104141235,1.5276540517807007,1.5281000137329102,1.2957602739334106,556016
2002-05-21,1.5281000137329102,1.5281000137329102,1.5035680532455444,1.504014015197754,1.2753368616104126,186086
2002-05-22,1.4928640127182007,1.4928640127182007,1.3826940059661865,1.41525399684906,1.2000720500946045,2132142
2002-05-23,1.4272969961166382,1.4272969961166382,1.403210997581482,1.41525399684906,1.2000720500946045,966302
2002-05-24,1.4415700435638428,1.4714540243148804,1.4415700435638428,1.4647639989852905,1.2420545816421509,369930
2002-05-28,1.4183759689331055,1.4206069707870483,1.4072259664535522,1.4206069707870483,1.2046114206314087,363204
2002-05-29,1.4268510341644287,1.4268510341644287,1.4049960374832153,1.4161460399627686,1.2008284330368042,497724
2002-05-30,1.4156999588012695,1.4156999588012695,1.3898309469223022,1.3898309469223022,1.1785143613815308,174876
2002-05-31,1.384924054145813,1.384924054145813,1.3568240404129028,1.3572700023651123,1.1509041786193848,2300292
2002-06-03,1.3479039669036865,1.3550399541854858,1.3403209447860718,1.3403209447860718,1.1365324258804321,479788
2002-06-04,1.3425509929656982,1.3492419719696045,1.318019986152649,1.3215880393981934,1.1206477880477905,690536
2002-06-05,1.3269399404525757,1.351472020149231,1.3269399404525757,1.3425509929656982,1.138423204421997,443916
2002-06-06,1.3421050310134888,1.3425509929656982,1.3269399404525757,1.335415005683899,1.1323726177215576,508934
2002-06-07,1.3358609676361084,1.3380910158157349,1.3247100114822388,1.3358609676361084,1.1327507495880127,273524
2002-06-10,1.3603930473327637,1.4156999588012695,1.3603930473327637,1.4099019765853882,1.1955338716506958,1470752
2002-06-11,1.4161460399627686,1.4264049530029297,1.413915991783142,1.413915991783142,1.198938012123108,921462
2002-06-12,1.4134700298309326,1.413915991783142,1.4049960374832153,1.413915991783142,1.198938012123108,1107548
2002-06-13,1.4116859436035156,1.4250669479370117,1.4054419994354248,1.4054419994354248,1.1917519569396973,1878796
2002-06-14,1.3826940059661865,1.401872992515564,1.381801962852478,1.401872992515564,1.1887255907058716,1300360
2002-06-17,1.401872992515564,1.4188220500946045,1.4014270305633545,1.4183759689331055,1.2027193307876587,594130
2002-06-18,1.400534987449646,1.400534987449646,1.3603930473327637,1.3603930473327637,1.153552532196045,1064950
2002-06-19,1.3492419719696045,1.3492419719696045,1.335415005683899,1.3376450538635254,1.1342631578445435,307154
2002-06-20,1.3425509929656982,1.3537019491195679,1.3380910158157349,1.3434430360794067,1.1391797065734863,1047014
2002-06-21,1.3447810411453247,1.351472020149231,1.3407670259475708,1.3407670259475708,1.1369104385375977,396834
2002-06-24,1.3429969549179077,1.3429969549179077,1.315788984298706,1.3273860216140747,1.1255643367767334,2011074
2002-06-25,1.336753010749817,1.3470120429992676,1.3322930335998535,1.3322930335998535,1.1297248601913452,2739724
2002-06-26,1.3140050172805786,1.3140050172805786,1.2979480028152466,1.3028550148010254,1.1047627925872803,1300360
2002-06-27,1.3113290071487427,1.3202500343322754,1.3113290071487427,1.3162360191345215,1.1161092519760132,699504
2002-06-28,1.3269399404525757,1.3376450538635254,1.3269399404525757,1.336753010749817,1.1336992979049683,461852
2002-07-01,1.335415005683899,1.335415005683899,1.3046389818191528,1.3046389818191528,1.106463074684143,571710
2002-07-02,1.3050849437713623,1.3090989589691162,1.2979480028152466,1.3006240129470825,1.103058099746704,1768938
2002-07-03,1.2934880256652832,1.2939339876174927,1.2734169960021973,1.2747550010681152,1.0811182260513306,3824852
2002-07-05,1.2644959688186646,1.300178050994873,1.2644959688186646,1.300178050994873,1.102679967880249,1105306
2002-07-08,1.302409052848816,1.3028550148010254,1.2711859941482544,1.2943799495697021,1.0977624654769897,1026836
2002-07-09,1.2867980003356934,1.2939339876174927,1.2622660398483276,1.26761794090271,1.0750652551651,1304844
2002-07-10,1.2488850355148315,1.2600359916687012,1.245316982269287,1.2457629442214966,1.0565299987792969,1096338
2002-07-11,1.23238205909729,1.23238205909729,1.219892978668213,1.2203389406204224,1.0349681377410889,257830
2002-07-12,1.2132019996643066,1.2261370420455933,1.2132019996643066,1.216325044631958,1.0315641164779663,105374
2002-07-15,1.2042820453643799,1.2042820453643799,1.1708300113677979,1.1752899885177612,0.9967623949050903,336300
2002-07-16,1.1681530475616455,1.1953610181808472,1.1601250171661377,1.1909010410308838,1.0100020170211792,795910
2002-07-17,1.197590947151184,1.2109719514846802,1.1966990232467651,1.197590947151184,1.0156755447387695,710714
2002-07-18,1.1953610181808472,1.2065119743347168,1.181980013847351,1.181980013847351,1.0024361610412598,690536
2002-07-19,1.1507580280303955,1.1663689613342285,1.1507580280303955,1.1619089841842651,0.9854137897491455,647938
2002-07-22,1.1596790552139282,1.1601250171661377,1.1373770236968994,1.1373770236968994,0.964608371257782,547048
2002-07-23,1.1462980508804321,1.1462980508804321,1.1106159687042236,1.1106159687042236,0.9419122934341431,1872070
2002-07-24,1.115075945854187,1.115075945854187,1.1066009998321533,1.1106159687042236,0.9419122934341431,2528976
2002-07-25,1.1106159687042236,1.1106159687042236,1.0976810455322266,1.099465012550354,0.9324550032615662,1089612
2002-07-26,1.0816240310668945,1.0905439853668213,1.0798389911651611,1.0865299701690674,0.9214847683906555,378898
2002-07-29,1.0923279523849487,1.1012489795684814,1.0918819904327393,1.1003570556640625,0.9332118034362793,345268
2002-07-30,1.0950039625167847,1.0950039625167847,1.0709190368652344,1.0727030038833618,0.9097586274147034,535838
2002-07-31,1.0700269937515259,1.0700269937515259,1.048171043395996,1.0619980096817017,0.9006794691085815,217474
2002-08-01,1.048171043395996,1.048171043395996,1.0223020315170288,1.0223020315170288,0.8670133948326111,186086
2002-08-02,1.01739501953125,1.0245319604873657,1.0124889612197876,1.0223020315170288,0.8670133948326111,874380
2002-08-05,1.0111509561538696,1.0111509561538696,0.9910789728164673,0.9910789728164673,0.8405329585075378,215232
2002-08-06,0.9959859848022461,1.020071029663086,0.9959859848022461,1.0093669891357422,0.8560431003570557,569468
2002-08-07,1.014719009399414,1.0236400365829468,1.014719009399414,1.0236400365829468,0.8681482672691345,210748
2002-08-08,1.030329942703247,1.0838539600372314,1.030329942703247,1.0838539600372314,0.919215202331543,524628
2002-08-09,1.0816240310668945,1.1199820041656494,1.0776089429855347,1.1106159687042236,0.9419122934341431,1484204
2002-08-12,1.11284601688385,1.11284601688385,1.1003570556640625,1.1074930429458618,0.9392638206481934,374414
2002-08-13,1.1106159687042236,1.1106159687042236,1.10214102268219,1.1039249897003174,0.9362375736236572,183844
2002-08-14,1.099465012550354,1.101694941520691,1.0874220132827759,1.0945580005645752,0.9282934069633484,94164
2002-08-15,1.0950039625167847,1.099465012550354,1.0950039625167847,1.0958969593048096,0.929429292678833,65018
2002-08-16,1.0816240310668945,1.0816240310668945,1.0691349506378174,1.0695810317993164,0.9071105718612671,300428
2002-08-19,1.068688988685608,1.068688988685608,1.048171043395996,1.0615520477294922,0.900301456451416,410286
2002-08-20,1.0927740335464478,1.115075945854187,1.0927740335464478,1.1074930429458618,0.9392638206481934,434948
2002-08-21,1.1088310480117798,1.1404999494552612,1.1088310480117798,1.1404999494552612,0.9672567248344421,363204
2002-08-22,1.132917046546936,1.132917046546936,1.115522027015686,1.1217659711837769,0.951368510723114,269040
2002-08-23,1.1226580142974854,1.1373770236968994,1.1226580142974854,1.132917046546936,0.96082603931427,87438
2002-08-26,1.1596790552139282,1.1596790552139282,1.1373770236968994,1.1454060077667236,0.9714177250862122,242136
2002-08-27,1.134255051612854,1.134255051612854,1.1061550378799438,1.1061550378799438,0.9381293058395386,246620
2002-08-28,1.099465012550354,1.099465012550354,1.0704729557037354,1.0905439853668213,0.9248892068862915,116584
2002-08-29,1.0883140563964844,1.0945580005645752,1.0883140563964844,1.0927740335464478,0.9267805814743042,105374
2002-08-30,1.1596790552139282,1.1708300113677979,1.1489739418029785,1.1641390323638916,0.9873051643371582,616550
2002-09-03,1.132917046546936,1.134255051612854,1.128456950187683,1.132917046546936,0.96082603931427,244378
2002-09-04,1.1373770236968994,1.148527979850769,1.1373770236968994,1.1467440128326416,0.9725522398948669,504450
2002-09-05,1.1422840356826782,1.145851969718933,1.1418379545211792,1.1445139646530151,0.9706610441207886,522386
2002-09-06,1.132917046546936,1.1596790552139282,1.132917046546936,1.1596790552139282,0.9835224151611328,85196
2002-09-09,1.2600359916687012,1.2600359916687012,1.2109719514846802,1.2239069938659668,1.0379942655563354,1168082
2002-09-10,1.231044054031372,1.253345012664795,1.2288140058517456,1.253345012664795,1.0629609823226929,159182
2002-09-11,1.2488850355148315,1.2604819536209106,1.2444250583648682,1.2604819536209106,1.0690133571624756,876622
2002-09-12,1.2573599815368652,1.2573599815368652,1.246654987335205,1.246654987335205,1.0572868585586548,470820
2002-09-13,1.2265830039978027,1.2265830039978027,1.2065119743347168,1.217663049697876,1.0326988697052002,964060
2002-09-16,1.2065119743347168,1.2065119743347168,1.1962529420852661,1.1966990232467651,1.0149190425872803,511176
2002-09-17,1.2247990369796753,1.2421940565109253,1.2247990369796753,1.2399640083312988,1.0516122579574585,369930
2002-09-18,1.2042820453643799,1.231044054031372,1.2042820453643799,1.231044054031372,1.0440471172332764,251104
2002-09-19,1.213649034500122,1.2154330015182495,1.2074040174484253,1.2074040174484253,1.0239982604980469,179360
2002-09-20,1.2042820453643799,1.2069580554962158,1.2042820453643799,1.2069580554962158,1.0236200094223022,197296
2002-09-23,1.184211015701294,1.1895630359649658,1.184211015701294,1.1895630359649658,1.0088673830032349,215232
2002-09-24,1.1909010410308838,1.199821949005127,1.1895630359649658,1.1971449851989746,1.0152970552444458,183844
2002-09-25,1.233273983001709,1.2711859941482544,1.218554973602295,1.2711859941482544,1.0780916213989258,665874
2002-09-26,1.231044054031372,1.2573599815368652,1.231044054031372,1.2573599815368652,1.0663658380508423,260072
2002-09-27,1.2537909746170044,1.2551289796829224,1.2221230268478394,1.2221230268478394,1.036481261253357,484272
2002-09-30,1.2221230268478394,1.2381800413131714,1.2216769456863403,1.233273983001709,1.045938491821289,564984
2002-10-01,1.231044054031372,1.2399640083312988,1.2221230268478394,1.2399640083312988,1.0516122579574585,558258
2002-10-02,1.233273983001709,1.233273983001709,1.199821949005127,1.2060660123825073,1.0228639841079712,414770
2002-10-03,1.2265830039978027,1.2355040311813354,1.2132019996643066,1.2225689888000488,1.0368597507476807,524628
2002-10-04,1.217663049697876,1.217663049697876,1.2020519971847534,1.2056200504302979,1.0224848985671997,939398
2002-10-07,1.2042820453643799,1.2042820453643799,1.1909010410308838,1.1913470029830933,1.0103800296783447,795910
2002-10-08,1.2265830039978027,1.2488850355148315,1.2221230268478394,1.2488850355148315,1.059178113937378,551532
2002-10-09,1.2247990369796753,1.2265830039978027,1.199821949005127,1.199821949005127,1.0175679922103882,470820
2002-10-10,1.2355040311813354,1.2792149782180786,1.2350579500198364,1.2792149782180786,1.084901213645935,798152
2002-10-11,1.315788984298706,1.3728810548782349,1.315788984298706,1.3599460124969482,1.1533690690994263,970786
2002-10-14,1.3135590553283691,1.386262059211731,1.3135590553283691,1.3782340288162231,1.1688790321350098,890074
2002-10-15,1.3768960237503052,1.431311011314392,1.3768960237503052,1.4272969961166382,1.2104891538619995,1905700
2002-10-16,1.346119999885559,1.3893840312957764,1.346119999885559,1.380910038948059,1.1711483001708984,2331680
2002-10-17,1.4134700298309326,1.413915991783142,1.4049960374832153,1.4103480577468872,1.1961151361465454,1513350
2002-10-18,1.3425509929656982,1.4023189544677734,1.3425509929656982,1.38715398311615,1.1764440536499023,1538012
2002-10-21,1.300178050994873,1.346119999885559,1.2979480028152466,1.3403209447860718,1.136724829673767,1560432
2002-10-22,1.3113290071487427,1.315788984298706,1.3059769868850708,1.3059769868850708,1.1075977087020874,1551464
2002-10-23,1.3015170097351074,1.3046389818191528,1.2961640357971191,1.301962971687317,1.1041934490203857,248862
2002-10-24,1.2979480028152466,1.2979480028152466,1.2756470441818237,1.2774310111999512,1.0833879709243774,237652
2002-10-25,1.2711859941482544,1.2912579774856567,1.2711859941482544,1.281445026397705,1.0867923498153687,210748
2002-10-28,1.2444250583648682,1.26761794090271,1.2444250583648682,1.2671719789505005,1.0746872425079346,244378
2002-10-29,1.268955945968628,1.2952719926834106,1.268955945968628,1.2930419445037842,1.0966272354125977,224200
2002-10-30,1.2925959825515747,1.301962971687317,1.2921500205993652,1.300178050994873,1.102679967880249,401318
2002-10-31,1.2778769731521606,1.2845669984817505,1.2756470441818237,1.280107021331787,1.0856573581695557,688294
2002-11-01,1.2578059434890747,1.266726016998291,1.2551289796829224,1.2595900297164917,1.0682569742202759,2040220
2002-11-04,1.282336950302124,1.2912579774856567,1.2796610593795776,1.2908120155334473,1.0947365760803223,681568
2002-11-05,1.2912579774856567,1.2912579774856567,1.2867980003356934,1.2867980003356934,1.0913320779800415,378898
2002-11-06,1.2894740104675293,1.3224799633026123,1.2894740104675293,1.3202500343322754,1.1197028160095215,737618
2002-11-07,1.331400990486145,1.3336310386657715,1.3247100114822388,1.3296159505844116,1.1276462078094482,282492
2002-11-08,1.315788984298706,1.3224799633026123,1.3046389818191528,1.3046389818191528,1.106463074684143,773490
2002-11-11,1.2979480028152466,1.2979480028152466,1.2778769731521606,1.2778769731521606,1.083765983581543,181602
2002-11-12,1.3068690299987793,1.3492419719696045,1.302409052848816,1.3492419719696045,1.144290566444397,1470752
2002-11-13,1.3760039806365967,1.4049960374832153,1.3760039806365967,1.3916150331497192,1.180227279663086,1737550
2002-11-14,1.413915991783142,1.4652099609375,1.413915991783142,1.453613042831421,1.2328077554702759,1446090
2002-11-15,1.4718999862670898,1.5031219720840454,1.4718999862670898,1.498661994934082,1.271013855934143,1116516
2002-11-18,1.4451379776000977,1.4933099746704102,1.4451379776000977,1.483942985534668,1.2585302591323853,506692
2002-11-19,1.4718999862670898,1.4897409677505493,1.4718999862670898,1.4808210134506226,1.2558830976486206,612066
2002-11-20,1.4919710159301758,1.5249780416488647,1.4919710159301758,1.5231939554214478,1.2918193340301514,2623140
2002-11-21,1.5231939554214478,1.5584299564361572,1.5231939554214478,1.5468330383300781,1.311867356300354,2784564
2002-11-22,1.5049060583114624,1.5165029764175415,1.498661994934082,1.5098129510879517,1.2804707288742065,2809226
2002-11-25,1.4897409677505493,1.5388050079345703,1.4897409677505493,1.5209629535675049,1.2899272441864014,2392214
2002-11-26,1.5276540517807007,1.5276540517807007,1.5031219720840454,1.5075830221176147,1.2785799503326416,757796
2002-11-27,1.518733024597168,1.583407998085022,1.518733024597168,1.5713649988174438,1.3326725959777832,1318296
2002-11-29,1.5878679752349854,1.5963430404663086,1.5878679752349854,1.5954500436782837,1.3530994653701782,1898974
2002-12-02,1.6280109882354736,1.6503119468688965,1.6146299839019775,1.616860032081604,1.3712573051452637,1995380
2002-12-03,1.5945580005645752,1.5945580005645752,1.532114028930664,1.5446029901504517,1.3099761009216309,1369862
2002-12-04,1.4272969961166382,1.469223976135254,1.4183759689331055,1.4513829946517944,1.2309162616729736,1820504
2002-12-05,1.4562890529632568,1.4892950057983398,1.4562890529632568,1.468332052230835,1.2452911138534546,529112
2002-12-06,1.4718999862670898,1.498661994934082,1.4603029489517212,1.4946479797363281,1.2676094770431519,338542
2002-12-09,1.4607490301132202,1.469670057296753,1.4295270442962646,1.4304189682006836,1.2131367921829224,421496
2002-12-10,1.449599027633667,1.4718999862670898,1.449599027633667,1.4674400091171265,1.2445343732833862,896800
2002-12-11,1.4763599634170532,1.4942020177841187,1.4763599634170532,1.4942020177841187,1.2672312259674072,387866
2002-12-12,1.4950939416885376,1.5098129510879517,1.452275037765503,1.4527209997177124,1.2320512533187866,948366
2002-12-13,1.4942020177841187,1.498661994934082,1.485280990600586,1.4901870489120483,1.26382577419281,260072
2002-12-16,1.4924169778823853,1.5049060583114624,1.4754680395126343,1.4942020177841187,1.2672312259674072,876622
2002-12-17,1.4830509424209595,1.5,1.4718999862670898,1.4830509424209595,1.2577742338180542,293702
2002-12-18,1.4830509424209595,1.4830509424209595,1.4647639989852905,1.4763599634170532,1.2520993947982788,1004416
2002-12-19,1.4718999862670898,1.48260498046875,1.4607490301132202,1.481266975402832,1.2562607526779175,1322780
2002-12-20,1.478590965270996,1.4897409677505493,1.4710079431533813,1.481266975402832,1.2562607526779175,343026
2002-12-23,1.449599027633667,1.481266975402832,1.449599027633667,1.4718999862670898,1.2483168840408325,251104
2002-12-24,1.485280990600586,1.5098129510879517,1.4830509424209595,1.5098129510879517,1.2804707288742065,181602
2002-12-26,1.4942020177841187,1.531667947769165,1.4942020177841187,1.5276540517807007,1.2956022024154663,289218
2002-12-27,1.4942020177841187,1.518733024597168,1.4942020177841187,1.5156110525131226,1.2853883504867554,159182
2002-12-30,1.5044599771499634,1.5165029764175415,1.4942020177841187,1.4942020177841187,1.2672312259674072,248862
2002-12-31,1.5053520202636719,1.5098129510879517,1.4928640127182007,1.4942020177841187,1.2672312259674072,134520
2003-01-02,1.5272079706192017,1.5379129648208618,1.4763599634170532,1.4763599634170532,1.2520993947982788,396834
2003-01-03,1.4875110387802124,1.5218549966812134,1.4875110387802124,1.5115970373153687,1.2819839715957642,450642
2003-01-06,1.5276540517807007,1.5825159549713135,1.5209629535675049,1.5276540517807007,1.2956022024154663,616550
2003-01-07,1.5298839807510376,1.5825159549713135,1.5298839807510376,1.5802849531173706,1.340238332748413,428222
2003-01-08,1.5388050079345703,1.5544159412384033,1.5298839807510376,1.5410350561141968,1.306950330734253,679326
2003-01-09,1.5388050079345703,1.6052629947662354,1.5388050079345703,1.596789002418518,1.3542351722717285,786942
2003-01-10,1.4094560146331787,1.4718999862670898,1.4094560146331787,1.4652099609375,1.2426432371139526,2661254
2003-01-13,1.449599027633667,1.4718999862670898,1.449599027633667,1.4603029489517212,1.2384812831878662,390108
2003-01-14,1.4611949920654297,1.5004459619522095,1.4611949920654297,1.4897409677505493,1.2634474039077759,809362
2003-01-15,1.4942020177841187,1.5276540517807007,1.4942020177841187,1.5165029764175415,1.2861443758010864,1221890
2003-01-16,1.5165029764175415,1.5298839807510376,1.4942020177841187,1.4946479797363281,1.2676094770431519,1374346
2003-01-17,1.4228370189666748,1.4455840587615967,1.4049960374832153,1.4067800045013428,1.1930887699127197,928188
2003-01-21,1.398305058479309,1.398305058479309,1.3782340288162231,1.382248044013977,1.1722830533981323,609824
2003-01-22,1.3760039806365967,1.4009809494018555,1.3733270168304443,1.383139967918396,1.173039436340332,1952782
2003-01-23,1.3719890117645264,1.3719890117645264,1.3385369777679443,1.3470120429992676,1.1423994302749634,1190502
2003-01-24,1.3371989727020264,1.3371989727020264,1.2934880256652832,1.2943799495697021,1.0977624654769897,650180
2003-01-27,1.2845669984817505,1.2845669984817505,1.253345012664795,1.270293951034546,1.0773348808288574,495482
2003-01-28,1.3046389818191528,1.3380910158157349,1.2957179546356201,1.3380910158157349,1.1348334550857544,686052
2003-01-29,1.3068690299987793,1.3122210502624512,1.2867980003356934,1.301069974899292,1.1034358739852905,827298
2003-01-30,1.3269399404525757,1.3269399404525757,1.28501296043396,1.28501296043396,1.0898184776306152,289218
2003-01-31,1.28501296043396,1.2925959825515747,1.2845669984817505,1.2912579774856567,1.0951147079467773,280250
2003-02-03,1.3358609676361084,1.3465659618377686,1.3296159505844116,1.3305079936981201,1.1284022331237793,251104
2003-02-04,1.3438889980316162,1.3438889980316162,1.3090989589691162,1.316681981086731,1.116676926612854,212990
2003-02-05,1.3309550285339355,1.351472020149231,1.3162360191345215,1.3215880393981934,1.1208378076553345,912494
2003-02-06,1.3447810411453247,1.354148030281067,1.3425509929656982,1.3483500480651855,1.143534541130066,578436
2003-02-07,1.3380910158157349,1.3492419719696045,1.3380910158157349,1.3447810411453247,1.140507459640503,289218
2003-02-10,1.3336310386657715,1.3336310386657715,1.3064229488372803,1.3135590553283691,1.1140282154083252,540322
2003-02-11,1.3068690299987793,1.315788984298706,1.2921500205993652,1.2934880256652832,1.0970059633255005,1020110
2003-02-12,1.3046389818191528,1.3059769868850708,1.2992860078811646,1.3028550148010254,1.1049500703811646,60534
2003-02-13,1.3028550148010254,1.3046389818191528,1.285459041595459,1.2943799495697021,1.0977624654769897,973028
2003-02-14,1.3090989589691162,1.3090989589691162,1.280107021331787,1.302409052848816,1.10457181930542,150214
2003-02-18,1.3247100114822388,1.346119999885559,1.3247100114822388,1.3403209447860718,1.136724829673767,847476
2003-02-19,1.3363070487976074,1.3425509929656982,1.3331849575042725,1.3358609676361084,1.1329425573349,109858
2003-02-20,1.3358609676361084,1.336753010749817,1.3242640495300293,1.3251559734344482,1.1238634586334229,641212
2003-02-21,1.3291699886322021,1.3425509929656982,1.3269399404525757,1.3358609676361084,1.1329425573349,134520
2003-02-24,1.3425509929656982,1.3425509929656982,1.3309550285339355,1.3318469524383545,1.1295381784439087,125552
2003-02-25,1.3251559734344482,1.3251559734344482,1.2939339876174927,1.3086529970169067,1.1098673343658447,596372
2003-02-26,1.3068690299987793,1.3068690299987793,1.2881360054016113,1.2908120155334473,1.0947365760803223,309396
2003-02-27,1.297055959701538,1.3211419582366943,1.297055959701538,1.3046389818191528,1.106463074684143,179360
2003-02-28,1.35236394405365,1.3693130016326904,1.3479039669036865,1.3550399541854858,1.1492081880569458,542564
2003-03-03,1.351472020149231,1.351472020149231,1.3425509929656982,1.3425509929656982,1.1386160850524902,867654
2003-03-04,1.3264939785003662,1.3264939785003662,1.3211419582366943,1.3220340013504028,1.1212157011032104,49324
2003-03-05,1.316681981086731,1.316681981086731,1.3050849437713623,1.3131129741668701,1.1136497259140015,172634
2003-03-06,1.3050849437713623,1.3050849437713623,1.3006240129470825,1.3015170097351074,1.1038153171539307,127794
2003-03-07,1.2734169960021973,1.281445026397705,1.2734169960021973,1.2756470441818237,1.081874966621399,533596
2003-03-10,1.2711859941482544,1.2711859941482544,1.2497769594192505,1.2564669847488403,1.0656085014343262,221958
2003-03-11,1.2555749416351318,1.2555749416351318,1.2511149644851685,1.2511149644851685,1.061069369316101,134520
2003-03-12,1.2444250583648682,1.2444250583648682,1.2265830039978027,1.2350579500198364,1.0474514961242676,479788
2003-03-13,1.2555749416351318,1.2711859941482544,1.2386260032653809,1.2711859941482544,1.0780916213989258,569468
2003-03-14,1.2756470441818237,1.2756470441818237,1.2600359916687012,1.2644959688186646,1.0724178552627563,551532
2003-03-17,1.2265830039978027,1.2778769731521606,1.2265830039978027,1.2698479890823364,1.0769567489624023,1047014
2003-03-18,1.2756470441818237,1.3046389818191528,1.2756470441818237,1.2783230543136597,1.0841443538665771,968544
2003-03-19,1.2488850355148315,1.2649420499801636,1.2381800413131714,1.2644959688186646,1.0724178552627563,726408
2003-03-20,1.282336950302124,1.3380910158157349,1.2796610593795776,1.3229260444641113,1.1219722032546997,2517766
2003-03-21,1.3135590553283691,1.4049960374832153,1.3131129741668701,1.4049960374832153,1.1915756464004517,6145322
2003-03-24,1.318019986152649,1.371543049812317,1.318019986152649,1.3626229763031006,1.1556391716003418,955092
2003-03-25,1.3595000505447388,1.364853024482727,1.3470120429992676,1.3595000505447388,1.1529908180236816,1430396
2003-03-26,1.351472020149231,1.351472020149231,1.3358609676361084,1.3358609676361084,1.1329425573349,360962
2003-03-27,1.2934880256652832,1.3380910158157349,1.2912579774856567,1.3135590553283691,1.1140282154083252,1062708
2003-03-28,1.2488850355148315,1.3037470579147339,1.2488850355148315,1.2939339876174927,1.0973842144012451,488756
2003-03-31,1.2560210227966309,1.2560210227966309,1.2221230268478394,1.253345012664795,1.0629609823226929,665874
2003-04-01,1.246654987335205,1.2636040449142456,1.2426400184631348,1.2622660398483276,1.0705267190933228,331816
2003-04-02,1.2734169960021973,1.315788984298706,1.2734169960021973,1.3108830451965332,1.1117584705352783,495482
2003-04-03,1.3153430223464966,1.3153430223464966,1.298393964767456,1.3046389818191528,1.106463074684143,1224132
2003-04-04,1.3073149919509888,1.3269399404525757,1.3073149919509888,1.318019986152649,1.1178115606307983,1999864
2003-04-07,1.3358609676361084,1.3380910158157349,1.315788984298706,1.3175740242004395,1.1174331903457642,1094096
2003-04-08,1.2992860078811646,1.2992860078811646,1.280998945236206,1.280998945236206,1.0864139795303345,242136
2003-04-09,1.2711859941482544,1.2711859941482544,1.2265830039978027,1.233273983001709,1.045938491821289,349752
2003-04-10,0.9834970235824585,0.9879570007324219,0.9652100205421448,0.981266975402832,0.8322115540504456,5622936
2003-04-11,0.9794830083847046,0.9808210134506226,0.9255130290985107,0.9473680257797241,0.8034618496894836,4795638
2003-04-14,0.9473680257797241,0.9718999862670898,0.9473680257797241,0.9696699976921082,0.8223761320114136,4479516
2003-04-15,0.9808210134506226,1.018733024597168,0.97502201795578,0.9991080164909363,0.8473424911499023,2522250
2003-04-16,1.0035680532455444,1.0347900390625,0.9928640127182007,0.9928640127182007,0.8420469760894775,1620966
2003-04-17,0.9188219904899597,0.9701160192489624,0.9188219904899597,0.9634259939193726,0.8170806169509888,2105238
2003-04-21,0.9634259939193726,0.9656559824943542,0.9393399953842163,0.942907989025116,0.7996793389320374,1177050
2003-04-22,0.9455839991569519,0.9473680257797241,0.9299730062484741,0.9469220042228699,0.8030835390090942,2044704
2003-04-23,0.9469220042228699,0.9469220042228699,0.9313110113143921,0.9393399953842163,0.7966532111167908,1082886
2003-04-24,0.9393399953842163,0.9433540105819702,0.9335409998893738,0.9411240220069885,0.7981662750244141,742102
2003-04-25,0.9348800182342529,0.9380019903182983,0.9210529923439026,0.9255130290985107,0.78492671251297,816088
2003-04-28,0.9143620133399963,0.9411240220069885,0.9143620133399963,0.9406780004501343,0.7977880239486694,668116
2003-04-29,0.9433540105819702,0.9634259939193726,0.9424620270729065,0.9611949920654297,0.8151885271072388,1302602
2003-04-30,0.9625329971313477,0.9625329971313477,0.9411240220069885,0.9411240220069885,0.7981662750244141,928188
2003-05-01,0.941569983959198,0.941569983959198,0.9148079752922058,0.9317569732666016,0.7902222275733948,836266
2003-05-02,0.9366639852523804,0.9411240220069885,0.9255130290985107,0.9362180233001709,0.7940055727958679,1529044
2003-05-05,0.9344339966773987,0.9634259939193726,0.9344339966773987,0.9567350149154663,0.8114060163497925,1793600
2003-05-06,0.9924169778823853,1.0169490575790405,0.9817129969596863,0.9817129969596863,0.832589864730835,2562606
2003-05-07,0.9848350286483765,0.9848350286483765,0.9500449895858765,0.9504910111427307,0.8061103820800781,1916910
2003-05-08,0.9504910111427307,0.9504910111427307,0.9322029948234558,0.9437999725341797,0.8004358410835266,1031320
2003-05-09,0.9375560283660889,0.9500449895858765,0.9375560283660889,0.9455839991569519,0.8019488453865051,475304
2003-05-12,0.9455839991569519,0.9509369730949402,0.9388939738273621,0.9451379776000977,0.801570475101471,1163598
2003-05-13,0.9366639852523804,0.9371100068092346,0.9268509745597839,0.9304190278053284,0.7890874743461609,1484204
2003-05-14,0.9250670075416565,0.9250670075416565,0.8920609951019287,0.8965209722518921,0.7603384852409363,2623140
2003-05-15,0.8965209722518921,0.9304190278053284,0.8965209722518921,0.9259589910507202,0.7853049039840698,2836130
2003-05-16,0.9299730062484741,0.9388939738273621,0.9148079752922058,0.9210529923439026,0.7811441421508789,4318092
2003-05-19,0.8987510204315186,0.9143620133399963,0.8755580186843872,0.8755580186843872,0.7425599098205566,2109722
2003-05-20,0.8791260123252869,0.8942909836769104,0.8768960237503052,0.889831006526947,0.7546647191047668,2237516
2003-05-21,0.8675289750099182,0.8675289750099182,0.8429970145225525,0.8505799770355225,0.7213760614395142,3150010
2003-05-22,0.8296160101890564,0.8407670259475708,0.8256019949913025,0.834077000617981,0.7073798179626465,2008832
2003-05-23,0.8363069891929626,0.8367530107498169,0.8162360191345215,0.8247100114822388,0.6994356513023376,1038046
2003-05-27,0.8162360191345215,0.8305079936981201,0.8153430223464966,0.8251559734344482,0.6998139023780823,2367552
2003-05-28,0.8385369777679443,0.8586080074310303,0.8273860216140747,0.8586080074310303,0.728184700012207,2230790
2003-05-29,0.8541479706764221,0.8679749965667725,0.8465660214424133,0.8608390092849731,0.730076789855957,3378694
2003-05-30,0.8608390092849731,0.8782340288162231,0.8519179821014404,0.8715429902076721,0.7391548156738281,3443712
2003-06-02,0.8809099793434143,0.9143620133399963,0.8809099793434143,0.9014269709587097,0.7644991278648376,7001766
2003-06-03,0.9009810090065002,0.9009810090065002,0.8809099793434143,0.8831400275230408,0.7489903569221497,2441538
2003-06-04,0.8920609951019287,0.9143620133399963,0.8876000046730042,0.9076719880104065,0.7697957158088684,1634418
2003-06-05,0.9099019765853882,0.9161459803581238,0.9054419994354248,0.9121320247650146,0.7735782265663147,1811536
2003-06-06,0.9255130290985107,0.9634259939193726,0.916592001914978,0.9366639852523804,0.7943837642669678,3723962
2003-06-09,0.9357720017433167,0.9362180233001709,0.9027649760246277,0.9032109975814819,0.76601243019104,1511108
2003-06-10,0.9032109975814819,0.9085639715194702,0.8818020224571228,0.9027649760246277,0.7656341195106506,943882
2003-06-11,0.8920609951019287,0.9121320247650146,0.8831400275230408,0.9099019765853882,0.7716869711875916,883348
2003-06-12,0.916592001914978,0.9241750240325928,0.8965209722518921,0.9032109975814819,0.76601243019104,766764
2003-06-13,0.9032109975814819,0.905888020992279,0.892507016658783,0.8942909836769104,0.7584472894668579,434948
2003-06-16,0.8947370052337646,0.9411240220069885,0.8876000046730042,0.9304190278053284,0.7890874743461609,1972960
2003-06-17,0.9478139877319336,1.0544159412384033,0.9478139877319336,1.0521860122680664,0.8923578262329102,5569128
2003-06-18,1.050847053527832,1.050847053527832,1.0102590322494507,1.013381004333496,0.8594473004341125,2322712
2003-06-19,1.0682430267333984,1.0700269937515259,1.0258699655532837,1.0338979959487915,0.8768479824066162,7934438
2003-06-20,1.0370210409164429,1.049509048461914,1.0325599908828735,1.0370210409164429,0.8794964551925659,668116
2003-06-23,1.0370210409164429,1.0370210409164429,0.9924169778823853,0.9946479797363281,0.843559980392456,1407976
2003-06-24,0.9879570007324219,0.9879570007324219,0.9768059849739075,0.981266975402832,0.8322115540504456,867654
2003-06-25,0.9924169778823853,0.9968780279159546,0.9745759963989258,0.9745759963989258,0.8265369534492493,847476
2003-06-26,0.9901869893074036,1.0258699655532837,0.9857270121574402,1.020071029663086,0.8651211857795715,1470752
2003-06-27,1.0312219858169556,1.048171043395996,1.0312219858169556,1.0374670028686523,0.8798747658729553,1295876
2003-06-30,1.0325599908828735,1.0437109470367432,1.0223020315170288,1.0281000137329102,0.8719304800033569,511176
2003-07-01,1.0392509698867798,1.0562000274658203,1.0258699655532837,1.0459409952163696,0.887061357498169,1522318
2003-07-02,1.036128044128418,1.0749330520629883,1.030329942703247,1.0593219995498657,0.8984097242355347,4058020
2003-07-03,1.0579839944839478,1.0579839944839478,1.0392509698867798,1.0414810180664062,0.8832788467407227,338542
2003-07-07,1.0414810180664062,1.0927740335464478,1.0392509698867798,1.0927740335464478,0.9267805814743042,2262178
2003-07-08,1.0972349643707275,1.101694941520691,1.0735950469970703,1.086084008216858,0.9211068749427795,1280182
2003-07-09,1.0771629810333252,1.0972349643707275,1.0593219995498657,1.0972349643707275,0.9305640459060669,1553706
2003-07-10,1.1596790552139282,1.2377339601516724,1.1596790552139282,1.214540958404541,1.0300509929656982,5916638
2003-07-11,1.2042820453643799,1.2484389543533325,1.1663689613342285,1.2256909608840942,1.039507508277893,5284394
2003-07-14,1.234611988067627,1.246654987335205,1.2243529558181763,1.2261370420455933,1.0398856401443481,1854134
2003-07-15,1.2261370420455933,1.231044054031372,1.1752899885177612,1.1752899885177612,0.9967623949050903,5470480
2003-07-16,1.1797499656677246,1.1815340518951416,1.1333630084991455,1.151203989982605,0.9763348698616028,1385556
2003-07-17,1.1480820178985596,1.1480820178985596,1.0932199954986572,1.0999109745025635,0.9328334927558899,1916910
2003-07-18,1.0593219995498657,1.11953604221344,1.0593219995498657,1.0927740335464478,0.9267805814743042,3869692
2003-07-21,1.050400972366333,1.0570919513702393,1.0053520202636719,1.0249780416488647,0.8692829608917236,4748556
2003-07-22,1.0249780416488647,1.0593219995498657,1.019624948501587,1.0414810180664062,0.8832788467407227,3246416
2003-07-23,1.0437109470367432,1.0521860122680664,1.0124889612197876,1.0124889612197876,0.8586909174919128,2002106
2003-07-24,1.01739501953125,1.0392509698867798,1.01739501953125,1.0285459756851196,0.8723088502883911,1618724
2003-07-25,1.0312219858169556,1.0370210409164429,1.0191789865493774,1.0258699655532837,0.8700394034385681,1262246
2003-07-28,1.0272079706192017,1.0633360147476196,1.0272079706192017,1.0615520477294922,0.900301456451416,1318296
2003-07-29,1.0615520477294922,1.0615520477294922,1.050400972366333,1.0526319742202759,0.89273601770401,771248
2003-07-30,1.0526319742202759,1.053078055381775,1.014719009399414,1.0165029764175415,0.8620949983596802,1652354
2003-07-31,1.020071029663086,1.0789469480514526,1.020071029663086,1.0392509698867798,0.8813877105712891,1972960
2003-08-01,1.048171043395996,1.0570919513702393,1.0347900390625,1.047724962234497,0.8885742425918579,1674774
2003-08-04,1.0365740060806274,1.0838539600372314,1.0325599908828735,1.0704729557037354,0.907866895198822,1506624
2003-08-05,1.0677969455718994,1.0677969455718994,1.01739501953125,1.0236400365829468,0.8681482672691345,1766696
2003-08-06,1.021409034729004,1.048171043395996,1.002676010131836,1.048171043395996,0.8889528512954712,950608
2003-08-07,1.0374670028686523,1.0374670028686523,1.0093669891357422,1.014719009399414,0.860582172870636,733134
2003-08-08,1.030329942703247,1.032114028930664,1.01739501953125,1.021409034729004,0.866256058216095,450642
2003-08-11,1.021409034729004,1.0231939554214478,1.0080289840698242,1.0156110525131226,0.8613386154174805,304912
2003-08-12,1.014719009399414,1.0249780416488647,1.014719009399414,1.0249780416488647,0.8692829608917236,394592
2003-08-13,1.0325599908828735,1.0347900390625,1.0169490575790405,1.0191789865493774,0.864364743232727,284734
2003-08-14,1.0254240036010742,1.0325599908828735,1.0231939554214478,1.0285459756851196,0.8723088502883911,248862
2003-08-15,1.0325599908828735,1.0370210409164429,1.0205169916152954,1.0236400365829468,0.8681482672691345,105374
2003-08-18,0.9299730062484741,0.9991080164909363,0.9232829809188843,0.9790369868278503,0.8303201794624329,6071336
2003-08-19,0.9710080027580261,0.9879570007324219,0.9705619812011719,0.9732379913330078,0.825402021408081,2694884
2003-08-20,0.9803749918937683,1.0080289840698242,0.9803749918937683,1.002676010131836,0.8503684997558594,2051430
2003-08-21,1.0151649713516235,1.0388050079345703,1.0151649713516235,1.0298839807510376,0.8734435439109802,2759902
2003-08-22,1.0298839807510376,1.0298839807510376,1.0035680532455444,1.0035680532455444,0.8511250615119934,1751002
2003-08-25,0.9924169778823853,0.9991080164909363,0.97502201795578,0.981266975402832,0.8322115540504456,1345200
2003-08-26,0.9995539784431458,1.0236400365829468,0.9995539784431458,1.018733024597168,0.8639864921569824,1112032
2003-08-27,1.0602140426635742,1.0883140563964844,1.0602140426635742,1.0883140563964844,0.9229981303215027,2652286
2003-08-28,1.1106159687042236,1.1797499656677246,1.1106159687042236,1.1668150424957275,0.9895750284194946,3327128
2003-08-29,1.1596790552139282,1.1619089841842651,1.1409460306167603,1.1619089841842651,0.9854137897491455,847476
2003-09-02,1.184211015701294,1.2578059434890747,1.184211015701294,1.2488850355148315,1.059178113937378,2358584
2003-09-03,1.2421940565109253,1.2528990507125854,1.2132019996643066,1.2377339601516724,1.0497210025787354,1582852
2003-09-04,1.280107021331787,1.315788984298706,1.280107021331787,1.3095450401306152,1.1106235980987549,1645628
2003-09-05,1.3202500343322754,1.332738995552063,1.2765389680862427,1.301069974899292,1.1034358739852905,3145526
2003-09-08,1.3380910158157349,1.3380910158157349,1.3251559734344482,1.3380910158157349,1.1348334550857544,1928120
2003-09-09,1.371543049812317,1.3737729787826538,1.3470120429992676,1.3550399541854858,1.1492081880569458,3706026
2003-09-10,1.332738995552063,1.3336310386657715,1.315788984298706,1.3162360191345215,1.1162981986999512,2522250
2003-09-11,1.3041930198669434,1.3746650218963623,1.266726016998291,1.3568240404129028,1.1507211923599243,4551260
2003-09-12,1.3269399404525757,1.3282779455184937,1.2542370557785034,1.3090989589691162,1.1102453470230103,3340580
2003-09-15,1.2734169960021973,1.281445026397705,1.2288140058517456,1.2288140058517456,1.0421557426452637,2544670
2003-09-16,1.3171279430389404,1.3595000505447388,1.3153430223464966,1.3537019491195679,1.1480733156204224,3201576
2003-09-17,1.3510260581970215,1.3537019491195679,1.3380910158157349,1.3412129878997803,1.1374812126159668,1533528
2003-09-18,1.3046389818191528,1.3050849437713623,1.2756470441818237,1.2845669984817505,1.0894397497177124,3757592
2003-09-19,1.2876900434494019,1.3064229488372803,1.285459041595459,1.2894740104675293,1.0936014652252197,1132210
2003-09-22,1.282336950302124,1.282336950302124,1.2288140058517456,1.2390719652175903,1.0508553981781006,2647802
2003-09-23,1.2502230405807495,1.3113290071487427,1.2502230405807495,1.2934880256652832,1.0970059633255005,1226374
2003-09-24,1.318019986152649,1.3889379501342773,1.300178050994873,1.3028550148010254,1.1049500703811646,5400978
2003-09-25,1.3202500343322754,1.3251559734344482,1.2805529832839966,1.2912579774856567,1.0951147079467773,1697194
2003-09-26,1.3068690299987793,1.3358609676361084,1.3064229488372803,1.3090989589691162,1.1102453470230103,2425844
2003-09-29,1.3202500343322754,1.3398749828338623,1.286350965499878,1.2890280485153198,1.0932233333587646,3300224
2003-09-30,1.300178050994873,1.3046389818191528,1.2912579774856567,1.2957179546356201,1.0988969802856445,1706162
2003-10-01,1.2488850355148315,1.3033009767532349,1.2488850355148315,1.2867980003356934,1.0913320779800415,1333990
2003-10-02,1.3068690299987793,1.3425509929656982,1.3068690299987793,1.3363070487976074,1.133320689201355,941640
2003-10-03,1.38715398311615,1.4718999862670898,1.3867080211639404,1.4116859436035156,1.1972495317459106,7707996
2003-10-06,1.4272969961166382,1.4406780004501343,1.4130239486694336,1.4228370189666748,1.2067065238952637,1721856
2003-10-07,1.3826940059661865,1.413915991783142,1.3760039806365967,1.3826940059661865,1.172661304473877,1434880
2003-10-08,1.3938449621200562,1.4067800045013428,1.379125952720642,1.3960750102996826,1.1840101480484009,1311570
2003-10-09,1.4072259664535522,1.4451379776000977,1.4072259664535522,1.4339879751205444,1.2161638736724854,1333990
2003-10-10,1.5053520202636719,1.58474600315094,1.5053520202636719,1.5544159412384033,1.318298578262329,3515456
2003-10-13,1.5744869709014893,1.6382689476013184,1.5713649988174438,1.632470965385437,1.3844969272613525,3526666
2003-10-14,1.6280109882354736,1.6280109882354736,1.5878679752349854,1.5909899473190308,1.3493168354034424,1730824
2003-10-15,1.6257810592651367,1.6257810592651367,1.5945580005645752,1.603479027748108,1.3599088191986084,1419186
2003-10-16,1.6057089567184448,1.6257810592651367,1.5767170190811157,1.5909899473190308,1.3493168354034424,1692710
2003-10-17,1.6503119468688965,1.6681530475616455,1.61953604221344,1.645851969718933,1.3958457708358765,2055914
2003-10-20,1.6489739418029785,1.6503119468688965,1.5878679752349854,1.5927740335464478,1.3508301973342896,3719478
2003-10-21,1.5165029764175415,1.5918819904327393,1.5165029764175415,1.5722570419311523,1.3334294557571411,5250764
2003-10-22,1.5633360147476196,1.5691349506378174,1.5396970510482788,1.5396970510482788,1.3058154582977295,1356410
2003-10-23,1.5272079706192017,1.5289920568466187,1.498661994934082,1.498661994934082,1.271013855934143,1598546
2003-10-24,1.5298839807510376,1.5401430130004883,1.4964319467544556,1.4964319467544556,1.2691223621368408,2114206
2003-10-27,1.5276540517807007,1.5856380462646484,1.51739501953125,1.5856380462646484,1.3447778224945068,1683742
2003-10-28,1.5900980234146118,1.5918819904327393,1.5691349506378174,1.5767170190811157,1.3372119665145874,1636660
2003-10-29,1.5655659437179565,1.5771629810333252,1.5655659437179565,1.5709190368652344,1.3322950601577759,1136694
2003-10-30,1.5704729557037354,1.5972349643707275,1.5633360147476196,1.5700269937515259,1.3315383195877075,1553706
2003-10-31,1.619089961051941,1.6413919925689697,1.619089961051941,1.619089961051941,1.3731486797332764,1365378
2003-11-03,1.6503119468688965,1.7573599815368652,1.6503119468688965,1.7484389543533325,1.482849359512329,4450370
2003-11-04,1.7636040449142456,1.76761794090271,1.6944689750671387,1.717216968536377,1.4563701152801514,1907942
2003-11-05,1.6949150562286377,1.701606035232544,1.6663689613342285,1.6748440265655518,1.420433521270752,1047014
2003-11-06,1.6793040037155151,1.6913470029830933,1.64763605594635,1.6797499656677246,1.4245942831039429,1627692
2003-11-07,1.6801960468292236,1.7216769456863403,1.6770739555358887,1.6984829902648926,1.4404815435409546,695020
2003-11-10,1.7082959413528442,1.7127560377120972,1.6614630222320557,1.6614630222320557,1.4090850353240967,1643386
2003-11-11,1.6721680164337158,1.6815340518951416,1.6101690530776978,1.632470965385437,1.3844969272613525,2679190
2003-11-12,1.6436220407485962,1.7283680438995361,1.6436220407485962,1.7283680438995361,1.465827226638794,981996
2003-11-13,1.7283680438995361,1.7283680438995361,1.6614630222320557,1.6619089841842651,1.4094634056091309,1109790
2003-11-14,1.6681530475616455,1.6766279935836792,1.6146299839019775,1.6146299839019775,1.3693664073944092,829540
2003-11-17,1.6146299839019775,1.6369309425354004,1.6146299839019775,1.6271189451217651,1.3799577951431274,1179292
2003-11-18,1.619089961051941,1.6369309425354004,1.6057089567184448,1.6101690530776978,1.365582823753357,1219648
2003-11-19,1.616860032081604,1.7618199586868286,1.6124000549316406,1.7261370420455933,1.463935136795044,4244106
2003-11-20,1.6926850080490112,1.716325044631958,1.645851969718933,1.6480820178985596,1.3977365493774414,1856376
2003-11-21,1.6614630222320557,1.6681530475616455,1.6239960193634033,1.6239960193634033,1.3773094415664673,2551396
2003-11-24,1.6306869983673096,1.6793040037155151,1.6306869983673096,1.6726139783859253,1.4185423851013184,2293566
2003-11-25,1.6726139783859253,1.6815340518951416,1.6369309425354004,1.6503119468688965,1.3996278047561646,2076092
2003-11-26,1.6770739555358887,1.6944689750671387,1.6280109882354736,1.652541995048523,1.4015194177627563,1499898
2003-11-28,1.6748440265655518,1.7283680438995361,1.6730600595474243,1.7239069938659668,1.4620436429977417,1136694
2003-12-01,1.786350965499878,1.868867039680481,1.786350965499878,1.8554860353469849,1.5736356973648071,3259868
2003-12-02,1.8264939785003662,1.8666369915008545,1.8064229488372803,1.8621770143508911,1.5793101787567139,2381004
2003-12-03,1.8733270168304443,1.917930006980896,1.784121036529541,1.7885819673538208,1.5168945789337158,2746450
2003-12-04,1.7930419445037842,1.8175740242004395,1.7595900297164917,1.7765389680862427,1.506680965423584,1670290
2003-12-05,1.7765389680862427,1.7765389680862427,1.7417479753494263,1.7515610456466675,1.4854973554611206,932672
2003-12-08,1.7560210227966309,1.8260480165481567,1.7560210227966309,1.8108830451965332,1.5358079671859741,842992
2003-12-09,1.8291699886322021,1.8505799770355225,1.8131129741668701,1.8135590553283691,1.538077712059021,728650
2003-12-10,1.8331849575042725,1.8956290483474731,1.8296159505844116,1.8581620454788208,1.575905442237854,1645628
2003-12-11,1.8760039806365967,1.9366639852523804,1.8719890117645264,1.9366639852523804,1.6424827575683594,1342958
2003-12-12,1.9366639852523804,2.002676010131836,1.9304189682006836,2.002676010131836,1.6984672546386719,1800326
2003-12-15,2.1297950744628906,2.1364850997924805,2.04549503326416,2.047278881072998,1.736295461654663,3546844
2003-12-16,2.036128044128418,2.045048952102661,1.948259949684143,1.948259949684143,1.6523171663284302,1979686
2003-12-17,1.917930006980896,1.931311011314392,1.8969670534133911,1.917930006980896,1.6265945434570312,1576126
2003-12-18,1.917930006980896,1.9513829946517944,1.8969670534133911,1.9081180095672607,1.6182730197906494,2192676
2003-12-19,1.9357719421386719,1.9950939416885376,1.9322030544281006,1.9892950057983398,1.6871191263198853,744344
2003-12-22,1.9915250539779663,2.032560110092163,1.9647639989852905,2.027208089828491,1.7192730903625488,712956
2003-12-23,2.0227479934692383,2.047278881072998,2.002676010131836,2.047278881072998,1.736295461654663,802636
2003-12-24,2.0584299564361572,2.0762710571289062,2.0405890941619873,2.0410349369049072,1.7310000658035278,421496
2003-12-26,2.0410349369049072,2.047278881072998,2.0405890941619873,2.0414810180664062,1.7313778400421143,136762
2003-12-29,2.0963430404663086,2.1806418895721436,2.0829620361328125,2.171721935272217,1.8418349027633667,1490930
2003-12-30,2.1828720569610596,2.185549020767212,2.1333630084991455,2.1409459114074707,1.815733790397644,1152388
2003-12-31,2.1632471084594727,2.173506021499634,2.1409459114074707,2.1498661041259766,1.8232992887496948,1141178
2004-01-02,2.185549020767212,2.3193581104278564,2.185549020767212,2.3059771060943604,1.9556963443756104,2979618
2004-01-05,2.3505799770355225,2.4420158863067627,2.3345229625701904,2.439340114593506,2.0688021183013916,3582716
2004-01-06,2.3639609813690186,2.457627058029175,2.359499931335449,2.4464759826660156,2.0748538970947266,2423602
2004-01-07,2.437556028366089,2.437556028366089,2.3684210777282715,2.4112401008605957,2.0449697971343994,2481894
2004-01-08,2.422390937805176,2.482158899307251,2.422390937805176,2.4442460536956787,2.072962522506714,2221822
2004-01-09,2.4437999725341797,2.4437999725341797,2.3416590690612793,2.343888998031616,1.9878506660461426,3481826
2004-01-12,2.297055959701538,2.3229260444641113,2.2903659343719482,2.294826030731201,1.946239709854126,2504314
2004-01-13,2.3015170097351074,2.345227003097534,2.264496088027954,2.279215097427368,1.9330002069473267,3037910
2004-01-14,2.270293951034546,2.3171279430389404,2.23238205909729,2.24353289604187,1.9027379751205444,1508866
2004-01-15,2.234611988067627,2.241302013397217,2.1498661041259766,2.172168016433716,1.842213749885559,2777838
2004-01-16,2.171721935272217,2.249330997467041,2.170830011367798,2.249330997467041,1.907655119895935,2407908
2004-01-20,2.297055959701538,2.3077609539031982,2.241748094558716,2.2738630771636963,1.9284608364105225,1802568
2004-01-21,2.283674955368042,2.283674955368042,2.1788580417633057,2.250669002532959,1.9087892770767212,3248658
2004-01-22,2.25691294670105,2.3728809356689453,2.252898931503296,2.3554859161376953,1.9976849555969238,2394456
2004-01-23,2.3639609813690186,2.564228057861328,2.3639609813690186,2.547724962234497,2.160722494125366,8761736
2004-01-26,2.6048169136047363,2.6494200229644775,2.5718109607696533,2.5869760513305664,2.194011926651001,4901012
2004-01-27,2.6137380599975586,2.6494200229644775,2.471008062362671,2.484389066696167,2.1070075035095215,3096202
2004-01-28,2.4018731117248535,2.4420158863067627,2.3327391147613525,2.3331849575042725,1.9787718057632446,2739724
2004-01-29,2.2925961017608643,2.3193581104278564,2.172168016433716,2.235503911972046,1.8959283828735352,5179020
2004-01-30,2.237734079360962,2.3077609539031982,2.185549020767212,2.261373996734619,1.9178693294525146,2242000
2004-02-02,2.3059771060943604,2.309990882873535,2.229259967803955,2.23907208442688,1.8989548683166504,1419186
2004-02-03,2.1743979454040527,2.203389883041382,2.0963430404663086,2.1641390323638916,1.8354036808013916,7223724
2004-02-04,2.172168016433716,2.2123100757598877,2.1186439990997314,2.1186439990997314,1.7968194484710693,2071608
2004-02-05,2.1186439990997314,2.1587870121002197,2.1186439990997314,2.1297950744628906,1.8062769174575806,1656838
2004-02-06,2.1454060077667236,2.1628010272979736,2.1186439990997314,2.1239960193634033,1.801358938217163,3468374
2004-02-09,2.1601250171661377,2.1793038845062256,2.1074929237365723,2.1186439990997314,1.7968194484710693,4033358
2004-02-10,2.1186439990997314,2.1275649070739746,2.031667947769165,2.0713651180267334,1.7567229270935059,4075956
2004-02-11,2.060214042663574,2.0963430404663086,2.060214042663574,2.08028507232666,1.7642878293991089,1495414
2004-02-12,2.060214042663574,2.0851919651031494,2.0517399311065674,2.0829620361328125,1.7665576934814453,959576
2004-02-13,2.0963430404663086,2.1485280990600586,2.0963430404663086,2.1052629947662354,1.7854713201522827,2623140
2004-02-17,2.1262269020080566,2.1431760787963867,2.1074929237365723,2.1244421005249023,1.8017371892929077,3123106
2004-02-18,2.1199820041656494,2.1199820041656494,2.051292896270752,2.065119981765747,1.751426339149475,1986412
2004-02-19,1.9625329971313477,2.007136106491089,1.863515019416809,1.8679749965667725,1.5842275619506836,5773150
2004-02-20,1.8826940059661865,1.9067800045013428,1.868867039680481,1.8733270168304443,1.5887665748596191,5040016
2004-02-23,1.8733270168304443,1.8733270168304443,1.7867980003356934,1.8090989589691162,1.5342950820922852,2654528
2004-02-24,1.8073149919509888,1.8425509929656982,1.7908120155334473,1.8064229488372803,1.5320254564285278,3629798
2004-02-25,1.750669002532959,1.8148969411849976,1.750669002532959,1.797502040863037,1.524459719657898,5244038
2004-02-26,1.7930419445037842,1.8612849712371826,1.786350965499878,1.8309550285339355,1.5528310537338257,4744072
2004-02-27,1.8889379501342773,1.8889379501342773,1.8242640495300293,1.8380910158157349,1.5588830709457397,1795842
2004-03-01,1.882248044013977,1.9290809631347656,1.866191029548645,1.9058879613876343,1.6163818836212158,2250968
2004-03-02,1.9058879613876343,1.9268510341644287,1.9000890254974365,1.9067800045013428,1.617138147354126,1423670
2004-03-03,1.9023189544677734,1.9259589910507202,1.8956290483474731,1.916592001914978,1.6254595518112183,1762212
2004-03-04,1.9174840450286865,1.9388940334320068,1.89785897731781,1.9116859436035156,1.6212990283966064,1914668
2004-03-05,1.8867080211639404,1.9063340425491333,1.8577159643173218,1.8956290483474731,1.6076810359954834,2044704
2004-03-08,1.8599460124969482,1.8599460124969482,1.814450979232788,1.814450979232788,1.5388338565826416,2132142
2004-03-09,1.8162360191345215,1.854148030281067,1.799731969833374,1.8122210502624512,1.536942481994629,856444
2004-03-10,1.8131129741668701,1.8131129741668701,1.7261370420455933,1.7261370420455933,1.463935136795044,2049188
2004-03-11,1.6949150562286377,1.7573599815368652,1.6864409446716309,1.7194470167160034,1.4582611322402954,1820504
2004-03-12,1.7417479753494263,1.814450979232788,1.7417479753494263,1.8041930198669434,1.5301345586776733,1342958
2004-03-15,1.7796610593795776,1.797055959701538,1.7662800550460815,1.7734169960021973,1.504033088684082,1553706
2004-03-16,1.801962971687317,1.835415005683899,1.801962971687317,1.8345229625701904,1.5558569431304932,2029010
2004-03-17,1.8421050310134888,1.8911689519882202,1.8358609676361084,1.8586080074310303,1.5762838125228882,1688226
2004-03-18,1.8064229488372803,1.8233720064163208,1.7952719926834106,1.8099910020828247,1.5350513458251953,865412
2004-03-19,1.8211419582366943,1.866191029548645,1.8108830451965332,1.8264939785003662,1.549047589302063,1026836
2004-03-22,1.801962971687317,1.818019986152649,1.7551289796829224,1.7885819673538208,1.5168945789337158,2432570
2004-03-23,1.8171279430389404,1.8443349599838257,1.797502040863037,1.8095450401306152,1.5346736907958984,1132210
2004-03-24,1.819357991218567,1.8260480165481567,1.784121036529541,1.784121036529541,1.5131113529205322,901284
2004-03-25,1.799731969833374,1.8728810548782349,1.799731969833374,1.8595000505447388,1.5770398378372192,1780148
2004-03-26,1.8956290483474731,1.9290809631347656,1.8867080211639404,1.9206069707870483,1.6288648843765259,2925810
2004-03-29,1.931311011314392,1.9402320384979248,1.917930006980896,1.9268510341644287,1.6341606378555298,1094096
2004-03-30,1.9246209859848022,1.9268510341644287,1.91525399684906,1.9201610088348389,1.6284867525100708,1374346
2004-03-31,1.917930006980896,1.917930006980896,1.8795720338821411,1.8795720338821411,1.594063401222229,659148
2004-04-01,1.9000890254974365,1.9134700298309326,1.8889379501342773,1.9000890254974365,1.6114636659622192,1957266
2004-04-02,1.8777879476547241,1.9206069707870483,1.8733270168304443,1.901872992515564,1.6129765510559082,1634418
2004-04-05,1.917930006980896,1.9892950057983398,1.917930006980896,1.9892950057983398,1.6871191263198853,1461784
2004-04-06,2.007136106491089,2.007136106491089,1.9661020040512085,1.9661020040512085,1.6674489974975586,1470752
2004-04-07,1.9629789590835571,1.9634259939193726,1.835415005683899,1.8483500480651855,1.5675837993621826,4140974
2004-04-08,1.884477972984314,1.9232829809188843,1.882248044013977,1.89785897731781,1.6095725297927856,2327196
2004-04-12,1.9090100526809692,1.9268510341644287,1.9076720476150513,1.917930006980896,1.6265945434570312,874380
2004-04-13,2.0963430404663086,2.1052629947662354,2.048171043395996,2.0544159412384033,1.7423484325408936,2394456
2004-04-14,2.047278881072998,2.047278881072998,2.0236399173736572,2.033898115158081,1.7249468564987183,1015626
2004-04-15,2.049509048461914,2.0695810317993164,1.9937560558319092,2.018286943435669,1.711707353591919,1549222
2004-04-16,2.1297950744628906,2.1297950744628906,2.029438018798828,2.0878679752349854,1.7707183361053467,4533324
2004-04-19,2.110168933868408,2.2060658931732178,2.1057090759277344,2.1944689750671387,1.8611271381378174,2959440
2004-04-20,2.229706048965454,2.2765390872955322,2.188671112060547,2.1944689750671387,1.8611271381378174,3132074
2004-04-21,2.216770887374878,2.229706048965454,2.1409459114074707,2.1476359367370605,1.8214077949523926,2107480
2004-04-22,2.1480820178985596,2.1966989040374756,2.1239960193634033,2.1623549461364746,1.8338910341262817,1820504
2004-04-23,2.1512041091918945,2.2123100757598877,2.1413919925689697,2.1931309700012207,1.8599921464920044,1103064
2004-04-26,2.216770887374878,2.216770887374878,2.1587870121002197,2.1614630222320557,1.8331350088119507,1542496
2004-04-27,2.1297950744628906,2.1632471084594727,2.1074929237365723,2.1231040954589844,1.800602912902832,1322780
2004-04-28,2.1297950744628906,2.1431760787963867,2.048171043395996,2.078500986099243,1.7627745866775513,1751002
2004-04-29,2.0695810317993164,2.0695810317993164,1.9848350286483765,1.9982160329818726,1.6946849822998047,1255520
2004-04-30,1.9714540243148804,2.000446081161499,1.9201610088348389,1.9201610088348389,1.6284867525100708,2360826
2004-05-03,1.9424619674682617,2.0994648933410645,1.9424619674682617,2.033898115158081,1.7249468564987183,4557986
2004-05-04,2.060659885406494,2.2074038982391357,2.060659885406494,2.1231040954589844,1.800602912902832,2735240
2004-05-05,2.1342549324035645,2.1498661041259766,2.1284570693969727,2.1306869983673096,1.8070334196090698,1600788
2004-05-06,2.1021409034729004,2.1025869846343994,2.029438018798828,2.042372941970825,1.7564013004302979,1275698
2004-05-07,2.031222105026245,2.042372941970825,1.980375051498413,1.9848350286483765,1.70691978931427,1159114
2004-05-10,1.9580730199813843,1.9848350286483765,1.801962971687317,1.8786799907684326,1.6156282424926758,3649976
2004-05-11,1.8911689519882202,1.9322030544281006,1.8577159643173218,1.8795720338821411,1.6163954734802246,1694952
2004-05-12,1.886262059211731,1.9081180095672607,1.7792149782180786,1.8287240266799927,1.572667121887207,3199334
2004-05-13,1.884477972984314,1.9330949783325195,1.8666369915008545,1.9214990139007568,1.652451992034912,2789048
2004-05-14,1.8751120567321777,1.8751120567321777,1.6891169548034668,1.730597972869873,1.4882808923721313,10947686
2004-05-17,1.5767170190811157,1.7078499794006348,1.5535240173339844,1.6770739555358887,1.442251205444336,11317616
2004-05-18,1.8287240266799927,1.8554860353469849,1.8064229488372803,1.8510260581970215,1.5918465852737427,6701338
2004-05-19,1.9067800045013428,1.9513829946517944,1.8956290483474731,1.9036569595336914,1.6371078491210938,4631972
2004-05-20,1.9223910570144653,1.9223910570144653,1.868867039680481,1.8764499425888062,1.613710641860962,2071608
2004-05-21,1.8933990001678467,1.9023189544677734,1.8737729787826538,1.8898309469223022,1.625218152999878,1219648
2004-05-24,1.9603029489517212,1.9736839532852173,1.9246209859848022,1.9727920293807983,1.6965630054473877,2094028
2004-05-25,1.9647639989852905,1.965656042098999,1.9112399816513062,1.9406780004501343,1.6689453125,2620898
2004-05-26,1.950937032699585,1.9950939416885376,1.9446920156478882,1.9848350286483765,1.70691978931427,1154630
2004-05-27,1.9870649576187134,2.018733024597168,1.9759140014648438,1.9772520065307617,1.7003982067108154,851960
2004-05-28,1.9290809631347656,1.9848350286483765,1.9067800045013428,1.980375051498413,1.703084111213684,2528976
2004-06-01,1.9732379913330078,1.9736839532852173,1.9090100526809692,1.9134700298309326,1.6455469131469727,2181466
2004-06-02,1.9134700298309326,1.9344340562820435,1.9067800045013428,1.917930006980896,1.6493828296661377,2154562
2004-06-03,1.917930006980896,1.917930006980896,1.8202500343322754,1.8282779455184937,1.5722836256027222,4800122
2004-06-04,1.8733270168304443,1.9246209859848022,1.8577159643173218,1.9076720476150513,1.6405611038208008,2064882
2004-06-07,1.9134700298309326,1.9625329971313477,1.9045499563217163,1.9553970098495483,1.6816037893295288,1907942
2004-06-08,1.9553970098495483,1.9553970098495483,1.917930006980896,1.9388940334320068,1.667411208152771,719682
2004-06-09,1.9478139877319336,1.9580730199813843,1.9357719421386719,1.9460300207138062,1.6735481023788452,742102
2004-06-10,1.9429080486297607,1.980375051498413,1.9402320384979248,1.9745759963989258,1.6980972290039062,2013316
2004-06-14,1.917930006980896,1.9232829809188843,1.886262059211731,1.8956290483474731,1.6302045583724976,2224064
2004-06-15,1.9380019903182983,2.002229928970337,1.93264901638031,2.0,1.7199610471725464,2051430
2004-06-16,1.9888490438461304,1.9888490438461304,1.969223976135254,1.9759140014648438,1.69924795627594,589646
2004-06-17,1.9714540243148804,1.9915250539779663,1.9580730199813843,1.9580730199813843,1.683905005455017,542564
2004-06-18,1.9616409540176392,1.9937560558319092,1.9585189819335938,1.9937560558319092,1.7145915031433105,661390
2004-06-21,2.007136106491089,2.0405890941619873,1.9982160329818726,2.020517110824585,1.7376052141189575,2040220
2004-06-22,2.020517110824585,2.020517110824585,1.9781450033187866,2.003122091293335,1.722645878791809,502208
2004-06-23,2.014272928237915,2.016503095626831,1.9901870489120483,2.002676010131836,1.7222625017166138,423738
2004-06-24,2.0405890941619873,2.0405890941619873,2.004014015197754,2.018286943435669,1.7356879711151123,663632
2004-06-25,2.016057014465332,2.0918819904327393,2.016057014465332,2.0918819904327393,1.7989779710769653,1262246
2004-06-28,2.1409459114074707,2.205620050430298,2.1387150287628174,2.1587870121002197,1.8565151691436768,3345064
2004-06-29,2.1431760787963867,2.1431760787963867,2.0963430404663086,2.1030330657958984,1.8085676431655884,995448
2004-06-30,2.0851919651031494,2.1092770099639893,2.078947067260742,2.0834081172943115,1.791690707206726,1589578
2004-07-01,2.094558000564575,2.094558000564575,2.027208089828491,2.033898115158081,1.7491129636764526,905768
2004-07-02,2.0539700984954834,2.0539700984954834,2.027208089828491,2.0405890941619873,1.7548671960830688,1492425
2004-07-06,2.0539700984954834,2.0539700984954834,1.9736839532852173,1.9937560558319092,1.7145915031433105,934167
2004-07-07,1.9897409677505493,2.08073091506958,1.980375051498413,2.08073091506958,1.7893879413604736,1184523
2004-07-08,2.060659885406494,2.060659885406494,1.9937560558319092,2.020517110824585,1.7376052141189575,1231605
2004-07-09,2.029884099960327,2.1074929237365723,2.029884099960327,2.1074929237365723,1.8124029636383057,1035057
2004-07-12,2.0874218940734863,2.092773914337158,2.0084750652313232,2.0231940746307373,1.7399078607559204,2413139
2004-07-13,2.1008028984069824,2.1610169410705566,2.027208089828491,2.079392910003662,1.788237452507019,4279978
2004-07-14,2.0820701122283936,2.1208739280700684,2.0539700984954834,2.0967888832092285,1.8031975030899048,1975949
2004-07-15,2.0967888832092285,2.1342549324035645,2.078054904937744,2.0981268882751465,1.8043484687805176,1063455
2004-07-16,2.0981268882751465,2.1141839027404785,2.020517110824585,2.0432651042938232,1.7571687698364258,561247
2004-07-19,2.0432651042938232,2.1677069664001465,2.007136106491089,2.0820701122283936,1.7905398607254028,1476731
2004-07-20,2.0820701122283936,2.1128458976745605,2.060659885406494,2.094111919403076,1.8008955717086792,608329
2004-07-21,2.1141839027404785,2.1409459114074707,2.0539700984954834,2.0566461086273193,1.7686760425567627,673347
2004-07-22,2.0847458839416504,2.1409459114074707,2.011151075363159,2.1409459114074707,1.8411718606948853,687547
2004-07-23,2.1409459114074707,2.1757359504699707,1.9937560558319092,2.000446081161499,1.7203449010849,1778653
2004-07-26,2.0673511028289795,2.0713651180267334,1.9937560558319092,2.019179105758667,1.7364548444747925,1058971
2004-07-27,2.032560110092163,2.0740408897399902,2.007136106491089,2.060659885406494,1.7721275091171265,1030573
2004-07-28,2.078054904937744,2.078054904937744,2.007136106491089,2.029884099960327,1.7456610202789307,804131
2004-07-29,2.0740408897399902,2.1074929237365723,2.049954891204834,2.1061549186706543,1.8112518787384033,973775
2004-07-30,2.1008028984069824,2.1021409034729004,2.066011905670166,2.075378894805908,1.7847853899002075,322101
2004-08-02,2.076716899871826,2.076716899871826,2.044603109359741,2.060659885406494,1.7721275091171265,651675
2004-08-03,2.060659885406494,2.060659885406494,2.016503095626831,2.020517110824585,1.7376052141189575,1472994
2004-08-04,2.019179105758667,2.020517110824585,1.9843889474868774,2.007136106491089,1.7260980606079102,954345
2004-08-05,2.020517110824585,2.1141839027404785,2.020517110824585,2.1021409034729004,1.807800531387329,1659080
2004-08-06,2.0887598991394043,2.0887598991394043,2.015165090560913,2.0405890941619873,1.7548671960830688,848971
2004-08-09,2.031222105026245,2.1008028984069824,2.031222105026245,2.0847458839416504,1.792840838432312,1008900
2004-08-10,2.0740408897399902,2.1409459114074707,2.0740408897399902,2.1382689476013184,1.8388698101043701,471567
2004-08-11,2.1061549186706543,2.1061549186706543,2.013827085494995,2.017841100692749,1.735304355621338,1827977
2004-08-12,2.009813070297241,2.075378894805908,2.0084750652313232,2.0258700847625732,1.7422089576721191,1096338
2004-08-13,2.047278881072998,2.0579841136932373,2.0084750652313232,2.020517110824585,1.7376052141189575,346763
2004-08-16,2.0539700984954834,2.079392910003662,2.0405890941619873,2.0713651180267334,1.7813340425491333,298933
2004-08-17,2.0539700984954834,2.1008028984069824,2.0539700984954834,2.1008028984069824,1.8066500425338745,340037
2004-08-18,2.079392910003662,2.201159954071045,2.0740408897399902,2.1797499656677246,1.8745428323745728,1466268
2004-08-19,2.1677069664001465,2.3215880393981934,2.1677069664001465,2.265388011932373,1.9481900930404663,2100007
2004-08-20,2.268064022064209,2.2747550010681152,2.221230983734131,2.2747550010681152,1.9562453031539917,848971
2004-08-23,2.266726016998291,2.3015170097351074,2.249330997467041,2.281445026397705,1.9619983434677124,1254773
2004-08-24,2.3082070350646973,2.3684210777282715,2.2921500205993652,2.3015170097351074,1.9792598485946655,1570147
2004-08-25,2.3015170097351074,2.3028550148010254,2.2747550010681152,2.282783031463623,1.963149070739746,718935
2004-08-26,2.269402027130127,2.270740032196045,2.1743979454040527,2.243978977203369,1.929778814315796,1171819
2004-08-27,2.2105259895324707,2.2573599815368652,2.2105259895324707,2.233273983001709,1.9205721616744995,370677
2004-08-30,2.266726016998291,2.3015170097351074,2.264050006866455,2.285459041595459,1.9654512405395508,668116
2004-08-31,2.285459041595459,2.328278064727783,2.285459041595459,2.3068690299987793,1.9838625192642212,770501
2004-09-01,2.3403210639953613,2.3416590690612793,2.2747550010681152,2.312221050262451,1.9884655475616455,859433
2004-09-02,2.3363070487976074,2.4085640907287598,2.314897060394287,2.3537020683288574,2.0241379737854004,1308581
2004-09-03,2.3483500480651855,2.3844780921936035,2.3429970741271973,2.3550400733947754,2.0252888202667236,654664
2004-09-07,2.3884921073913574,2.4754679203033447,2.3884921073913574,2.4112401008605957,2.073620080947876,2664991
2004-09-08,2.478144884109497,2.478144884109497,2.4018731117248535,2.4099020957946777,2.0724689960479736,1903458
2004-09-09,2.435326099395752,2.4433538913726807,2.3737730979919434,2.4152541160583496,2.0770726203918457,840750
2004-09-10,2.423283100128174,2.455396890640259,2.421945095062256,2.433988094329834,2.0931825637817383,706230
2004-09-13,2.433988094329834,2.4460299015045166,2.3938450813293457,2.4018731117248535,2.0655641555786133,1887764
2004-09-14,2.4099020957946777,2.4286348819732666,2.4005351066589355,2.4085640907287598,2.0713179111480713,1162851
2004-09-15,2.3751120567321777,2.3777880668640137,2.296164035797119,2.3349690437316895,2.008028507232666,2401182
2004-09-16,2.3376450538635254,2.4112401008605957,2.3376450538635254,2.4018731117248535,2.0655641555786133,1012637
2004-09-17,2.424621105194092,2.4259591102600098,2.3697590827941895,2.3751120567321777,2.0425503253936768,347510
2004-09-20,2.3657450675964355,2.3737730979919434,2.3429970741271973,2.3684210777282715,2.0367965698242188,961818
2004-09-21,2.4085640907287598,2.4286348819732666,2.4018731117248535,2.407226085662842,2.0701675415039062,709219
2004-09-22,2.405888080596924,2.4406778812408447,2.3416590690612793,2.3684210777282715,2.0367965698242188,1085875
2004-09-23,2.3644070625305176,2.3670830726623535,2.328278064727783,2.3537020683288574,2.0241379737854004,960323
2004-09-24,2.3563780784606934,2.3777880668640137,2.3055310249328613,2.312221050262451,1.9884655475616455,681568
2004-09-27,2.314897060394287,2.3751120567321777,2.284121036529541,2.3751120567321777,2.0425503253936768,1452816
2004-09-28,2.3617310523986816,2.3697590827941895,2.328278064727783,2.3470120429992676,2.018385410308838,1460289
2004-09-29,2.3590540885925293,2.4620869159698486,2.3550400733947754,2.438002109527588,2.0966343879699707,1727835
2004-09-30,2.468777894973755,2.561105966567993,2.455396890640259,2.527653932571411,2.1737332344055176,3238943
2004-10-01,2.542372941970825,2.6360390186309814,2.528991937637329,2.5825159549713135,2.2209136486053467,3401861
2004-10-04,2.769848108291626,2.957180976867676,2.720339059829712,2.7912580966949463,2.4004275798797607,6950200
2004-10-05,2.7912580966949463,2.809990882873535,2.6761820316314697,2.700268030166626,2.322178363800049,3913037
2004-10-06,2.6387150287628174,2.74308705329895,2.6159679889678955,2.6975910663604736,2.319875717163086,4211971
2004-10-07,2.6761820316314697,2.769848108291626,2.6681530475616455,2.763158082962036,2.376262903213501,3259868
2004-10-08,2.796610116958618,2.8367528915405273,2.736396074295044,2.7765390872955322,2.387770414352417,2885454
2004-10-11,2.8233718872070312,2.8233718872070312,2.7899200916290283,2.809990882873535,2.4165377616882324,3206807
2004-10-12,2.811328887939453,2.9156999588012695,2.75646710395813,2.842104911804199,2.444154977798462,6554113
2004-10-13,2.859499931335449,2.9424619674682617,2.859499931335449,2.9103479385375977,2.502842903137207,4942115
2004-10-14,2.9103479385375977,3.01070499420166,2.9103479385375977,2.9585189819335938,2.544268846511841,7080236
2004-10-15,3.044157028198242,3.04549503326416,2.5557539463043213,2.8755578994750977,2.472923755645752,7882125
2004-10-18,2.8755578994750977,2.8755578994750977,2.809990882873535,2.8340768814086914,2.437251091003418,4173109
2004-10-19,2.8768959045410156,2.9437999725341797,2.8768959045410156,2.9116859436035156,2.5039937496185303,3962361
2004-10-20,2.9036569595336914,2.9237289428710938,2.8059771060943604,2.8314011096954346,2.434950113296509,4153679
2004-10-21,2.8180201053619385,2.8849239349365234,2.812666893005371,2.842104911804199,2.444154977798462,2385488
2004-10-22,2.8501338958740234,2.8835859298706055,2.8233718872070312,2.843442916870117,2.4453063011169434,1769685
2004-10-25,2.844780921936035,2.8581619262695312,2.748439073562622,2.7912580966949463,2.4004275798797607,2705347
2004-10-26,2.8059771060943604,2.8206961154937744,2.736396074295044,2.783229112625122,2.3935229778289795,2918337
2004-10-27,2.783229112625122,2.8942909240722656,2.781891107559204,2.8661909103393555,2.4648680686950684,2460969
2004-10-28,2.9103479385375977,2.949152946472168,2.8581619262695312,2.9277429580688477,2.5178024768829346,3294993
2004-10-29,2.9290809631347656,2.9304189682006836,2.8501338958740234,2.8541479110717773,2.454511880874634,3450438
2004-11-01,2.843442916870117,2.8568239212036133,2.809990882873535,2.809990882873535,2.4165377616882324,3238943
2004-11-02,2.859499931335449,2.8795719146728516,2.8180201053619385,2.8367528915405273,2.4395523071289062,2012569
2004-11-03,2.983942985534668,2.997323989868164,2.9264049530029297,2.987957000732422,2.5695853233337402,4296419
2004-11-04,2.990633010864258,3.1645851135253906,2.963871955871582,3.1097230911254883,2.6743013858795166,4493715
2004-11-05,3.2114179134368896,3.2114179134368896,2.981266975402832,3.016057014465332,2.5937511920928955,8373123
2004-11-08,3.044157028198242,3.0548620223999023,2.981266975402832,2.995985984802246,2.5764901638031006,4785923
2004-11-09,2.997323989868164,3.01070499420166,2.8768959045410156,2.9437999725341797,2.531611204147339,4891297
2004-11-10,2.955842971801758,2.983942985534668,2.921052932739258,2.9277429580688477,2.5178024768829346,2312249
2004-11-11,2.9036569595336914,2.969223976135254,2.8969669342041016,2.9411239624023438,2.5293095111846924,1851892
2004-11-12,2.9437999725341797,2.990633010864258,2.9437999725341797,2.969223976135254,2.5534753799438477,2214349
2004-11-15,3.009366989135742,3.077609062194824,3.004014015197754,3.064228057861328,2.6351773738861084,3451185
2004-11-16,3.0829620361328125,3.140500068664551,3.06289005279541,3.1016950607299805,2.6673977375030518,2618656
2004-11-17,3.157895088195801,3.1779661178588867,3.1244421005249023,3.1378231048583984,2.6984670162200928,2252463
2004-11-18,3.1512041091918945,3.157895088195801,3.044157028198242,3.077609062194824,2.6466848850250244,2342890
2004-11-19,3.077609062194824,3.077609062194824,3.014719009399414,3.026762008666992,2.6029562950134277,1319791
2004-11-22,3.026762008666992,3.0762710571289062,2.983942985534668,3.0669050216674805,2.637479305267334,1484204
2004-11-23,3.0722570419311523,3.077609062194824,3.01739501953125,3.036128044128418,2.6110105514526367,943882
2004-11-24,3.020071029663086,3.0936660766601562,3.016057014465332,3.0883140563964844,2.655890703201294,1711393
2004-11-26,3.169938087463379,3.283674955368042,3.1445140838623047,3.1659231185913086,2.72263240814209,2263673
2004-11-29,3.3050849437713623,3.3050849437713623,3.2114179134368896,3.231489896774292,2.779019355773926,3081255
2004-11-30,3.291703939437866,3.3465659618377686,3.244870901107788,3.271631956100464,2.813539743423462,2490862
2004-12-01,3.2890279293060303,3.4241750240325928,3.2890279293060303,3.4148080348968506,2.936668872833252,3185882
2004-12-02,3.4161460399627686,3.436218023300171,3.3184659481048584,3.3479039669036865,2.8791327476501465,3556559
2004-12-03,3.3586080074310303,3.3679749965667725,3.28501296043396,3.3238179683685303,2.858419418334961,1987159
2004-12-06,3.27832293510437,3.345227003097534,3.188671112060547,3.24353289604187,2.7893757820129395,3082003
2004-12-07,3.25691294670105,3.314450979232788,3.1177520751953125,3.1592330932617188,2.7168798446655273,3354032
2004-12-08,3.1913468837738037,3.235503911972046,3.140500068664551,3.2247989177703857,2.7732648849487305,4297167
2004-12-09,3.1779661178588867,3.1779661178588867,3.01070499420166,3.1030330657958984,2.668548822402954,4154426
2004-12-10,3.1030330657958984,3.2114179134368896,3.095004081726074,3.1177520751953125,2.6812069416046143,1475983
2004-12-13,3.184657096862793,3.25022292137146,3.155219078063965,3.236841917037964,2.783620834350586,1908689
2004-12-14,3.25022292137146,3.33050799369812,3.248884916305542,3.3224799633026123,2.8572685718536377,2451253
2004-12-15,3.345227003097534,3.4081180095672607,3.283674955368042,3.3532559871673584,2.883734941482544,1417691
2004-12-16,3.345227003097534,3.3786799907684326,3.251560926437378,3.279660940170288,2.820444107055664,1106801
2004-12-17,3.27832293510437,3.345227003097534,3.270293951034546,3.345227003097534,2.876830577850342,1378083
2004-12-20,3.345227003097534,3.3719890117645264,3.266279935836792,3.345227003097534,2.876830577850342,1369115
2004-12-21,3.3746650218963623,3.3893840312957764,3.283674955368042,3.315788984298706,2.851515293121338,827298
2004-12-22,3.31311297416687,3.3719890117645264,3.27832293510437,3.345227003097534,2.876830577850342,3446701
2004-12-23,3.3786799907684326,3.438894033432007,3.345227003097534,3.3987510204315186,2.9228601455688477,2680685
2004-12-27,3.4121320247650146,3.438894033432007,3.3385369777679443,3.3465659618377686,2.8779823780059814,1582105
2004-12-28,3.3479039669036865,3.3920609951019287,3.345227003097534,3.3760039806365967,2.9032981395721436,934167
2004-12-29,3.4027650356292725,3.4041030406951904,3.3586080074310303,3.3652989864349365,2.894092559814453,605340
2004-12-30,3.3907229900360107,3.3907229900360107,3.3050849437713623,3.31311297416687,2.849212884902954,2409403
2004-12-31,3.345227003097534,3.3853700160980225,3.298393964767456,3.298393964767456,2.836554765701294,2280114
2005-01-03,3.345227003097534,3.3586080074310303,3.282336950302124,3.293041944503784,2.8319520950317383,1552211
2005-01-04,3.279660940170288,3.279660940170288,3.004014015197754,3.0976810455322266,2.6639461517333984,5827705
2005-01-05,3.044157028198242,3.044157028198242,2.8902769088745117,2.9116859436035156,2.5039937496185303,7361233
2005-01-06,2.8635149002075195,2.9424619674682617,2.8233718872070312,2.93710994720459,2.52585768699646,4962293
2005-01-07,2.957180976867676,2.981266975402832,2.8795719146728516,2.8795719146728516,2.4763755798339844,2454243
2005-01-10,2.796610116958618,2.8059771060943604,2.7096340656280518,2.769848108291626,2.3820149898529053,5283647
2005-01-11,2.783229112625122,2.7912580966949463,2.719001054763794,2.752453088760376,2.367056369781494,2935525
2005-01-12,2.752453088760376,2.8541479110717773,2.752453088760376,2.8340768814086914,2.437251091003418,3385420
2005-01-13,2.8367528915405273,2.8768959045410156,2.814004898071289,2.8340768814086914,2.437251091003418,2832393
2005-01-14,2.809990882873535,2.8768959045410156,2.809990882873535,2.8340768814086914,2.437251091003418,2444527
2005-01-18,2.8675289154052734,2.9437999725341797,2.8648529052734375,2.921052932739258,2.5120489597320557,2028263
2005-01-19,2.9451379776000977,2.974575996398926,2.843442916870117,2.8849239349365234,2.480978012084961,1775664
2005-01-20,2.8849239349365234,2.8942909240722656,2.752453088760376,2.7912580966949463,2.4004275798797607,2432570
2005-01-21,2.8768959045410156,2.8835859298706055,2.781891107559204,2.8033010959625244,2.410784959793091,4081935
2005-01-24,2.720339059829712,2.72167706489563,2.6253349781036377,2.6574490070343018,2.285355567932129,4020653
2005-01-25,2.702944040298462,2.769848108291626,2.6761820316314697,2.7591440677642822,2.3728106021881104,3413071
2005-01-26,2.783229112625122,2.827385902404785,2.761820077896118,2.824709892272949,2.4291954040527344,1450574
2005-01-27,2.8367528915405273,2.8755578994750977,2.8233718872070312,2.8702049255371094,2.468320608139038,2274883
2005-01-28,2.9103479385375977,2.957180976867676,2.8702049255371094,2.8715429306030273,2.469470977783203,2200897
2005-01-31,2.9772520065307617,2.9772520065307617,2.9170379638671875,2.9437999725341797,2.531611204147339,2331680
2005-02-01,2.955842971801758,3.001338005065918,2.9264049530029297,2.998661994934082,2.5787906646728516,1887764
2005-02-02,2.970561981201172,2.970561981201172,2.9103479385375977,2.9143619537353516,2.5062947273254395,2262925
2005-02-03,2.9237289428710938,2.953166961669922,2.8969669342041016,2.9143619537353516,2.5062947273254395,951355
2005-02-04,2.949152946472168,2.950490951538086,2.9170379638671875,2.938447952270508,2.5270087718963623,1179292
2005-02-07,2.9156999588012695,2.9424619674682617,2.8983049392700195,2.9076719284057617,2.5005414485931396,1182281
2005-02-08,2.9076719284057617,2.9424619674682617,2.8996429443359375,2.9264049530029297,2.5166521072387695,751070
2005-02-09,2.9411239624023438,2.9424619674682617,2.8956289291381836,2.9023189544677734,2.4959375858306885,798899
2005-02-10,2.9103479385375977,2.970561981201172,2.8728809356689453,2.970561981201172,2.554626226425171,1836198
2005-02-11,2.970561981201172,3.1043710708618164,2.9464759826660156,3.0588760375976562,2.630574941635132,4069977
2005-02-14,3.1164140701293945,3.1177520751953125,3.064228057861328,3.0909900665283203,2.658191680908203,3235953
2005-02-15,3.0735950469970703,3.188671112060547,3.050847053527832,3.172614097595215,2.728386640548706,1981181
2005-02-16,3.1097230911254883,3.1110620498657227,3.0669050216674805,3.0936660766601562,2.6604926586151123,2481894
2005-02-17,3.04549503326416,3.0856380462646484,2.9437999725341797,2.9625329971313477,2.5477211475372314,3726204
2005-02-18,2.970561981201172,2.9772520065307617,2.9424619674682617,2.9451379776000977,2.532761812210083,1626197
2005-02-22,2.963871955871582,2.9652099609375,2.8541479110717773,2.8635149002075195,2.4625673294067383,2410897
2005-02-23,2.8648529052734375,2.8822479248046875,2.8233718872070312,2.8394289016723633,2.4418537616729736,2419118
2005-02-24,2.8407669067382812,2.8501338958740234,2.75646710395813,2.8233718872070312,2.4280457496643066,3312181
2005-02-25,2.8233718872070312,2.8621768951416016,2.8233718872070312,2.843442916870117,2.4453063011169434,1995380
2005-02-28,2.9036569595336914,2.9598569869995117,2.8996429443359375,2.9090099334716797,2.501692533493042,2514777
2005-03-01,2.8327391147613525,2.8956289291381836,2.7925961017608643,2.8835859298706055,2.4798271656036377,3606631
2005-03-02,2.844780921936035,2.8661909103393555,2.824709892272949,2.8501338958740234,2.451059579849243,1995380
2005-03-03,2.9330949783325195,2.93710994720459,2.8849239349365234,2.9103479385375977,2.502842903137207,2322712
2005-03-04,2.9652099609375,2.990633010864258,2.949152946472168,2.97189998626709,2.5557758808135986,2605204
2005-03-07,2.997323989868164,3.002676010131836,2.955842971801758,2.978590965270996,2.561530828475952,1169577
2005-03-08,2.9464759826660156,2.995985984802246,2.9451379776000977,2.9451379776000977,2.532761812210083,1324275
2005-03-09,2.950490951538086,2.966547966003418,2.9103479385375977,2.9143619537353516,2.5062947273254395,622529
2005-03-10,2.9437999725341797,2.950490951538086,2.844780921936035,2.8782339096069336,2.4752254486083984,916231
2005-03-11,2.8702049255371094,2.9076719284057617,2.8233718872070312,2.8233718872070312,2.4280457496643066,1109790
2005-03-14,2.8501338958740234,2.8902769088745117,2.8166821002960205,2.8206961154937744,2.425743579864502,1496909
2005-03-15,2.8367528915405273,2.8474578857421875,2.814004898071289,2.842104911804199,2.444154977798462,860928
2005-03-16,2.843442916870117,2.843442916870117,2.780553102493286,2.7872440814971924,2.3969759941101074,1029825
2005-03-17,2.77787709236145,2.8086531162261963,2.7738630771636963,2.796610116958618,2.4050307273864746,724913
2005-03-18,2.797947883605957,2.844780921936035,2.783229112625122,2.8233718872070312,2.4280457496643066,833277
2005-03-21,2.809990882873535,2.809990882873535,2.745763063430786,2.7925961017608643,2.401578426361084,1163598
2005-03-22,2.751115083694458,2.7952721118927,2.74977707862854,2.763158082962036,2.376262903213501,990217
2005-03-23,2.70428204536438,2.733720064163208,2.689563035964966,2.705620050430298,2.3267810344696045,1388545
2005-03-24,2.688225030899048,2.736396074295044,2.6815340518951416,2.723015069961548,2.341740131378174,1292139
2005-03-28,2.733720064163208,2.7738630771636963,2.716325044631958,2.74977707862854,2.3647549152374268,1116516
2005-03-29,2.716325044631958,2.737734079360962,2.6628010272979736,2.689563035964966,2.312972068786621,1458047
2005-03-30,2.6628010272979736,2.6935770511627197,2.6628010272979736,2.6922390460968018,2.3152740001678467,1094096
2005-03-31,2.74308705329895,2.7899200916290283,2.731044054031372,2.731044054031372,2.3486454486846924,1957266
2005-04-01,2.7899200916290283,2.809990882873535,2.76717209815979,2.7939341068267822,2.402729034423828,1368367
2005-04-04,2.796610116958618,2.8059771060943604,2.7752010822296143,2.7912580966949463,2.4004275798797607,953597
2005-04-05,2.76717209815979,2.8193581104278564,2.74308705329895,2.811328887939453,2.4176881313323975,1425165
2005-04-06,2.8233718872070312,2.8394289016723633,2.7872440814971924,2.830061912536621,2.433798313140869,1246552
2005-04-07,2.8501338958740234,2.8554859161376953,2.769848108291626,2.769848108291626,2.3820149898529053,1100075
2005-04-08,2.75646710395813,2.763158082962036,2.708296060562134,2.733720064163208,2.3509466648101807,987227
2005-04-11,2.74977707862854,2.74977707862854,2.6668150424957275,2.7096340656280518,2.330233097076416,1475236
2005-04-12,2.713649034500122,2.71498703956604,2.6226580142974854,2.6975910663604736,2.319875717163086,1385556
2005-04-13,2.670830011367798,2.70428204536438,2.5878679752349854,2.6413919925689697,2.2715463638305664,1261499
2005-04-14,2.4754679203033447,2.543710947036743,2.4620869159698486,2.528991937637329,2.174884080886841,4556491
2005-04-15,2.4112401008605957,2.512934923171997,2.4112401008605957,2.454058885574341,2.110442876815796,2352605
2005-04-18,2.448707103729248,2.483496904373169,2.3537020683288574,2.423283100128174,2.0839765071868896,2725525
2005-04-19,2.4085640907287598,2.435326099395752,2.3630690574645996,2.4125781059265137,2.074770212173462,2227801
2005-04-20,2.4607489109039307,2.4754679203033447,2.3657450675964355,2.3657450675964355,2.0344951152801514,1842924
2005-04-21,2.3938450813293457,2.5530779361724854,2.3938450813293457,2.5530779361724854,2.1955976486206055,2449011
2005-04-22,2.6159679889678955,2.6427299976348877,2.5557539463043213,2.6226580142974854,2.2554354667663574,4120049
2005-04-25,2.6413919925689697,2.6427299976348877,2.479482889175415,2.518286943435669,2.1656785011291504,3819621
2005-04-26,2.508920907974243,2.515610933303833,2.454058885574341,2.479482889175415,2.1323070526123047,3333107
2005-04-27,2.4620869159698486,2.468777894973755,2.407226085662842,2.4620869159698486,2.117347002029419,1834703
2005-04-28,2.448707103729248,2.4754679203033447,2.4420158863067627,2.4620869159698486,2.117347002029419,1772675
2005-04-29,2.528991937637329,2.528991937637329,2.433988094329834,2.471453905105591,2.1254024505615234,1058224
2005-05-02,2.470115900039673,2.494201898574829,2.439340114593506,2.4741299152374268,2.1277031898498535,1213669
2005-05-03,2.4741299152374268,2.482158899307251,2.450045108795166,2.478144884109497,2.1311564445495605,724166
2005-05-04,2.483496904373169,2.530329942703247,2.4620869159698486,2.508920907974243,2.157623291015625,875127
2005-05-05,2.542372941970825,2.5731489658355713,2.515610933303833,2.5544159412384033,2.1967475414276123,1763707
2005-05-06,2.5744869709014893,2.6092770099639893,2.543710947036743,2.5704729557037354,2.210557460784912,1076907
2005-05-09,2.5865299701690674,2.6092770099639893,2.500891923904419,2.5758249759674072,2.2151598930358887,1106801
2005-05-10,2.5584299564361572,2.561105966567993,2.518286943435669,2.527653932571411,2.1737332344055176,756301
2005-05-11,2.502229928970337,2.515610933303833,2.488848924636841,2.503567934036255,2.153020143508911,691283
2005-05-12,2.528991937637329,2.5557539463043213,2.488848924636841,2.500891923904419,2.150718927383423,476799
2005-05-13,2.515610933303833,2.5223019123077393,2.490186929702759,2.498215913772583,2.1484172344207764,996943
2005-05-16,2.542372941970825,2.542372941970825,2.508920907974243,2.535681962966919,2.1806371212005615,702493
2005-05-17,2.515610933303833,2.515610933303833,2.472791910171509,2.512934923171997,2.1610751152038574,792921
2005-05-18,2.512934923171997,2.6628010272979736,2.512934923171997,2.6360390186309814,2.266942262649536,2135131
2005-05-19,2.6025869846343994,2.6333630084991455,2.5851919651031494,2.6079390048980713,2.242777109146118,789931
2005-05-20,2.6025869846343994,2.6092770099639893,2.5851919651031494,2.6039249897003174,2.239325523376465,1000679
2005-05-23,2.5704729557037354,2.6748440265655518,2.5704729557037354,2.6520960330963135,2.2807514667510986,1434133
2005-05-24,2.6761820316314697,2.6761820316314697,2.6186439990997314,2.6520960330963135,2.2807514667510986,589646
2005-05-25,2.66949200630188,2.673506021499634,2.6146299839019775,2.6520960330963135,2.2807514667510986,1257762
2005-05-26,2.7096340656280518,2.8768959045410156,2.701606035232544,2.8768959045410156,2.4740753173828125,2255452
2005-05-27,2.8768959045410156,2.8768959045410156,2.768510103225708,2.809990882873535,2.4165377616882324,1800326
2005-05-31,2.8501338958740234,2.8501338958740234,2.768510103225708,2.799285888671875,2.407331705093384,984238
2005-06-01,2.769848108291626,2.8367528915405273,2.769848108291626,2.815342903137207,2.4211411476135254,1029078
2005-06-02,2.800623893737793,2.824709892272949,2.7591440677642822,2.809990882873535,2.4165377616882324,1301855
2005-06-03,2.8180201053619385,2.8407669067382812,2.7872440814971924,2.8059771060943604,2.413086414337158,1014879
2005-06-06,2.796610116958618,2.8902769088745117,2.7925961017608643,2.8902769088745117,2.485582113265991,1119505
2005-06-07,2.8902769088745117,2.9103479385375977,2.8862619400024414,2.8929529190063477,2.4878833293914795,1001427
2005-06-08,2.8916149139404297,2.8916149139404297,2.8340768814086914,2.8514719009399414,2.4522104263305664,1122495
2005-06-09,2.827385902404785,2.9237289428710938,2.8220338821411133,2.9237289428710938,2.514350175857544,1124737
2005-06-10,2.9170379638671875,2.9170379638671875,2.8608388900756836,2.8822479248046875,2.4786763191223145,889327
2005-06-13,2.9103479385375977,2.9170379638671875,2.8608388900756836,2.8742189407348633,2.471773147583008,634486
2005-06-14,2.9036569595336914,2.9036569595336914,2.8715429306030273,2.8809099197387695,2.4775264263153076,724913
2005-06-15,2.8809099197387695,2.8969669342041016,2.8541479110717773,2.8768959045410156,2.4740753173828125,1669543
2005-06-16,2.9023189544677734,2.9304189682006836,2.8635149002075195,2.9170379638671875,2.508596181869507,2547659
2005-06-17,2.9237289428710938,2.963871955871582,2.91971492767334,2.9317569732666016,2.521254062652588,1254025
2005-06-20,2.9625329971313477,2.994647979736328,2.9063339233398438,2.9063339233398438,2.4993906021118164,943882
2005-06-21,2.93710994720459,2.957180976867676,2.9116859436035156,2.9183759689331055,2.50974702835083,1949793
2005-06-22,2.9304189682006836,2.970561981201172,2.8688669204711914,2.8768959045410156,2.4740753173828125,1694205
2005-06-23,2.8862619400024414,2.9090099334716797,2.796610116958618,2.8059771060943604,2.413086414337158,2044704
2005-06-24,2.830061912536621,2.8394289016723633,2.764496088027954,2.7765390872955322,2.387770414352417,2495346
2005-06-27,2.824709892272949,2.8367528915405273,2.783229112625122,2.809990882873535,2.4165377616882324,1399008
2005-06-28,2.74308705329895,2.771186113357544,2.689563035964966,2.689563035964966,2.312972068786621,2832393
2005-06-29,2.7123100757598877,2.8019630908966064,2.7123100757598877,2.73907208442688,2.368511199951172,2100007
2005-06-30,2.7752010822296143,2.809990882873535,2.7578060626983643,2.7912580966949463,2.413637161254883,1446090
2005-07-01,2.7912580966949463,2.809990882873535,2.752453088760376,2.753791093826294,2.3812384605407715,973028
2005-07-05,2.753791093826294,2.77787709236145,2.706958055496216,2.769848108291626,2.395123243331909,1922141
2005-07-06,2.74977707862854,2.8206961154937744,2.74977707862854,2.8206961154937744,2.4390926361083984,1384061
2005-07-07,2.7765390872955322,2.8019630908966064,2.74308705329895,2.785904884338379,2.4090077877044678,1612745
2005-07-08,2.8033010959625244,2.842104911804199,2.8033010959625244,2.8354148864746094,2.45181941986084,1313812
2005-07-11,2.830061912536621,2.8902769088745117,2.826047897338867,2.8768959045410156,2.4876883029937744,2025273
2005-07-12,2.843442916870117,2.843442916870117,2.7591440677642822,2.769848108291626,2.395123243331909,2697873
2005-07-13,2.769848108291626,2.814004898071289,2.763158082962036,2.7899200916290283,2.412480115890503,1727087
2005-07-14,2.8180201053619385,2.8233718872070312,2.74308705329895,2.744425058364868,2.3731393814086914,1870575
2005-07-15,2.741748094558716,2.74308705329895,2.701606035232544,2.70428204536438,2.338428020477295,1393029
2005-07-18,2.70428204536438,2.768510103225708,2.702944040298462,2.75646710395813,2.3835530281066895,1113527
2005-07-19,2.769848108291626,2.843442916870117,2.744425058364868,2.8340768814086914,2.4506633281707764,1347442
2005-07-20,2.769848108291626,2.8487958908081055,2.769848108291626,2.842104911804199,2.4576048851013184,1114274
2005-07-21,2.8367528915405273,2.8367528915405273,2.769848108291626,2.8166821002960205,2.435621500015259,1516339
2005-07-22,2.8768959045410156,2.8835859298706055,2.809990882873535,2.8367528915405273,2.452976942062378,1225627
2005-07-25,2.8715429306030273,2.8715429306030273,2.73238205909729,2.769848108291626,2.395123243331909,1808547
2005-07-26,2.74977707862854,2.751115083694458,2.673506021499634,2.6761820316314697,2.314129114151001,2490862
2005-07-27,2.6775200366973877,2.736396074295044,2.6775200366973877,2.736396074295044,2.366197109222412,1076160
2005-07-28,2.736396074295044,2.765834093093872,2.702944040298462,2.713649034500122,2.346527099609375,1692710
2005-07-29,2.713649034500122,2.729706048965454,2.708296060562134,2.729706048965454,2.3604116439819336,563489
2005-08-01,2.6962530612945557,2.719001054763794,2.684211015701294,2.702944040298462,2.337270498275757,2146341
2005-08-02,2.698930025100708,2.701606035232544,2.6494200229644775,2.698930025100708,2.3337996006011963,2824920
2005-08-03,2.6761820316314697,2.7096340656280518,2.6761820316314697,2.702944040298462,2.337270498275757,1202459
2005-08-04,2.705620050430298,2.705620050430298,2.6628010272979736,2.66949200630188,2.3083441257476807,1009647
2005-08-05,2.6574490070343018,2.6574490070343018,2.5664589405059814,2.6239960193634033,2.269003391265869,2305523
2005-08-08,2.5851919651031494,2.6293489933013916,2.5758249759674072,2.6012489795684814,2.2493340969085693,1582105
2005-08-09,2.6347010135650635,2.6654770374298096,2.6025869846343994,2.6092770099639893,2.256275177001953,2580542
2005-08-10,2.6480820178985596,2.670830011367798,2.6199820041656494,2.6480820178985596,2.2898306846618652,2721788
2005-08-11,2.6601250171661377,2.6628010272979736,2.6293489933013916,2.6360390186309814,2.279416799545288,2259936
2005-08-12,2.6226580142974854,2.6333630084991455,2.6052629947662354,2.6186439990997314,2.2643749713897705,1235342
2005-08-15,2.6092770099639893,2.6628010272979736,2.6039249897003174,2.6494200229644775,2.290987491607666,1888511
2005-08-16,2.6614630222320557,2.6628010272979736,2.6092770099639893,2.6092770099639893,2.256275177001953,1461037
2005-08-17,2.6253349781036377,2.6387150287628174,2.5918819904327393,2.6106159687042236,2.2574334144592285,4253821
2005-08-18,2.6293489933013916,2.6293489933013916,2.5985729694366455,2.6052629947662354,2.2528042793273926,1822746
2005-08-19,2.5972349643707275,2.6213200092315674,2.5731489658355713,2.5825159549713135,2.233135461807251,2292819
2005-08-22,2.5557539463043213,2.6025869846343994,2.549062967300415,2.5691349506378174,2.221564769744873,1632923
2005-08-23,2.543710947036743,2.5557539463043213,2.5223019123077393,2.535681962966919,2.192636728286743,1627692
2005-08-24,2.482158899307251,2.542372941970825,2.482158899307251,2.504905939102173,2.166024684906006,1901216
2005-08-25,2.5557539463043213,2.5677969455718994,2.524977922439575,2.559767961502075,2.2134642601013184,1419933
2005-08-26,2.5530779361724854,2.5892059803009033,2.524977922439575,2.5851919651031494,2.2354493141174316,1459542
2005-08-29,2.5851919651031494,2.6280109882354736,2.5570919513702393,2.6213200092315674,2.2666895389556885,1392282
2005-08-30,2.6106159687042236,2.6293489933013916,2.5530779361724854,2.565119981765747,2.218092918395996,1562674
2005-08-31,2.515610933303833,2.6520960330963135,2.515610933303833,2.6520960330963135,2.293301582336426,919220
2005-09-01,2.6440680027008057,2.66949200630188,2.6146299839019775,2.6159679889678955,2.26206111907959,2089544
2005-09-02,2.9437999725341797,2.9464759826660156,2.6173059940338135,2.6788580417633057,2.3164432048797607,1271961
2005-09-06,2.702944040298462,2.716325044631958,2.6520960330963135,2.705620050430298,2.3395843505859375,1825735
2005-09-07,2.708296060562134,2.7109720706939697,2.673506021499634,2.6761820316314697,2.314129114151001,1104559
2005-09-08,2.6761820316314697,2.6815340518951416,2.6387150287628174,2.6574490070343018,2.2979304790496826,1129968
2005-09-09,2.670830011367798,2.689563035964966,2.6494200229644775,2.6761820316314697,2.314129114151001,2985970
2005-09-12,2.6494200229644775,2.769848108291626,2.6092770099639893,2.761820077896118,2.388181686401367,2092907
2005-09-13,2.76717209815979,2.76717209815979,2.702944040298462,2.729706048965454,2.3604116439819336,1231979
2005-09-14,2.780553102493286,2.780553102493286,2.670830011367798,2.716325044631958,2.3488409519195557,1359026
2005-09-15,2.6788580417633057,2.7270290851593018,2.6788580417633057,2.72167706489563,2.3534698486328125,855697
2005-09-16,2.72167706489563,2.7270290851593018,2.689563035964966,2.713649034500122,2.346527099609375,468952
2005-09-19,2.68688702583313,2.702944040298462,2.6761820316314697,2.6975910663604736,2.332641839981079,637475
2005-09-20,2.702944040298462,2.729706048965454,2.6949150562286377,2.7270290851593018,2.3580970764160156,1841429
2005-09-21,2.753791093826294,2.753791093826294,2.684211015701294,2.689563035964966,2.325700044631958,1171071
2005-09-22,2.6761820316314697,2.6761820316314697,2.5718109607696533,2.5932199954986572,2.2423911094665527,1703920
2005-09-23,2.5825159549713135,2.6173059940338135,2.5664589405059814,2.5985729694366455,2.2470197677612305,720429
2005-09-26,2.6761820316314697,2.68688702583313,2.6226580142974854,2.6601250171661377,2.3002445697784424,1315680
2005-09-27,2.6788580417633057,2.7109720706939697,2.6681530475616455,2.702944040298462,2.337270498275757,1563421
2005-09-28,2.6761820316314697,2.713649034500122,2.6681530475616455,2.713649034500122,2.346527099609375,906515
2005-09-29,2.68688702583313,2.74308705329895,2.6815340518951416,2.68688702583313,2.32338547706604,905394
2005-09-30,2.68688702583313,2.7725250720977783,2.6761820316314697,2.7725250720977783,2.3974385261535645,1359399
2005-10-03,2.75646710395813,2.7591440677642822,2.708296060562134,2.716325044631958,2.3488409519195557,1655343
2005-10-04,2.812666893005371,2.8902769088745117,2.809990882873535,2.8501338958740234,2.4645473957061768,3099939
2005-10-05,2.8233718872070312,2.8608388900756836,2.8073151111602783,2.828723907470703,2.4460337162017822,2300666
2005-10-06,2.74308705329895,2.799285888671875,2.729706048965454,2.799285888671875,2.420578718185425,1031320
2005-10-07,2.729706048965454,2.783229112625122,2.719001054763794,2.76717209815979,2.3928093910217285,1471873
2005-10-10,2.77787709236145,2.8046391010284424,2.761820077896118,2.796610116958618,2.4182653427124023,600856
2005-10-11,2.8367528915405273,2.8554859161376953,2.815342903137207,2.828723907470703,2.4460337162017822,1035804
2005-10-12,2.812666893005371,2.826047897338867,2.729706048965454,2.745763063430786,2.3742964267730713,1280182
2005-10-13,2.719001054763794,2.74308705329895,2.6761820316314697,2.729706048965454,2.3604116439819336,884095
2005-10-14,2.702944040298462,2.740410089492798,2.6654770374298096,2.716325044631958,2.3488409519195557,1140057
2005-10-17,2.713649034500122,2.713649034500122,2.6815340518951416,2.6975910663604736,2.332641839981079,587404
2005-10-18,2.68688702583313,2.729706048965454,2.6761820316314697,2.6788580417633057,2.3164432048797607,1406108
2005-10-19,2.702944040298462,2.716325044631958,2.5744869709014893,2.6654770374298096,2.3048720359802246,2549528
2005-10-20,2.6761820316314697,2.6761820316314697,2.6199820041656494,2.6413919925689697,2.284045696258545,1577247
2005-10-21,2.6949150562286377,2.729706048965454,2.6788580417633057,2.719001054763794,2.3511552810668945,1007032
2005-10-24,2.6226580142974854,2.74308705329895,2.6226580142974854,2.716325044631958,2.3488409519195557,1372478
2005-10-25,2.6761820316314697,2.713649034500122,2.654772996902466,2.702944040298462,2.337270498275757,1137441
2005-10-26,2.6788580417633057,2.716325044631958,2.6761820316314697,2.6922390460968018,2.3280141353607178,823561
2005-10-27,2.689563035964966,2.6922390460968018,2.5825159549713135,2.6494200229644775,2.290987491607666,1447585
2005-10-28,2.6226580142974854,2.6601250171661377,2.6226580142974854,2.6467440128326416,2.2886736392974854,353862
2005-10-31,2.6574490070343018,2.729706048965454,2.6574490070343018,2.7270290851593018,2.3580970764160156,914736
2005-11-01,2.737734079360962,2.740410089492798,2.6922390460968018,2.729706048965454,2.3604116439819336,1080644
2005-11-02,2.724353075027466,2.753791093826294,2.705620050430298,2.751115083694458,2.3789243698120117,925572
2005-11-03,2.751115083694458,2.796610116958618,2.72167706489563,2.7939341068267822,2.415951728820801,902779
2005-11-04,2.8073151111602783,2.8073151111602783,2.702944040298462,2.7725250720977783,2.3974385261535645,1078776
2005-11-07,2.748439073562622,2.785904884338379,2.724353075027466,2.764496088027954,2.390495538711548,675589
2005-11-08,2.809990882873535,2.8340768814086914,2.796610116958618,2.8233718872070312,2.441406011581421,1157993
2005-11-09,2.799285888671875,2.8501338958740234,2.77787709236145,2.8501338958740234,2.4645473957061768,792173
2005-11-10,2.8233718872070312,2.8608388900756836,2.796610116958618,2.842104911804199,2.4576048851013184,975644
2005-11-11,2.8768959045410156,2.9170379638671875,2.8501338958740234,2.9036569595336914,2.5108296871185303,1166587
2005-11-14,2.9036569595336914,2.957180976867676,2.8554859161376953,2.949152946472168,2.550170660018921,1257388
2005-11-15,2.957180976867676,2.9759140014648438,2.9250669479370117,2.951828956604004,2.5524847507476807,1768564
2005-11-16,2.8902769088745117,2.938447952270508,2.8635149002075195,2.8929529190063477,2.501573085784912,1092601
2005-11-17,2.91971492767334,2.981266975402832,2.9170379638671875,2.981266975402832,2.5779404640197754,976017
2005-11-18,2.994647979736328,3.0374670028686523,2.983942985534668,3.0374670028686523,2.626537322998047,1141925
2005-11-21,3.0240859985351562,3.04549503326416,2.983942985534668,3.016057014465332,2.6080241203308105,894558
2005-11-22,2.997323989868164,3.0240859985351562,2.9598569869995117,2.986618995666504,2.5825679302215576,689415
2005-11-23,3.0240859985351562,3.0535240173339844,2.991971015930176,3.048171043395996,2.6357927322387695,801889
2005-11-25,3.064228057861328,3.064228057861328,3.005352020263672,3.0535240173339844,2.6404213905334473,684557
2005-11-28,3.050847053527832,3.050847053527832,3.013381004333496,3.0347900390625,2.6242220401763916,594877
2005-11-29,3.016057014465332,3.0347900390625,2.970561981201172,3.002676010131836,2.596451997756958,473809
2005-11-30,2.9437999725341797,2.981266975402832,2.9063339233398438,2.9437999725341797,2.545541763305664,1013384
2005-12-01,2.9437999725341797,3.0240859985351562,2.9437999725341797,2.997323989868164,2.591824531555176,1003295
2005-12-02,3.013381004333496,3.013381004333496,2.938447952270508,2.986618995666504,2.5825679302215576,1500272
2005-12-05,2.986618995666504,2.986618995666504,2.91971492767334,2.91971492767334,2.524714946746826,740981
2005-12-06,2.967885971069336,2.983942985534668,2.9330949783325195,2.970561981201172,2.5686824321746826,1006284
2005-12-07,2.98929500579834,2.997323989868164,2.949152946472168,2.95450496673584,2.5547986030578613,825430
2005-12-08,2.9437999725341797,2.970561981201172,2.9304189682006836,2.970561981201172,2.5686824321746826,1251783
2005-12-09,2.970561981201172,3.0,2.9464759826660156,2.991971015930176,2.587195873260498,877743
2005-12-12,2.991971015930176,3.048171043395996,2.991971015930176,3.048171043395996,2.6357927322387695,656159
2005-12-13,3.0562000274658203,3.077609062194824,3.0347900390625,3.0588760375976562,2.645049810409546,1155004
2005-12-14,3.0562000274658203,3.077609062194824,3.0401430130004883,3.0588760375976562,2.645049810409546,482404
2005-12-15,3.04549503326416,3.1445140838623047,3.04549503326416,3.1445140838623047,2.7191014289855957,1352673
2005-12-16,3.1445140838623047,3.1953608989715576,3.1043710708618164,3.1070470809936523,2.6867034435272217,1215164
2005-12-19,3.2060658931732178,3.27832293510437,3.1659231185913086,3.214095115661621,2.779269218444824,2106359
2005-12-20,3.2729709148406982,3.3398749828338623,3.238179922103882,3.329169988632202,2.8787763118743896,1887017
2005-12-21,3.329169988632202,3.3398749828338623,3.251560926437378,3.3024089336395264,2.8556361198425293,1262993
2005-12-22,3.3425509929656982,3.3800179958343506,3.3050849437713623,3.3666369915008545,2.9111740589141846,883722
2005-12-23,3.3933990001678467,3.4121320247650146,3.3479039669036865,3.3505799770355225,2.897289752960205,761159
2005-12-27,3.3586080074310303,3.4041030406951904,3.3345229625701904,3.3559319972991943,2.9019179344177246,815714
2005-12-28,3.3559319972991943,3.3693130016326904,3.3050849437713623,3.329169988632202,2.8787763118743896,621408
2005-12-29,3.3425509929656982,3.3987510204315186,3.3345229625701904,3.3345229625701904,2.8834052085876465,624771
2005-12-30,3.3345229625701904,3.345227003097534,3.1980369091033936,3.1980369091033936,2.76538348197937,1490930
2006-01-03,3.280998945236206,3.345227003097534,3.254236936569214,3.3238179683685303,2.87414813041687,1038046
2006-01-04,3.345227003097534,3.4121320247650146,3.326493978500366,3.3960750102996826,2.9366302490234375,1313065
2006-01-05,3.4121320247650146,3.4121320247650146,3.3880460262298584,3.4121320247650146,2.950515031814575,982743
2006-01-06,3.438894033432007,3.465656042098999,3.3880460262298584,3.438894033432007,2.9736557006835938,1424417
2006-01-09,3.4121320247650146,3.4763600826263428,3.3719890117645264,3.3987510204315186,2.93894362449646,1472994
2006-01-10,3.3479039669036865,3.3586080074310303,3.25691294670105,3.264941930770874,2.823237419128418,2024152
2006-01-11,3.1980369091033936,3.24353289604187,3.184657096862793,3.2087419033050537,2.7746407985687256,2061893
2006-01-12,3.2114179134368896,3.294379949569702,3.1980369091033936,3.1980369091033936,2.76538348197937,1712888
2006-01-13,3.2247989177703857,3.270293951034546,3.214095115661621,3.262265920639038,2.8209228515625,783579
2006-01-17,3.27832293510437,3.27832293510437,3.1953608989715576,3.2274749279022217,2.790839433670044,1273082
2006-01-18,3.27832293510437,3.503122091293335,3.264941930770874,3.438894033432007,2.9736557006835938,3162341
2006-01-19,3.6262269020080566,3.733273983001709,3.5994648933410645,3.6904549598693848,3.19118332862854,4224302
2006-01-20,3.6128458976745605,3.6984829902648926,3.532560110092163,3.564673900604248,3.0824191570281982,2688158
2006-01-23,3.6048169136047363,3.685102939605713,3.58073091506958,3.5994648933410645,3.112504243850708,1387051
2006-01-24,3.6449599266052246,3.6743979454040527,3.6289029121398926,3.6396069526672363,3.147214889526367,1122495
2006-01-25,3.6663689613342285,3.738626003265381,3.548616886138916,3.719892978668213,3.216639995574951,1620966
2006-01-26,3.7734169960021973,3.7867980003356934,3.6958069801330566,3.7867980003356934,3.2744927406311035,1134826
2006-01-27,3.776093006134033,3.8537020683288574,3.754683017730713,3.8189120292663574,3.3022632598876953,1872817
2006-01-30,4.00624418258667,4.1454057693481445,3.9259591102600098,3.9259591102600098,3.3948280811309814,4602452
2006-01-31,4.0677971839904785,4.0677971839904785,3.9607489109039307,3.9741299152374268,3.436481237411499,1830219
2006-02-01,3.971453905105591,3.971453905105591,3.9152541160583496,3.923283100128174,3.3925132751464844,1484204
2006-02-02,4.089206218719482,4.089206218719482,3.933988094329834,3.93666410446167,3.4040842056274414,2072729
2006-02-03,3.8831400871276855,3.9607489109039307,3.7734169960021973,3.8189120292663574,3.3022632598876953,2564848
2006-02-06,3.8189120292663574,3.8831400871276855,3.7921500205993652,3.8349690437316895,3.316147565841675,1412460
2006-02-07,3.8189120292663574,3.8751120567321777,3.752007007598877,3.7867980003356934,3.2744927406311035,1251410
2006-02-08,3.749330997467041,3.829616069793701,3.6824259757995605,3.7867980003356934,3.2744927406311035,1450574
2006-02-09,3.8429970741271973,3.9473679065704346,3.8269400596618652,3.8376450538635254,3.3184611797332764,2012195
2006-02-10,3.8403210639953613,3.8804640769958496,3.752007007598877,3.7734169960021973,3.262922525405884,922209
2006-02-13,3.7734169960021973,3.829616069793701,3.719892978668213,3.7279210090637207,3.223581075668335,1431891
2006-02-14,3.719892978668213,3.735949993133545,3.5432651042938232,3.6931309700012207,3.193497896194458,2232285
2006-02-15,3.741302013397217,3.743978977203369,3.6984829902648926,3.738626003265381,3.2328383922576904,991711
2006-02-16,3.743978977203369,3.8189120292663574,3.7279210090637207,3.733273983001709,3.228210210800171,1342958
2006-02-17,3.7734169960021973,3.8055310249328613,3.719892978668213,3.743978977203369,3.237466812133789,1156498
2006-02-21,3.746654987335205,3.7894740104675293,3.6583409309387207,3.6931309700012207,3.193497896194458,1550343
2006-02-22,3.519179105758667,3.741302013397217,3.5084750652313232,3.6958069801330566,3.195812225341797,1820504
2006-02-23,3.768064022064209,3.778769016265869,3.671721935272217,3.719892978668213,3.216639995574951,1254773
2006-02-24,3.733273983001709,3.7573599815368652,3.701159954071045,3.701159954071045,3.2004411220550537,758170
2006-02-27,3.743978977203369,3.8215880393981934,3.7279210090637207,3.813559055328369,3.2976341247558594,1984170
2006-02-28,3.800178050994873,3.813559055328369,3.717216968536377,3.717216968536377,3.214325428009033,1262620
2006-03-01,3.717216968536377,3.8028550148010254,3.717216968536377,3.778769016265869,3.267549753189087,1678137
2006-03-02,3.813559055328369,3.8777880668640137,3.7867980003356934,3.8456740379333496,3.325404405593872,1178918
2006-03-03,3.8563780784606934,3.907226085662842,3.8162360191345215,3.8858160972595215,3.360114574432373,1965113
2006-03-06,3.9446918964385986,3.9741299152374268,3.746654987335205,3.768064022064209,3.258293867111206,2184829
2006-03-07,3.746654987335205,3.778769016265869,3.6663689613342285,3.6931309700012207,3.193497896194458,1854508
2006-03-08,3.6663689613342285,3.6824259757995605,3.545941114425659,3.6610169410705566,3.1657285690307617,1782390
2006-03-09,3.6824259757995605,3.768064022064209,3.6610169410705566,3.6797499656677246,3.18192720413208,787316
2006-03-10,3.7091879844665527,3.752007007598877,3.7091879844665527,3.735949993133545,3.230524778366089,729771
2006-03-13,3.7734169960021973,3.800178050994873,3.703835964202881,3.719892978668213,3.216639995574951,638596
2006-03-14,3.6074929237365723,3.6529879570007324,3.575378894805908,3.6315789222717285,3.140272855758667,2684795
2006-03-15,3.5994648933410645,3.6396069526672363,3.5593221187591553,3.6369309425354004,3.1449005603790283,2044330
2006-03-16,3.5860838890075684,3.6529879570007324,3.5593221187591553,3.6529879570007324,3.158785581588745,1203580
2006-03-17,3.6181979179382324,3.6422839164733887,3.5405890941619873,3.5914359092712402,3.1055612564086914,1498777
2006-03-20,3.6583409309387207,3.794826030731201,3.6556649208068848,3.794826030731201,3.281435251235962,2085807
2006-03-21,3.7573599815368652,3.784121036529541,3.706511974334717,3.741302013397217,3.235152244567871,1039167
2006-03-22,3.7118639945983887,3.7734169960021973,3.6743979454040527,3.760035991668701,3.2513513565063477,903526
2006-03-23,3.754683017730713,3.800178050994873,3.7118639945983887,3.717216968536377,3.214325428009033,610945
2006-03-24,3.746654987335205,3.746654987335205,3.706511974334717,3.706511974334717,3.205068588256836,579183
2006-03-27,3.6797499656677246,3.7279210090637207,3.6663689613342285,3.7091879844665527,3.2073824405670166,369930
2006-03-28,3.794826030731201,3.8510260581970215,3.7573599815368652,3.760035991668701,3.2513513565063477,1901590
2006-03-29,3.8055310249328613,3.8884921073913574,3.7921500205993652,3.8884921073913574,3.362429141998291,1536144
2006-03-30,3.968777894973755,4.014273166656494,3.933988094329834,3.995539903640747,3.4549949169158936,1981554
2006-03-31,3.995539903640747,4.014273166656494,3.9099020957946777,3.979482889175415,3.4411094188690186,1325769
2006-04-03,3.979482889175415,4.014273166656494,3.923283100128174,4.014273166656494,3.471193790435791,1418439
2006-04-04,4.014273166656494,4.041035175323486,3.955396890640259,4.030330181121826,3.4850783348083496,1107548
2006-04-05,4.0517401695251465,4.0517401695251465,3.93666410446167,4.014273166656494,3.471193790435791,1014131
2006-04-06,3.987510919570923,4.041035175323486,3.9420158863067627,3.9420158863067627,3.408712148666382,799647
2006-04-07,3.923283100128174,3.955396890640259,3.8697590827941895,3.8938450813293457,3.367058515548706,1158740
2006-04-10,3.8938450813293457,3.9473679065704346,3.8644070625305176,3.8804640769958496,3.355487108230591,634486
2006-04-11,3.8777880668640137,3.939340114593506,3.754683017730713,3.778769016265869,3.267549753189087,1261872
2006-04-12,3.6770739555358887,3.746654987335205,3.5593221187591553,3.6663689613342285,3.170356512069702,3567396
2006-04-13,3.6155219078063965,3.6797499656677246,3.5673511028289795,3.6690449714660645,3.172670602798462,1967355
2006-04-17,3.746654987335205,3.9446918964385986,3.743978977203369,3.920607089996338,3.3901991844177246,1922889
2006-04-18,4.033006191253662,4.094557762145996,4.011597156524658,4.0865302085876465,3.5336759090423584,2166893
2006-04-19,4.1454057693481445,4.1480817794799805,3.8242640495300293,3.8537020683288574,3.332345962524414,3753482
2006-04-20,3.8537020683288574,3.966101884841919,3.8322930335998535,3.907226085662842,3.378628730773926,1826856
2006-04-21,3.987510919570923,3.987510919570923,3.8403210639953613,3.8751120567321777,3.3508594036102295,2019295
2006-04-24,3.8510260581970215,3.8804640769958496,3.7867980003356934,3.8563780784606934,3.334660291671753,943882
2006-04-25,3.7734169960021973,3.8510260581970215,3.7734169960021973,3.7894740104675293,3.276806592941284,1146783
2006-04-26,3.8537020683288574,3.8804640769958496,3.8162360191345215,3.8269400596618652,3.309204578399658,708472
2006-04-27,3.7867980003356934,3.8403210639953613,3.746654987335205,3.746654987335205,3.2397804260253906,989843
2006-04-28,3.701159954071045,3.8537020683288574,3.6958069801330566,3.8242640495300293,3.3068904876708984,1122121
2006-05-01,3.8269400596618652,3.8590540885925293,3.762712001800537,3.776093006134033,3.2652366161346436,621408
2006-05-02,3.776093006134033,3.8483500480651855,3.738626003265381,3.746654987335205,3.2397804260253906,1693084
2006-05-03,3.746654987335205,3.7921500205993652,3.6984829902648926,3.7118639945983887,3.2096962928771973,1020484
2006-05-04,3.746654987335205,3.933988094329834,3.719892978668213,3.8670830726623535,3.343916177749634,1755486
2006-05-05,3.920607089996338,3.9473679065704346,3.8831400871276855,3.933988094329834,3.4017701148986816,737992
2006-05-08,3.933988094329834,3.9607489109039307,3.7252449989318848,3.7252449989318848,3.2212672233581543,1904579
2006-05-09,3.749330997467041,3.8215880393981934,3.743978977203369,3.770740032196045,3.2606074810028076,909131
2006-05-10,3.800178050994873,3.8376450538635254,3.749330997467041,3.765388011932373,3.255979537963867,441300
2006-05-11,3.741302013397217,3.7734169960021973,3.687778949737549,3.6904549598693848,3.19118332862854,1852639
2006-05-12,3.6824259757995605,3.687778949737549,3.532560110092163,3.6369309425354004,3.1449005603790283,1870575
2006-05-15,3.5860838890075684,3.701159954071045,3.548616886138916,3.6743979454040527,3.1772987842559814,2583531
2006-05-16,3.6449599266052246,3.6770739555358887,3.5914359092712402,3.6262269020080566,3.1356453895568848,575073
2006-05-17,3.6529879570007324,3.6636929512023926,3.5084750652313232,3.551292896270752,3.0708484649658203,1611251
2006-05-18,3.505798101425171,3.505798101425171,3.3050849437713623,3.3987510204315186,2.93894362449646,2168388
2006-05-19,3.3800179958343506,3.4603030681610107,3.264941930770874,3.4335410594940186,2.969027042388916,2086555
2006-05-22,3.280998945236206,3.329169988632202,3.1043710708618164,3.1498661041259766,2.723729372024536,3909301
2006-05-23,3.264941930770874,3.3505799770355225,3.1766281127929688,3.1766281127929688,2.74687123298645,2071234
2006-05-24,3.1498661041259766,3.1819798946380615,3.050847053527832,3.1043710708618164,2.68438982963562,1820130
2006-05-25,3.184657096862793,3.3371989727020264,3.1605710983276367,3.26761794090271,2.8255510330200195,2089170
2006-05-26,3.294379949569702,3.3425509929656982,3.238179922103882,3.286350965499878,2.841750144958496,1328759
2006-05-30,3.3050849437713623,3.3398749828338623,3.1980369091033936,3.2114179134368896,2.776954412460327,1335485
2006-05-31,3.157895088195801,3.259589910507202,3.1418380737304688,3.2087419033050537,2.7746407985687256,1360147
2006-06-01,3.1819798946380615,3.238179922103882,3.171276092529297,3.187333106994629,2.756129026412964,976391
2006-06-02,3.3184659481048584,3.3318469524383545,3.286350965499878,3.3024089336395264,2.8556361198425293,2088423
2006-06-05,3.3024089336395264,3.3024089336395264,3.1980369091033936,3.200714111328125,2.767699718475342,1220769
2006-06-06,3.1793038845062256,3.2114179134368896,3.1043710708618164,3.1311330795288086,2.707531452178955,1370983
2006-06-07,3.077609062194824,3.1445140838623047,3.029438018798828,3.0374670028686523,2.626537322998047,1879917
2006-06-08,2.949152946472168,2.994647979736328,2.8367528915405273,2.9652099609375,2.5640554428100586,2293940
2006-06-09,3.0909900665283203,3.1418380737304688,2.957180976867676,2.9652099609375,2.5640554428100586,1570147
2006-06-12,2.935771942138672,2.9652099609375,2.8768959045410156,2.8795719146728516,2.4900028705596924,1261125
2006-06-13,2.809990882873535,2.8367528915405273,2.7270290851593018,2.769848108291626,2.395123243331909,1600788
2006-06-14,2.724353075027466,2.9250669479370117,2.724353075027466,2.8849239349365234,2.494630813598633,1821625
2006-06-15,3.1364850997924805,3.1926848888397217,3.064228057861328,3.1204280853271484,2.6982743740081787,2577179
2006-06-16,3.1980369091033936,3.2247989177703857,3.1124000549316406,3.190009117126465,2.7584421634674072,3202323
2006-06-19,3.1980369091033936,3.1980369091033936,3.0829620361328125,3.0856380462646484,2.6681911945343018,1175555
2006-06-20,3.0936660766601562,3.173952102661133,3.0909900665283203,3.173952102661133,2.7445573806762695,1289897
2006-06-21,3.184657096862793,3.2729709148406982,3.1793038845062256,3.230151891708374,2.793154001235962,1456553
2006-06-22,3.275646924972534,3.27832293510437,3.219446897506714,3.2247989177703857,2.7885258197784424,1055235
2006-06-23,3.2408559322357178,3.2729709148406982,3.2247989177703857,3.248884916305542,2.8093526363372803,609077
2006-06-26,3.230151891708374,3.235503911972046,3.1391611099243164,3.2087419033050537,2.7746407985687256,986106
2006-06-27,3.2274749279022217,3.24353289604187,3.1338090896606445,3.173952102661133,2.7445573806762695,996195
2006-06-28,3.2114179134368896,3.251560926437378,3.1284570693969727,3.251560926437378,2.8384711742401123,934167
2006-06-29,3.2247989177703857,3.3693130016326904,3.2247989177703857,3.3693130016326904,2.9412646293640137,1958013
2006-06-30,3.4148080348968506,3.471008062362671,3.3853700160980225,3.4335410594940186,2.9973318576812744,1825362
2006-07-03,3.4121320247650146,3.532560110092163,3.3693130016326904,3.532560110092163,3.083770990371704,925199
2006-07-05,3.532560110092163,3.532560110092163,3.3666369915008545,3.4281890392303467,2.9926602840423584,1191249
2006-07-06,3.471008062362671,3.505798101425171,3.452275037765503,3.471008062362671,3.0300397872924805,474557
2006-07-07,3.3960750102996826,3.4629790782928467,3.3318469524383545,3.3505799770355225,2.9249112606048584,836266
2006-07-10,3.479037046432495,3.479037046432495,3.345227003097534,3.3666369915008545,2.93892765045166,1234968
2006-07-11,3.264941930770874,3.329169988632202,3.25691294670105,3.329169988632202,2.9062211513519287,1137815
2006-07-12,3.449599027633667,3.479037046432495,3.4014270305633545,3.4067800045013428,2.973970890045166,1254025
2006-07-13,3.345227003097534,3.3719890117645264,3.248884916305542,3.283674955368042,2.8665051460266113,1361268
2006-07-14,3.2247989177703857,3.264941930770874,3.1819798946380615,3.214095115661621,2.805765390396118,1208812
2006-07-17,3.1498661041259766,3.2247989177703857,3.1445140838623047,3.1605710983276367,2.7590417861938477,1268972
2006-07-18,3.1391611099243164,3.254236936569214,3.1311330795288086,3.1632471084594727,2.7613773345947266,1186392
2006-07-19,3.0722570419311523,3.235503911972046,3.061552047729492,3.2114179134368896,2.8034281730651855,2304029
2006-07-20,3.259589910507202,3.275646924972534,3.0936660766601562,3.0936660766601562,2.700636386871338,1391161
2006-07-21,3.1311330795288086,3.1311330795288086,3.005352020263672,3.0240859985351562,2.6398959159851074,876996
2006-07-24,3.077609062194824,3.171276092529297,3.0669050216674805,3.171276092529297,2.7683866024017334,1042156
2006-07-25,3.1819798946380615,3.1926848888397217,3.1150760650634766,3.157895088195801,2.7567052841186523,785074
2006-07-26,3.184657096862793,3.294379949569702,3.1471900939941406,3.2890279293060303,2.871178388595581,1091480
2006-07-27,3.291703939437866,3.3425509929656982,3.26761794090271,3.26761794090271,2.8524882793426514,1204328
2006-07-28,3.26761794090271,3.3398749828338623,3.2247989177703857,3.310436964035034,2.8898673057556152,924451
2006-07-31,3.3425509929656982,3.3425509929656982,3.262265920639038,3.3371989727020264,2.9132304191589355,909131
2006-08-01,3.3425509929656982,3.3425509929656982,3.22212290763855,3.22212290763855,2.8127737045288086,934167
2006-08-02,3.26761794090271,3.3853700160980225,3.26761794090271,3.3719890117645264,2.9436001777648926,1002548
2006-08-03,3.3666369915008545,3.4255130290985107,3.2890279293060303,3.4255130290985107,2.990323543548584,853081
2006-08-04,3.454951047897339,3.454951047897339,3.3024089336395264,3.345227003097534,2.9202377796173096,996195
2006-08-07,3.3184659481048584,3.3586080074310303,3.262265920639038,3.297055959701538,2.878187417984009,584041
2006-08-08,3.310436964035034,3.3318469524383545,3.254236936569214,3.254236936569214,2.8408079147338867,535091
2006-08-09,3.3184659481048584,3.3853700160980225,3.2729709148406982,3.3639609813690186,2.9365921020507812,1736429
2006-08-10,3.3371989727020264,3.3773419857025146,3.294379949569702,3.3238179683685303,2.9015486240386963,1138189
2006-08-11,3.3050849437713623,3.310436964035034,3.280998945236206,3.286350965499878,2.8688418865203857,777227
2006-08-14,3.291703939437866,3.3719890117645264,3.291703939437866,3.3077609539031982,2.8875317573547363,697262
2006-08-15,3.3559319972991943,3.479037046432495,3.345227003097534,3.471008062362671,3.0300397872924805,1132957
2006-08-16,3.4763600826263428,3.4763600826263428,3.422837018966675,3.4603030681610107,3.0206944942474365,1120253
2006-08-17,3.4603030681610107,3.4629790782928467,3.4255130290985107,3.452275037765503,3.0136866569519043,655038
2006-08-18,3.436218023300171,3.4469220638275146,3.3987510204315186,3.4469220638275146,3.0090136528015137,308275
2006-08-21,3.4308650493621826,3.4415700435638428,3.3853700160980225,3.420161008834839,2.985651731491089,408418
2006-08-22,3.4174840450286865,3.4763600826263428,3.4121320247650146,3.4603030681610107,3.0206944942474365,625892
2006-08-23,3.4629790782928467,3.4629790782928467,3.3880460262298584,3.3933990001678467,2.9622902870178223,645696
2006-08-24,3.4148080348968506,3.4335410594940186,3.3345229625701904,3.3559319972991943,2.9295830726623535,827298
2006-08-25,3.3505799770355225,3.3880460262298584,3.3238179683685303,3.3238179683685303,2.9015486240386963,726782
2006-08-28,3.3693130016326904,3.4014270305633545,3.3398749828338623,3.3586080074310303,2.9319193363189697,557884
2006-08-29,3.3800179958343506,3.4603030681610107,3.3800179958343506,3.454951047897339,3.0160224437713623,939398
2006-08-30,3.3773419857025146,3.465656042098999,3.3773419857025146,3.465656042098999,3.025367021560669,434948
2006-08-31,3.3987510204315186,3.4629790782928467,3.3880460262298584,3.3933990001678467,2.9622902870178223,877743
2006-09-01,3.3933990001678467,3.4174840450286865,3.3746650218963623,3.3960750102996826,2.9646260738372803,823935
2006-09-05,3.3987510204315186,3.4255130290985107,3.3666369915008545,3.3666369915008545,2.93892765045166,760038
2006-09-06,3.3907229900360107,3.4335410594940186,3.3719890117645264,3.3719890117645264,2.9436001777648926,992459
2006-09-07,3.3612849712371826,3.3612849712371826,3.283674955368042,3.329169988632202,2.9062211513519287,739486
2006-09-08,3.27832293510437,3.3719890117645264,3.24353289604187,3.3666369915008545,2.93892765045166,681942
2006-09-11,3.291703939437866,3.3345229625701904,3.251560926437378,3.286350965499878,2.8688418865203857,560500
2006-09-12,3.264941930770874,3.345227003097534,3.264941930770874,3.345227003097534,2.9202377796173096,712956
2006-09-13,3.27832293510437,3.3987510204315186,3.27832293510437,3.3987510204315186,2.96696138381958,949113
2006-09-14,3.345227003097534,3.4148080348968506,3.345227003097534,3.4121320247650146,2.9786436557769775,656532
2006-09-15,3.345227003097534,3.4255130290985107,3.345227003097534,3.3559319972991943,2.9295830726623535,1702052
2006-09-18,3.3826940059661865,3.449599027633667,3.3826940059661865,3.4041030406951904,2.9716334342956543,979007
2006-09-19,3.4308650493621826,3.4308650493621826,3.3184659481048584,3.345227003097534,2.9202377796173096,1119132
2006-09-20,3.3853700160980225,3.4603030681610107,3.3853700160980225,3.457627058029175,3.0183582305908203,982743
2006-09-21,3.465656042098999,3.5084750652313232,3.4255130290985107,3.4415700435638428,3.004340887069702,1155751
2006-09-22,3.3987510204315186,3.4415700435638428,3.3693130016326904,3.3719890117645264,2.9436001777648926,697636
2006-09-25,3.3987510204315186,3.4442460536956787,3.345227003097534,3.4255130290985107,2.990323543548584,603098
2006-09-26,3.4041030406951904,3.505798101425171,3.4041030406951904,3.495094060897827,3.051065683364868,1096712
2006-09-27,3.438894033432007,3.505798101425171,3.4148080348968506,3.487065076828003,3.0440566539764404,1239079
2006-09-28,3.468332052230835,3.516503095626831,3.468332052230835,3.513827085494995,3.067417860031128,1338848
2006-09-29,3.516503095626831,3.561997890472412,3.511151075363159,3.545941114425659,3.0954527854919434,795163
2006-10-02,3.5727028846740723,3.578054904937744,3.519179105758667,3.5245320796966553,3.07676362991333,820198
2006-10-03,3.5245320796966553,3.545941114425659,3.484389066696167,3.5379130840301514,3.088444948196411,740234
2006-10-04,3.489741086959839,3.578054904937744,3.468332052230835,3.5673511028289795,3.114142656326294,868401
2006-10-05,3.532560110092163,3.6529879570007324,3.532560110092163,3.6476359367370605,3.18422794342041,815341
2006-10-06,3.6262269020080566,3.6556649208068848,3.5834081172943115,3.6074929237365723,3.149184465408325,856070
2006-10-09,3.6074929237365723,3.687778949737549,3.6074929237365723,3.6690449714660645,3.2029173374176025,505945
2006-10-10,3.719892978668213,3.722568988800049,3.6663689613342285,3.706511974334717,3.235624313354492,989096
2006-10-11,3.741302013397217,3.800178050994873,3.717216968536377,3.768064022064209,3.2893564701080322,1130342
2006-10-12,3.768064022064209,3.8724350929260254,3.768064022064209,3.8537020683288574,3.364114284515381,1201712
2006-10-13,3.8563780784606934,3.9473679065704346,3.8563780784606934,3.9313108921051025,3.43186354637146,1001053
2006-10-16,3.987510919570923,4.078501224517822,3.9607489109039307,4.014273166656494,3.5042858123779297,2221075
2006-10-17,4.02765417098999,4.035682201385498,3.9099020957946777,3.9125781059265137,3.415511131286621,1726714
2006-10-18,4.000892162322998,4.00624418258667,3.8403210639953613,3.8938450813293457,3.399158000946045,2194544
2006-10-19,3.8269400596618652,3.9099020957946777,3.800178050994873,3.8590540885925293,3.3687868118286133,1086996
2006-10-20,3.9125781059265137,3.9125781059265137,3.8429970741271973,3.8804640769958496,3.3874764442443848,1004790
2006-10-23,3.7867980003356934,3.8510260581970215,3.776093006134033,3.8242640495300293,3.338416337966919,1335485
2006-10-24,3.7894740104675293,3.9259591102600098,3.7894740104675293,3.8911690711975098,3.396822452545166,1413207
2006-10-25,3.8831400871276855,3.9607489109039307,3.8831400871276855,3.9259591102600098,3.4271926879882812,819451
2006-10-26,3.966101884841919,4.014273166656494,3.907226085662842,4.014273166656494,3.5042858123779297,1316054
2006-10-27,3.9607489109039307,4.000892162322998,3.9125781059265137,3.9286348819732666,3.429527759552002,894184
2006-10-30,3.8537020683288574,4.014273166656494,3.8537020683288574,3.9741299152374268,3.469242811203003,1549222
2006-10-31,3.920607089996338,3.933988094329834,3.8777880668640137,3.8965210914611816,3.401493549346924,1727461
2006-11-01,3.8804640769958496,3.8831400871276855,3.8028550148010254,3.8082070350646973,3.324399471282959,901284
2006-11-02,3.7867980003356934,3.8242640495300293,3.746654987335205,3.8055310249328613,3.3220632076263428,959950
2006-11-03,3.778769016265869,3.794826030731201,3.765388011932373,3.7734169960021973,3.294029712677002,697262
2006-11-06,3.8055310249328613,3.8269400596618652,3.800178050994873,3.8028550148010254,3.3197274208068848,856818
2006-11-07,3.8242640495300293,3.8751120567321777,3.8082070350646973,3.8082070350646973,3.324399471282959,1204701
2006-11-08,3.8269400596618652,3.8938450813293457,3.810883045196533,3.8724350929260254,3.380467653274536,640465
2006-11-09,3.9179298877716064,3.9179298877716064,3.8403210639953613,3.8563780784606934,3.3664512634277344,1044398
2006-11-10,3.8537020683288574,3.8617310523986816,3.8055310249328613,3.8242640495300293,3.338416337966919,724166
2006-11-13,3.8403210639953613,3.907226085662842,3.8215880393981934,3.8965210914611816,3.401493549346924,1167335
2006-11-14,3.984834909439087,4.0517401695251465,3.9018731117248535,4.0517401695251465,3.536992311477661,3015864
2006-11-15,4.0517401695251465,4.142730236053467,3.9607489109039307,3.984834909439087,3.4785878658294678,3697058
2006-11-16,4.041035175323486,4.041035175323486,3.9607489109039307,4.030330181121826,3.5183026790618896,1228990
2006-11-17,4.014273166656494,4.014273166656494,3.9099020957946777,3.966101884841919,3.4622347354888916,937530
2006-11-20,3.9607489109039307,3.982158899307251,3.9259591102600098,3.9607489109039307,3.45756196975708,1005163
2006-11-21,4.054416179656982,4.054416179656982,3.9741299152374268,4.008921146392822,3.4996137619018555,1140057
2006-11-22,4.113292217254639,4.212309837341309,4.03835916519165,4.212309837341309,3.677164077758789,2971397
2006-11-24,4.217662811279297,4.228367805480957,4.097235202789307,4.161462783813477,3.6327762603759766,928935
2006-11-27,4.255128860473633,4.314004898071289,4.0704731941223145,4.081178188323975,3.5626919269561768,3266220
2006-11-28,4.014273166656494,4.091882228851318,3.933988094329834,4.078501224517822,3.560354232788086,1931857
2006-11-29,4.0677971839904785,4.1454057693481445,4.059768199920654,4.099911212921143,3.579044818878174,882974
2006-11-30,4.153433799743652,4.196252822875977,4.123995780944824,4.196252822875977,3.6631462574005127,1237584
2006-12-01,4.204281806945801,4.212309837341309,4.0677971839904785,4.140054225921631,3.6140875816345215,1992017
2006-12-04,4.13737678527832,4.220338821411133,4.110616207122803,4.220338821411133,3.6841728687286377,1196854
2006-12-05,4.233719825744629,4.314004898071289,4.220338821411133,4.287243843078613,3.7425777912139893,1719614
2006-12-06,4.284566879272461,4.340766906738281,4.231043815612793,4.289919853210449,3.7449135780334473,1087370
2006-12-07,4.292595863342285,4.292595863342285,4.190900802612305,4.201605796813965,3.667818784713745,1054487
2006-12-08,4.236395835876465,4.265833854675293,4.206957817077637,4.225690841674805,3.6888444423675537,704362
2006-12-11,4.196252822875977,4.196252822875977,4.094557762145996,4.097235202789307,3.5767080783843994,1440111
2006-12-12,4.078501224517822,4.081178188323975,3.990186929702759,4.024978160858154,3.5136313438415527,1949793
2006-12-13,3.950045108795166,4.075825214385986,3.950045108795166,4.043711185455322,3.5299839973449707,1029825
2006-12-14,4.099911212921143,4.185548782348633,4.097235202789307,4.174843788146973,3.6444571018218994,1225627
2006-12-15,4.174843788146973,4.263157844543457,4.1641387939453125,4.220338821411133,3.6841728687286377,1881785
2006-12-18,4.276538848876953,4.276538848876953,4.150757789611816,4.188224792480469,3.6561386585235596,1118011
2006-12-19,4.121319770812988,4.158786773681641,4.081178188323975,4.1186442375183105,3.595398187637329,952850
2006-12-20,4.115968227386475,4.156110763549805,4.0677971839904785,4.0865302085876465,3.5673635005950928,776853
2006-12-21,4.091882228851318,4.172167778015137,4.091882228851318,4.121319770812988,3.5977330207824707,786942
2006-12-22,4.140054225921631,4.156110763549805,4.054416179656982,4.0865302085876465,3.5673635005950928,789931
2006-12-26,4.204281806945801,4.241747856140137,4.166814804077148,4.231043815612793,3.6935176849365234,942014
2006-12-27,4.316681861877441,4.340766906738281,4.279214859008789,4.314004898071289,3.7659387588500977,1288029
2006-12-28,4.327385902404785,4.386261940002441,4.308652877807617,4.343442916870117,3.7916371822357178,1245431
2006-12-29,4.375557899475098,4.375557899475098,4.287243843078613,4.322033882141113,3.7729475498199463,831782
2007-01-03,4.413023948669434,4.46119499206543,4.327385902404785,4.3809099197387695,3.824345350265503,1676642
2007-01-04,4.327385902404785,4.3835859298706055,4.281890869140625,4.370204925537109,3.8149988651275635,1105306
2007-01-05,4.3461198806762695,4.3461198806762695,4.228367805480957,4.244424819946289,3.7051985263824463,1285040
2007-01-08,4.217662811279297,4.268509864807129,4.1641387939453125,4.223014831542969,3.686509370803833,1272335
2007-01-09,4.271185874938965,4.271185874938965,4.174843788146973,4.217662811279297,3.6818363666534424,840750
2007-01-10,4.190900802612305,4.255128860473633,4.081178188323975,4.214986801147461,3.6795012950897217,1036178
2007-01-11,4.362176895141602,4.46119499206543,4.3461198806762695,4.423728942871094,3.8617236614227295,2530471
2007-01-12,4.479928970336914,4.512042999267578,4.442461967468262,4.504014015197754,3.9318079948425293,1338474
2007-01-16,4.541481018066406,4.5843000411987305,4.48260498046875,4.570919036865234,3.990213394165039,1443474
2007-01-17,4.803747177124023,4.8171281814575195,4.6164140701293945,4.747547149658203,4.144402503967285,3510598
2007-01-18,4.723461151123047,4.774309158325195,4.603033065795898,4.603033065795898,4.018248558044434,2183708
2007-01-19,4.549509048461914,4.560214042663574,4.434433937072754,4.495985984802246,3.9248008728027344,2096644
2007-01-22,4.522747993469238,4.5843000411987305,4.501338005065918,4.552186012268066,3.9738616943359375,1242068
2007-01-23,4.5843000411987305,4.60838508605957,4.525424003601074,4.549509048461914,3.971524715423584,1450574
2007-01-24,4.6164140701293945,4.656557083129883,4.589652061462402,4.640500068664551,4.050955295562744,900537
2007-01-25,4.696699142456055,4.715433120727539,4.576271057128906,4.578947067260742,3.9972212314605713,765643
2007-01-26,4.576271057128906,4.643176078796387,4.576271057128906,4.637823104858398,4.048618793487549,924078
2007-01-29,4.624442100524902,4.624442100524902,4.544157028198242,4.560214042663574,3.9808695316314697,964434
2007-01-30,4.554862022399902,4.704728126525879,4.554862022399902,4.605709075927734,4.020584583282471,1344453
2007-01-31,4.554862022399902,4.640500068664551,4.552186012268066,4.632471084594727,4.043945789337158,1521944
2007-02-01,4.675290107727051,4.677966117858887,4.60838508605957,4.629795074462891,4.0416107177734375,1476731
2007-02-02,4.710080146789551,4.750223159790039,4.694023132324219,4.694023132324219,4.097677230834961,1332869
2007-02-05,4.712756156921387,4.723461151123047,4.613738059997559,4.683318138122559,4.088334083557129,2951967
2007-02-06,4.691347122192383,4.763604164123535,4.672614097595215,4.726137161254883,4.12571382522583,1388172
2007-02-07,4.785013198852539,4.8171281814575195,4.688671112060547,4.814451217651367,4.2028069496154785,3457538
2007-02-08,4.811775207519531,4.838537216186523,4.755575180053711,4.8198041915893555,4.207479476928711,952476
2007-02-09,4.8171281814575195,4.8198041915893555,4.637823104858398,4.667261123657227,4.074316501617432,1691963
2007-02-12,4.736842155456543,4.736842155456543,4.5816240310668945,4.627119064331055,4.039274215698242,2004722
2007-02-13,4.685995101928711,4.736842155456543,4.495985984802246,4.736842155456543,4.135056972503662,2077213
2007-02-14,4.747547149658203,4.814451217651367,4.632471084594727,4.795718193054199,4.186453342437744,1453563
2007-02-15,4.857269763946533,4.8974127769470215,4.830508232116699,4.873326778411865,4.2542033195495605,1483457
2007-02-16,4.92685079574585,4.92685079574585,4.838537216186523,4.902764797210693,4.279901027679443,1235716
2007-02-20,4.9134697914123535,4.934879779815674,4.849242210388184,4.902764797210693,4.279901027679443,1113527
2007-02-21,4.905442237854004,4.905442237854004,4.798394203186035,4.884031772613525,4.263547420501709,1180787
2007-02-22,4.846566200256348,4.865299224853516,4.726137161254883,4.811775207519531,4.2004714012146,1378083
2007-02-23,4.739518165588379,4.744871139526367,4.549509048461914,4.685995101928711,4.090671062469482,2719172
2007-02-26,4.685995101928711,4.685995101928711,4.50669002532959,4.586976051330566,4.004230976104736,2236769
2007-02-27,4.421052932739258,4.501338005065918,4.214986801147461,4.308652877807617,3.7612671852111816,4392825
2007-02-28,4.161462783813477,4.308652877807617,4.153433799743652,4.244424819946289,3.7051985263824463,3013995
2007-03-01,4.198929786682129,4.239071846008301,4.01694917678833,4.188224792480469,3.6561386585235596,2918337
2007-03-02,4.156110763549805,4.252452850341797,4.091882228851318,4.097235202789307,3.5767080783843994,2801005
2007-03-05,3.9473679065704346,4.046387195587158,3.9313108921051025,3.963426113128662,3.4598987102508545,2850703
2007-03-06,4.1480817794799805,4.201605796813965,4.110616207122803,4.190900802612305,3.6584739685058594,2818568
2007-03-07,4.134700775146484,4.169491767883301,4.1025872230529785,4.121319770812988,3.5977330207824707,1388545
2007-03-08,4.413023948669434,4.4156999588012695,4.260481834411621,4.279214859008789,3.7355682849884033,2640329
2007-03-09,4.338090896606445,4.338090896606445,4.265833854675293,4.279214859008789,3.7355682849884033,1290271
2007-03-12,4.228367805480957,4.372880935668945,4.228367805480957,4.335414886474609,3.7846291065216064,1928120
2007-03-13,4.372880935668945,4.3996429443359375,4.177519798278809,4.193576812744141,3.660810947418213,2528976
2007-03-14,4.193576812744141,4.247100830078125,4.094557762145996,4.1801958084106445,3.6491291522979736,1891501
2007-03-15,4.241747856140137,4.255128860473633,4.1828718185424805,4.212309837341309,3.677164077758789,922209
2007-03-16,4.244424819946289,4.244424819946289,4.1828718185424805,4.1828718185424805,3.651466131210327,713330
2007-03-19,4.241747856140137,4.305976867675781,4.241747856140137,4.297947883605957,3.751922369003296,1246552
2007-03-20,4.343442916870117,4.362176895141602,4.287243843078613,4.319357872009277,3.7706117630004883,1206196
2007-03-21,4.362176895141602,4.442461967468262,4.265833854675293,4.434433937072754,3.871067523956299,1691215
2007-03-22,4.442461967468262,4.455842971801758,4.404995918273926,4.445137977600098,3.8804128170013428,881480
2007-03-23,4.445137977600098,4.52810001373291,4.423728942871094,4.479928970336914,3.9107825756073,1499898
2007-03-26,4.477252006530762,4.485280990600586,4.4156999588012695,4.447813987731934,3.8827481269836426,934167
2007-03-27,4.367528915405273,4.458518981933594,3.9125781059265137,4.3809099197387695,3.824345350265503,934540
2007-03-28,4.305976867675781,4.370204925537109,4.303300857543945,4.319357872009277,3.7706117630004883,856444
2007-03-29,4.324709892272949,4.367528915405273,4.241747856140137,4.289919853210449,3.7720236778259277,957708
2007-03-30,4.289919853210449,4.289919853210449,4.1641387939453125,4.214986801147461,3.706137180328369,1475610
2007-04-02,4.1186442375183105,4.1480817794799805,4.049063205718994,4.0865302085876465,3.593188762664795,2209491
2007-04-03,4.206957817077637,4.289919853210449,4.188224792480469,4.263157844543457,3.7484934329986572,2313744
2007-04-04,4.284566879272461,4.311328887939453,4.228367805480957,4.236395835876465,3.724961280822754,1073171
2007-04-05,4.217662811279297,4.292595863342285,4.214986801147461,4.220338821411133,3.710843086242676,1739045
2007-04-09,4.308652877807617,4.402318954467773,4.255128860473633,4.354147911071777,3.828497886657715,1525307
2007-04-10,4.354147911071777,4.396966934204102,4.305976867675781,4.367528915405273,3.840263843536377,958829
2007-04-11,4.284566879272461,4.322033882141113,4.231043815612793,4.263157844543457,3.7484934329986572,2020416
2007-04-12,4.265833854675293,4.327385902404785,4.214986801147461,4.327385902404785,3.804966688156128,1021231
2007-04-13,4.402318954467773,4.458518981933594,4.351471900939941,4.434433937072754,3.8990917205810547,1718119
2007-04-16,4.576271057128906,4.589652061462402,4.512042999267578,4.544157028198242,3.9955670833587646,3245669
2007-04-17,4.522747993469238,4.536128044128418,4.469223976135254,4.522747993469238,3.976745843887329,1566411
2007-04-18,4.48260498046875,4.549509048461914,4.450490951538086,4.458518981933594,3.9202699661254883,1174808
2007-04-19,4.3996429443359375,4.520071029663086,4.338090896606445,4.512042999267578,3.9673314094543457,1059345
2007-04-20,4.611062049865723,4.613738059997559,4.458518981933594,4.490633010864258,3.9485058784484863,2523745
2007-04-23,4.501338005065918,4.514719009399414,4.396966934204102,4.43710994720459,3.90144419670105,1296250
2007-04-24,4.447813987731934,4.447813987731934,4.3487958908081055,4.362176895141602,3.835557699203491,2679564
2007-04-25,4.469223976135254,4.469223976135254,4.335414886474609,4.413023948669434,3.880267381668091,3018479
2007-04-26,4.463871955871582,4.509366989135742,4.439785957336426,4.479928970336914,3.939093828201294,1921768
2007-04-27,4.474575996398926,4.48260498046875,4.423728942871094,4.445137977600098,3.908503532409668,935288
2007-04-30,4.522747993469238,4.522747993469238,4.375557899475098,4.4183759689331055,3.8849732875823975,1433759
2007-05-01,4.4183759689331055,4.445137977600098,4.367528915405273,4.43710994720459,3.90144419670105,1204701
2007-05-02,4.43710994720459,4.522747993469238,4.431756973266602,4.512042999267578,3.9673314094543457,1364257
2007-05-03,4.512042999267578,4.552186012268066,4.490633010864258,4.552186012268066,4.002629280090332,1112032
2007-05-04,4.549509048461914,4.552186012268066,4.490633010864258,4.541481018066406,3.9932174682617188,740234
2007-05-07,4.541481018066406,4.541481018066406,4.434433937072754,4.43710994720459,3.90144419670105,1234595
2007-05-08,4.429080963134766,4.463871955871582,4.308652877807617,4.421052932739258,3.887326240539551,1537265
2007-05-09,4.423728942871094,4.477252006530762,4.407671928405762,4.47189998626709,3.9320359230041504,1079897
2007-05-10,4.410347938537598,4.458518981933594,4.338090896606445,4.3461198806762695,3.8214383125305176,838134
2007-05-11,4.394290924072266,4.477252006530762,4.367528915405273,4.423728942871094,3.889679193496704,927814
2007-05-14,4.42640495300293,4.42640495300293,4.340766906738281,4.356823921203613,3.830850839614868,709967
2007-05-15,4.335414886474609,4.421052932739258,4.335414886474609,4.3648529052734375,3.8379099369049072,952850
2007-05-16,4.421052932739258,4.442461967468262,4.362176895141602,4.43710994720459,3.90144419670105,921836
2007-05-17,4.474575996398926,4.536128044128418,4.439785957336426,4.469223976135254,3.9296815395355225,746960
2007-05-18,4.450490951538086,4.487957000732422,4.39161491394043,4.46119499206543,3.922621488571167,1162103
2007-05-21,4.4183759689331055,4.477252006530762,4.388937950134277,4.402318954467773,3.870853900909424,1279808
2007-05-22,4.404995918273926,4.423728942871094,4.343442916870117,4.351471900939941,3.826143741607666,1571268
2007-05-23,4.354147911071777,4.388937950134277,4.300623893737793,4.300623893737793,3.781435012817383,1247673
2007-05-24,4.300623893737793,4.319357872009277,4.1454057693481445,4.177519798278809,3.6731929779052734,2681432
2007-05-25,4.287243843078613,4.343442916870117,4.214986801147461,4.297947883605957,3.779083728790283,2219580
2007-05-29,4.327385902404785,4.327385902404785,4.204281806945801,4.212309837341309,3.7037839889526367,2363442
2007-05-30,4.265833854675293,4.335414886474609,4.1801958084106445,4.335414886474609,3.8120272159576416,1684116
2007-05-31,4.311328887939453,4.362176895141602,4.271185874938965,4.354147911071777,3.828497886657715,1959882
2007-06-01,4.354147911071777,4.375557899475098,4.332738876342773,4.367528915405273,3.840263843536377,749575
2007-06-04,4.356823921203613,4.356823921203613,4.268509864807129,4.276538848876953,3.760258197784424,1179292
2007-06-05,4.303300857543945,4.308652877807617,4.239071846008301,4.297947883605957,3.779083728790283,881480
2007-06-06,4.241747856140137,4.300623893737793,4.241747856140137,4.289919853210449,3.7720236778259277,972654
2007-06-07,4.295271873474121,4.319357872009277,4.121319770812988,4.169491767883301,3.6661341190338135,1855629
2007-06-08,4.255128860473633,4.311328887939453,4.150757789611816,4.305976867675781,3.7861428260803223,1305591
2007-06-11,4.322033882141113,4.335414886474609,4.223014831542969,4.276538848876953,3.760258197784424,1514845
2007-06-12,4.241747856140137,4.247100830078125,4.196252822875977,4.204281806945801,3.696723699569702,1053366
2007-06-13,4.214986801147461,4.255128860473633,4.201605796813965,4.241747856140137,3.7296669483184814,918473
2007-06-14,4.247100830078125,4.305976867675781,4.247100830078125,4.289919853210449,3.7720236778259277,722671
2007-06-15,4.244424819946289,4.3487958908081055,4.244424819946289,4.314004898071289,3.793200731277466,1136694
2007-06-18,4.343442916870117,4.343442916870117,4.177519798278809,4.206957817077637,3.6990771293640137,1922515
2007-06-19,4.239071846008301,4.276538848876953,4.193576812744141,4.268509864807129,3.7531981468200684,1456926
2007-06-20,4.239071846008301,4.292595863342285,4.204281806945801,4.225690841674805,3.7155487537384033,1765575
2007-06-21,4.271185874938965,4.308652877807617,4.201605796813965,4.231043815612793,3.7202563285827637,1335858
2007-06-22,4.223014831542969,4.223014831542969,4.153433799743652,4.1641387939453125,3.6614272594451904,1178171
2007-06-25,4.156110763549805,4.196252822875977,4.121319770812988,4.140054225921631,3.6402509212493896,903152
2007-06-26,4.1480817794799805,4.196252822875977,4.13737678527832,4.1801958084106445,3.675546169281006,850839
2007-06-27,4.177519798278809,4.212309837341309,4.169491767883301,4.198929786682129,3.6979362964630127,542564
2007-06-28,4.204281806945801,4.241747856140137,4.201605796813965,4.223014831542969,3.719148874282837,526123
2007-06-29,4.228367805480957,4.241747856140137,4.150757789611816,4.161462783813477,3.664940118789673,693152
2007-07-02,4.158786773681641,4.214986801147461,4.156110763549805,4.201605796813965,3.7002930641174316,678952
2007-07-03,4.214986801147461,4.214986801147461,4.153433799743652,4.158786773681641,3.662583351135254,502582
2007-07-05,4.1480817794799805,4.1480817794799805,4.043711185455322,4.094557762145996,3.606017827987671,1624329
2007-07-06,4.158786773681641,4.308652877807617,4.142730236053467,4.303300857543945,3.7898547649383545,2183708
2007-07-09,4.330061912536621,4.388937950134277,4.314004898071289,4.354147911071777,3.8346352577209473,1572763
2007-07-10,4.319357872009277,4.3835859298706055,4.220338821411133,4.225690841674805,3.7215049266815186,1381072
2007-07-11,4.134700775146484,4.241747856140137,4.129349231719971,4.228367805480957,3.7238619327545166,1447211
2007-07-12,4.281890869140625,4.289919853210449,4.239071846008301,4.249776840209961,3.742716073989868,958829
2007-07-13,4.233719825744629,4.260481834411621,4.1480817794799805,4.244424819946289,3.738003969192505,859060
2007-07-16,4.198929786682129,4.217662811279297,4.161462783813477,4.169491767883301,3.672011375427246,1944935
2007-07-17,4.153433799743652,4.217662811279297,4.153433799743652,4.193576812744141,3.6932213306427,840003
2007-07-18,4.206957817077637,4.214986801147461,4.097235202789307,4.161462783813477,3.664940118789673,1365378
2007-07-19,4.198929786682129,4.255128860473633,4.161462783813477,4.231043815612793,3.7262184619903564,1277566
2007-07-20,4.185548782348633,4.206957817077637,4.132024765014648,4.132024765014648,3.6390151977539062,1170698
2007-07-23,4.161462783813477,4.228367805480957,4.161462783813477,4.188224792480469,3.688509225845337,1365004
2007-07-24,4.150757789611816,4.225690841674805,4.110616207122803,4.1186442375183105,3.6272311210632324,1082512
2007-07-25,4.166814804077148,4.196252822875977,4.121319770812988,4.150757789611816,3.6555120944976807,999932
2007-07-26,4.1186442375183105,4.134700775146484,3.939340114593506,4.000892162322998,3.5235280990600586,2803621
2007-07-27,3.963426113128662,4.041035175323486,3.939340114593506,3.966101884841919,3.492888927459717,1300360
2007-07-30,4.035682201385498,4.06244421005249,3.9741299152374268,4.022302150726318,3.5423831939697266,1185644
2007-07-31,4.075825214385986,4.075825214385986,3.907226085662842,3.907226085662842,3.441037178039551,1403118
2007-08-01,3.907226085662842,3.920607089996338,3.7734169960021973,3.8590540885925293,3.398613691329956,2180345
2007-08-02,3.8215880393981934,3.9152541160583496,3.813559055328369,3.8858160972595215,3.422182321548462,1397513
2007-08-03,3.9473679065704346,3.998215913772583,3.733273983001709,3.733273983001709,3.2878406047821045,1959508
2007-08-06,3.6931309700012207,3.762712001800537,3.6181979179382324,3.6984829902648926,3.2572007179260254,2053298
2007-08-07,3.6958069801330566,3.706511974334717,3.6262269020080566,3.6797499656677246,3.2407026290893555,1501019
2007-08-08,3.768064022064209,3.950045108795166,3.754683017730713,3.8429970741271973,3.3844716548919678,2658638
2007-08-09,3.813559055328369,3.904550075531006,3.701159954071045,3.754683017730713,3.306694984436035,2677695
2007-08-10,3.6824259757995605,3.749330997467041,3.6369309425354004,3.6690449714660645,3.2312750816345215,2199028
2007-08-13,3.743978977203369,3.8269400596618652,3.735949993133545,3.776093006134033,3.3255507946014404,1080644
2007-08-14,3.8349690437316895,3.8349690437316895,3.6690449714660645,3.6797499656677246,3.2407026290893555,854576
2007-08-15,3.6931309700012207,3.730597972869873,3.6208739280700684,3.6208739280700684,3.1888515949249268,1023847
2007-08-16,3.532560110092163,3.6610169410705566,3.3425509929656982,3.516503095626831,3.096933364868164,3340580
2007-08-17,3.743978977203369,3.8269400596618652,3.575378894805908,3.6984829902648926,3.2572007179260254,2198281
2007-08-20,3.735949993133545,3.743978977203369,3.6449599266052246,3.6904549598693848,3.2501299381256104,1015626
2007-08-21,3.6396069526672363,3.6743979454040527,3.545941114425659,3.5700271129608154,3.1440718173980713,1875059
2007-08-22,3.6289029121398926,3.6931309700012207,3.5994648933410645,3.6529879570007324,3.2171342372894287,1085502
2007-08-23,3.6958069801330566,3.706511974334717,3.6128458976745605,3.6155219078063965,3.1841375827789307,1095591
2007-08-24,3.6583409309387207,3.6797499656677246,3.6181979179382324,3.6663689613342285,3.2289183139801025,1109790
2007-08-27,3.6556649208068848,4.1480817794799805,3.6181979179382324,3.749330997467041,3.3019821643829346,2048067
2007-08-28,3.810883045196533,3.810883045196533,3.6128458976745605,3.6155219078063965,3.1841375827789307,1218153
2007-08-29,3.685102939605713,3.778769016265869,3.6476359367370605,3.762712001800537,3.3137662410736084,1074665
2007-08-30,3.706511974334717,3.760035991668701,3.6931309700012207,3.760035991668701,3.311408519744873,859060
2007-08-31,3.8215880393981934,3.955396890640259,3.813559055328369,3.9152541160583496,3.448107957839966,2289829
2007-09-04,3.8242640495300293,3.992863893508911,3.813559055328369,3.9473679065704346,3.4763901233673096,2357089
2007-09-05,4.014273166656494,4.014273166656494,3.813559055328369,3.8242640495300293,3.367974042892456,1798831
2007-09-06,3.8242640495300293,3.8777880668640137,3.8242640495300293,3.8456740379333496,3.386829137802124,920715
2007-09-07,3.7734169960021973,3.8456740379333496,3.746654987335205,3.778769016265869,3.327907085418701,891569
2007-09-10,3.762712001800537,3.813559055328369,3.6422839164733887,3.6984829902648926,3.2572007179260254,1051872
2007-09-11,3.719892978668213,3.743978977203369,3.703835964202881,3.7118639945983887,3.2689850330352783,544806
2007-09-12,3.7118639945983887,3.7118639945983887,3.6663689613342285,3.703835964202881,3.2619144916534424,772743
2007-09-13,3.760035991668701,3.781445026397705,3.685102939605713,3.6931309700012207,3.2524876594543457,977138
2007-09-14,3.6663689613342285,3.671721935272217,3.6289029121398926,3.6556649208068848,3.2194910049438477,940519
2007-09-17,3.6289029121398926,3.701159954071045,3.6289029121398926,3.6610169410705566,3.2242047786712646,621408
2007-09-18,3.6396069526672363,3.8510260581970215,3.6396069526672363,3.8215880393981934,3.365617275238037,1929615
2007-09-19,3.8269400596618652,3.8938450813293457,3.749330997467041,3.8055310249328613,3.351475954055786,1860486
2007-09-20,3.685102939605713,3.762712001800537,3.6824259757995605,3.701159954071045,3.2595577239990234,1693831
2007-09-21,3.722568988800049,3.746654987335205,3.6958069801330566,3.719892978668213,3.2760555744171143,1197228
2007-09-24,3.722568988800049,3.746654987335205,3.685102939605713,3.6984829902648926,3.2572007179260254,894932
2007-09-25,3.6556649208068848,3.746654987335205,3.6449599266052246,3.719892978668213,3.2760555744171143,667369
2007-09-26,3.7867980003356934,3.8724350929260254,3.7867980003356934,3.829616069793701,3.372687339782715,1950914
2007-09-27,3.8884921073913574,3.9580729007720947,3.8804640769958496,3.9473679065704346,3.4763901233673096,1412460
2007-09-28,3.9446918964385986,3.9473679065704346,3.829616069793701,3.8644070625305176,3.4033265113830566,1519702
2007-10-01,3.8483500480651855,3.9473679065704346,3.8483500480651855,3.9473679065704346,3.4763901233673096,1224506
2007-10-02,3.933988094329834,3.998215913772583,3.923283100128174,3.9741299152374268,3.4999585151672363,1341090
2007-10-03,4.008921146392822,4.008921146392822,3.923283100128174,3.923283100128174,3.455178737640381,1247299
2007-10-04,3.9099020957946777,3.990186929702759,3.8804640769958496,3.984834909439087,3.5093865394592285,1095964
2007-10-05,4.011597156524658,4.0838541984558105,3.987510919570923,4.0704731941223145,3.5848071575164795,1687479
2007-10-08,4.081178188323975,4.0865302085876465,3.979482889175415,4.049063205718994,3.565951108932495,1258509
2007-10-09,4.094557762145996,4.198929786682129,4.065120220184326,4.1801958084106445,3.6814374923706055,1712888
2007-10-10,4.214986801147461,4.311328887939453,4.081178188323975,4.289919853210449,3.7780704498291016,3394388
2007-10-11,4.153433799743652,4.225690841674805,4.014273166656494,4.024978160858154,3.544740915298462,3185135
2007-10-12,4.0517401695251465,4.150757789611816,4.02765417098999,4.13737678527832,3.6437289714813232,1594062
2007-10-15,4.161462783813477,4.223014831542969,4.014273166656494,4.07314920425415,3.5871634483337402,1295876
2007-10-16,4.0704731941223145,4.0704731941223145,3.8322930335998535,3.93666410446167,3.4669625759124756,4845709
2007-10-17,4.054416179656982,4.132024765014648,4.008921146392822,4.06244421005249,3.577735662460327,1923636
2007-10-18,4.019625186920166,4.1801958084106445,4.014273166656494,4.172167778015137,3.674367666244507,1604151
2007-10-19,4.228367805480957,4.231043815612793,3.9607489109039307,4.000892162322998,3.5235280990600586,2455364
2007-10-22,3.9473679065704346,4.1641387939453125,3.9420158863067627,4.075825214385986,3.5895209312438965,2435186
2007-10-23,4.140054225921631,4.228367805480957,4.059768199920654,4.228367805480957,3.7238619327545166,2114953
2007-10-24,4.212309837341309,4.212309837341309,3.992863893508911,4.065120220184326,3.5800931453704834,2531218
2007-10-25,4.099911212921143,4.1454057693481445,4.065120220184326,4.115968227386475,3.6248738765716553,1940451
2007-10-26,4.161462783813477,4.281890869140625,4.161462783813477,4.247100830078125,3.7403597831726074,2344758
2007-10-29,4.268509864807129,4.292595863342285,4.158786773681641,4.289919853210449,3.790011167526245,1863849
2007-10-30,4.268509864807129,4.335414886474609,4.244424819946289,4.257805824279785,3.7616398334503174,1675895
2007-10-31,4.295271873474121,4.407671928405762,4.268509864807129,4.407671928405762,3.8940415382385254,4031490
2007-11-01,4.308652877807617,4.402318954467773,4.190900802612305,4.351471900939941,3.844391345977783,2677322
2007-11-02,4.362176895141602,4.413023948669434,4.241747856140137,4.372880935668945,3.863304376602173,2676574
2007-11-05,4.201605796813965,4.362176895141602,4.201605796813965,4.297947883605957,3.7971041202545166,1622087
2007-11-06,4.228367805480957,4.289919853210449,3.93666410446167,4.02765417098999,3.558307647705078,3681364
2007-11-07,3.963426113128662,3.984834909439087,3.7867980003356934,3.794826030731201,3.3526110649108887,3438854
2007-11-08,3.765388011932373,3.9099020957946777,3.594111919403076,3.703835964202881,3.272224187850952,3197466
2007-11-09,3.6984829902648926,3.6984829902648926,3.564673900604248,3.6048169136047363,3.184743642807007,2208370
2007-11-12,3.6128458976745605,3.730597972869873,3.5700271129608154,3.5994648933410645,3.180016040802002,3413819
2007-11-13,3.6503119468688965,3.8082070350646973,3.6181979179382324,3.7573599815368652,3.3195114135742188,2986344
2007-11-14,3.8215880393981934,3.8537020683288574,3.6743979454040527,3.6743979454040527,3.2462165355682373,1504756
2007-11-15,3.6583409309387207,3.735949993133545,3.6181979179382324,3.6583409309387207,3.2320306301116943,1289897
2007-11-16,3.701159954071045,3.768064022064209,3.6155219078063965,3.760035991668701,3.3218748569488525,1424791
2007-11-19,3.730597972869873,3.730597972869873,3.532560110092163,3.5566461086273193,3.1421866416931152,1775290
2007-11-20,3.6289029121398926,3.6529879570007324,3.545941114425659,3.5860838890075684,3.16819429397583,2256947
2007-11-21,3.5593221187591553,3.5593221187591553,3.4281890392303467,3.436218023300171,3.035792112350464,2492730
2007-11-23,3.4281890392303467,3.578054904937744,3.4281890392303467,3.5379130840301514,3.1256368160247803,649806
2007-11-26,3.6262269020080566,3.6449599266052246,3.4335410594940186,3.449599027633667,3.047614097595215,1451695
2007-11-27,3.5084750652313232,3.578054904937744,3.4469220638275146,3.545941114425659,3.1327290534973145,1470005
2007-11-28,3.545941114425659,3.810883045196533,3.545941114425659,3.768064022064209,3.328968048095703,2792037
2007-11-29,3.719892978668213,3.8804640769958496,3.703835964202881,3.733273983001709,3.298232316970825,1658333
2007-11-30,3.7867980003356934,3.933988094329834,3.778769016265869,3.8804640769958496,3.428269863128662,2662375
2007-12-03,4.00624418258667,4.00624418258667,3.768064022064209,3.784121036529541,3.343153953552246,1520823
2007-12-04,3.8028550148010254,3.933988094329834,3.6958069801330566,3.9286348819732666,3.470827341079712,2015184
2007-12-05,3.987510919570923,4.011597156524658,3.9099020957946777,3.9473679065704346,3.487377643585205,1817141
2007-12-06,3.8965210914611816,4.046387195587158,3.8858160972595215,4.03835916519165,3.567765474319458,1618724
2007-12-07,4.054416179656982,4.0838541984558105,4.019625186920166,4.057092189788818,3.584315299987793,1023473
2007-12-10,4.057092189788818,4.236395835876465,4.057092189788818,4.185548782348633,3.697803020477295,1419933
2007-12-11,4.236395835876465,4.236395835876465,3.950045108795166,3.968777894973755,3.5062921047210693,1741287
2007-12-12,4.054416179656982,4.190900802612305,3.987510919570923,4.00624418258667,3.5393927097320557,1681500
2007-12-13,3.9473679065704346,4.035682201385498,3.920607089996338,4.035682201385498,3.5654008388519287,1496535
2007-12-14,3.971453905105591,3.971453905105591,3.8804640769958496,3.8804640769958496,3.428269863128662,1937835
2007-12-17,3.8884921073913574,3.8911690711975098,3.719892978668213,3.746654987335205,3.3100533485412598,2308513
2007-12-18,3.800178050994873,3.8590540885925293,3.733273983001709,3.768064022064209,3.328968048095703,1816020
2007-12-19,3.7734169960021973,3.8055310249328613,3.746654987335205,3.781445026397705,3.340789794921875,934167
2007-12-20,3.8563780784606934,3.9607489109039307,3.8456740379333496,3.8991971015930176,3.444819927215576,1741287
2007-12-21,3.9018731117248535,4.02765417098999,3.9018731117248535,4.02765417098999,3.558307647705078,1940825
2007-12-24,4.150757789611816,4.158786773681641,4.091882228851318,4.115968227386475,3.636331081390381,787689
2007-12-26,4.107938766479492,4.220338821411133,4.041035175323486,4.212309837341309,3.721445322036743,1409844
2007-12-27,4.265833854675293,4.279214859008789,3.992863893508911,4.014273166656494,3.5464859008789062,2107854
2007-12-28,4.014273166656494,4.078501224517822,4.00624418258667,4.06244421005249,3.589043617248535,715572
2007-12-31,4.043711185455322,4.057092189788818,3.955396890640259,3.971453905105591,3.5086567401885986,898668
2008-01-02,4.011597156524658,4.011597156524658,3.784121036529541,3.8590540885925293,3.4093544483184814,2775222
2008-01-03,3.8590540885925293,3.904550075531006,3.8349690437316895,3.8831400871276855,3.430633544921875,1463652
2008-01-04,3.8537020683288574,3.8537020683288574,3.545941114425659,3.6556649208068848,3.2296676635742188,4070351
2008-01-07,3.717216968536377,3.730597972869873,3.5994648933410645,3.685102939605713,3.2556746006011963,1524934
2008-01-08,3.768064022064209,3.8777880668640137,3.7279210090637207,3.762712001800537,3.324240207672119,3004280
2008-01-09,3.703835964202881,3.768064022064209,3.5887598991394043,3.7279210090637207,3.2935030460357666,3597663
2008-01-10,3.6342549324035645,3.7867980003356934,3.6181979179382324,3.762712001800537,3.324240207672119,3262110
2008-01-11,3.6958069801330566,3.6958069801330566,3.484389066696167,3.561997890472412,3.1469149589538574,4204124
2008-01-14,3.561997890472412,3.6315789222717285,3.513827085494995,3.6181979179382324,3.196566104888916,3227733
2008-01-15,3.5593221187591553,3.561997890472412,3.4121320247650146,3.4442460536956787,3.0428850650787354,2311128
2008-01-16,3.3853700160980225,3.465656042098999,3.2247989177703857,3.3532559871673584,2.962498426437378,3288267
2008-01-17,3.329169988632202,3.4094560146331787,3.251560926437378,3.3425509929656982,2.953040361404419,3407840
2008-01-18,3.3184659481048584,3.3907229900360107,3.2247989177703857,3.238179922103882,2.8608312606811523,3764318
2008-01-22,2.997323989868164,3.31311297416687,2.986618995666504,3.280998945236206,2.898660898208618,4729499
2008-01-23,3.24353289604187,3.27832293510437,3.01070499420166,3.264941930770874,2.8844757080078125,5095319
2008-01-24,3.2408559322357178,3.3184659481048584,3.1766281127929688,3.291703939437866,2.908118963241577,2624635
2008-01-25,3.3318469524383545,3.422837018966675,3.184657096862793,3.1980369091033936,2.825366973876953,2443033
2008-01-28,3.1685988903045654,3.238179922103882,3.1418380737304688,3.214095115661621,2.8395533561706543,1561179
2008-01-29,3.26761794090271,3.270293951034546,3.1525421142578125,3.1819798946380615,2.811180591583252,2660507
2008-01-30,3.157895088195801,3.3211419582366943,3.1445140838623047,3.2087419033050537,2.8348240852355957,1591073
2008-01-31,3.1926848888397217,3.27832293510437,3.0990190505981445,3.23282790184021,2.85610294342041,2156804
2008-02-01,3.275646924972534,3.4041030406951904,3.246208906173706,3.3826940059661865,2.9885058403015137,3018106
2008-02-04,3.4308650493621826,3.4308650493621826,3.3746650218963623,3.4014270305633545,3.005056142807007,1468510
2008-02-05,3.291703939437866,3.3586080074310303,3.190009117126465,3.190009117126465,2.8182740211486816,2357089
2008-02-06,3.238179922103882,3.2890279293060303,3.0936660766601562,3.1016950607299805,2.7402515411376953,2051804
2008-02-07,3.077609062194824,3.1016950607299805,2.991971015930176,3.0695810317993164,2.7118802070617676,3237448
2008-02-08,3.08028507232666,3.2274749279022217,3.08028507232666,3.155219078063965,2.787538528442383,2341395
2008-02-11,3.1471900939941406,3.22212290763855,3.077609062194824,3.0990190505981445,2.737887382507324,1810415
2008-02-12,3.1632471084594727,3.171276092529297,3.0990190505981445,3.1257810592651367,2.761531114578247,2697500
2008-02-13,3.1311330795288086,3.1311330795288086,3.04549503326416,3.1150760650634766,2.752073049545288,3290135
2008-02-14,3.155219078063965,3.1926848888397217,3.0936660766601562,3.1525421142578125,2.785173177719116,2803621
2008-02-15,3.1150760650634766,3.1471900939941406,3.04549503326416,3.0856380462646484,2.7260663509368896,1149399
2008-02-19,3.0936660766601562,3.1284570693969727,3.0749330520629883,3.0749330520629883,2.7166082859039307,1504756
2008-02-20,3.061552047729492,3.1605710983276367,3.061552047729492,3.1016950607299805,2.7402515411376953,2009206
2008-02-21,3.1391611099243164,3.1819798946380615,3.0829620361328125,3.1445140838623047,2.778080463409424,3044262
2008-02-22,3.1445140838623047,3.1525421142578125,3.064228057861328,3.1445140838623047,2.778080463409424,2250221
2008-02-25,3.173952102661133,3.238179922103882,3.1231040954589844,3.230151891708374,2.8537397384643555,1678511
2008-02-26,3.1953608989715576,3.3050849437713623,3.1659231185913086,3.294379949569702,2.910482883453369,1735308
2008-02-27,3.2890279293060303,3.3719890117645264,3.230151891708374,3.2890279293060303,2.905754804611206,1415823
2008-02-28,3.291703939437866,3.329169988632202,3.1766281127929688,3.1953608989715576,2.823002576828003,763775
2008-02-29,3.184657096862793,3.184657096862793,3.0562000274658203,3.0883140563964844,2.7284297943115234,1431517
2008-03-03,3.0749330520629883,3.0883140563964844,3.013381004333496,3.0883140563964844,2.7284297943115234,1546233
2008-03-04,3.061552047729492,3.061552047729492,2.9464759826660156,3.048171043395996,2.692965269088745,1424044
2008-03-05,3.077609062194824,3.1685988903045654,3.0401430130004883,3.1685988903045654,2.799358606338501,1987159
2008-03-06,3.1204280853271484,3.1257810592651367,2.983942985534668,3.01070499420166,2.659864902496338,1312317
2008-03-07,2.9464759826660156,2.98929500579834,2.8554859161376953,2.8688669204711914,2.534554958343506,1922141
2008-03-10,2.8875999450683594,2.9063339233398438,2.74308705329895,2.751115083694458,2.430525064468384,2042088
2008-03-11,2.785904884338379,2.935771942138672,2.785904884338379,2.9116859436035156,2.5723836421966553,2845845
2008-03-12,2.8875999450683594,2.935771942138672,2.7752010822296143,2.8474578857421875,2.5156407356262207,1761091
2008-03-13,2.7939341068267822,2.91971492767334,2.729706048965454,2.8501338958740234,2.518004894256592,2085060
2008-03-14,2.9063339233398438,2.9063339233398438,2.729706048965454,2.7591440677642822,2.4376184940338135,2145968
2008-03-17,2.713649034500122,2.783229112625122,2.6360390186309814,2.705620050430298,2.390331745147705,2399314
2008-03-18,2.783229112625122,2.8822479248046875,2.748439073562622,2.8635149002075195,2.5298268795013428,1779774
2008-03-19,2.8929529190063477,2.9411239624023438,2.74308705329895,2.74308705329895,2.4234321117401123,2199028
2008-03-20,2.729706048965454,2.8635149002075195,2.6949150562286377,2.8528099060058594,2.520368814468384,1160609
2008-03-24,2.8795719146728516,3.0347900390625,2.8688669204711914,3.0347900390625,2.681143283843994,1806305
2008-03-25,3.0749330520629883,3.1124000549316406,3.002676010131836,3.0936660766601562,2.733158826828003,2458353
2008-03-26,2.997323989868164,3.0535240173339844,2.978590965270996,3.016057014465332,2.664593458175659,1490556
2008-03-27,3.008028984069824,3.0562000274658203,2.95450496673584,3.013381004333496,2.66222882270813,3476968
2008-03-28,3.050847053527832,3.1150760650634766,3.013381004333496,3.0374670028686523,2.6835081577301025,1663938
2008-03-31,3.01070499420166,3.1043710708618164,2.9437999725341797,3.0856380462646484,2.7260663509368896,2620151
2008-04-01,3.1124000549316406,3.2729709148406982,3.050847053527832,3.25691294670105,2.8773818016052246,3188871
2008-04-02,3.251560926437378,3.3050849437713623,3.0936660766601562,3.3050849437713623,2.9199397563934326,3425402
2008-04-03,3.155219078063965,3.238179922103882,3.0829620361328125,3.238179922103882,2.8608312606811523,5009002
2008-04-04,3.1471900939941406,3.248884916305542,3.0963430404663086,3.2060658931732178,2.8324599266052246,3099191
2008-04-07,3.246208906173706,3.264941930770874,3.1685988903045654,3.1819798946380615,2.811180591583252,1759223
2008-04-08,3.1257810592651367,3.1793038845062256,3.0909900665283203,3.1685988903045654,2.799358606338501,1730824
2008-04-09,3.1418380737304688,3.1445140838623047,3.026762008666992,3.04549503326416,2.690600633621216,1343705
2008-04-10,2.997323989868164,3.077609062194824,2.981266975402832,3.061552047729492,2.704786777496338,1745771
2008-04-11,3.013381004333496,3.013381004333496,2.949152946472168,2.951828956604004,2.6078498363494873,1135573
2008-04-14,2.9143619537353516,2.991971015930176,2.9143619537353516,2.981266975402832,2.633857011795044,1291018
2008-04-15,3.0909900665283203,3.1445140838623047,2.997323989868164,3.1016950607299805,2.7402515411376953,2574937
2008-04-16,3.1685988903045654,3.2114179134368896,3.1605710983276367,3.1926848888397217,2.8206381797790527,2075345
2008-04-17,3.2087419033050537,3.2087419033050537,3.1043710708618164,3.155219078063965,2.787538528442383,1909810
2008-04-18,3.214095115661621,3.3666369915008545,3.187333106994629,3.326493978500366,2.938854455947876,3035668
2008-04-21,3.2247989177703857,3.3826940059661865,3.2247989177703857,3.297055959701538,2.9128470420837402,3112643
2008-04-22,3.23282790184021,3.246208906173706,3.1471900939941406,3.1632471084594727,2.794630765914917,2798016
2008-04-23,3.2114179134368896,3.297055959701538,3.187333106994629,3.283674955368042,2.90102481842041,1254773
2008-04-24,3.262265920639038,3.3666369915008545,3.24353289604187,3.326493978500366,2.938854455947876,1863102
2008-04-25,3.3773419857025146,3.4174840450286865,3.299731969833374,3.4174840450286865,3.0192413330078125,1486446
2008-04-28,3.4469220638275146,3.4469220638275146,3.329169988632202,3.3960750102996826,3.0003271102905273,1696073
2008-04-29,3.452275037765503,3.511151075363159,3.452275037765503,3.4603030681610107,3.057070255279541,1710272
2008-04-30,3.503122091293335,3.532560110092163,3.4415700435638428,3.479037046432495,3.0736217498779297,1219648
2008-05-01,3.449599027633667,3.532560110092163,3.4415700435638428,3.527208089828491,3.1161787509918213,1240573
2008-05-02,3.503122091293335,3.6476359367370605,3.479037046432495,3.6315789222717285,3.208387851715088,1711393
2008-05-05,3.5887598991394043,3.6422839164733887,3.5673511028289795,3.5860838890075684,3.16819429397583,1430396
2008-05-06,3.5994648933410645,3.671721935272217,3.495094060897827,3.6583409309387207,3.2320306301116943,1070181
2008-05-07,3.545941114425659,3.6181979179382324,3.4255130290985107,3.4442460536956787,3.0428850650787354,2617161
2008-05-08,3.4335410594940186,3.481713056564331,3.3853700160980225,3.452275037765503,3.049978017807007,2087302
2008-05-09,3.452275037765503,3.489741086959839,3.3559319972991943,3.4763600826263428,3.071256160736084,1508492
2008-05-12,3.457627058029175,3.5593221187591553,3.4281890392303467,3.5245320796966553,3.1138148307800293,1767443
2008-05-13,3.487065076828003,3.516503095626831,3.4415700435638428,3.489741086959839,3.083078145980835,1246926
2008-05-14,3.497770071029663,3.58073091506958,3.495094060897827,3.58073091506958,3.1634650230407715,1058224
2008-05-15,3.58073091506958,3.6476359367370605,3.519179105758667,3.6396069526672363,3.215480089187622,1253278
2008-05-16,3.5887598991394043,3.5994648933410645,3.495094060897827,3.551292896270752,3.1374571323394775,1501766
2008-05-19,3.519179105758667,3.6476359367370605,3.492417097091675,3.5914359092712402,3.172921895980835,1460289
2008-05-20,3.578054904937744,3.58073091506958,3.505798101425171,3.548616886138916,3.1350929737091064,761906
2008-05-21,3.5245320796966553,3.5860838890075684,3.465656042098999,3.471008062362671,3.066528081893921,1124363
2008-05-22,3.4335410594940186,3.5673511028289795,3.4335410594940186,3.532560110092163,3.1209068298339844,838882
2008-05-23,3.505798101425171,3.516503095626831,3.420161008834839,3.4442460536956787,3.0428850650787354,1193865
2008-05-27,3.452275037765503,3.5539700984954834,3.452275037765503,3.5539700984954834,3.1398227214813232,1035804
2008-05-28,3.5914359092712402,3.6342549324035645,3.564673900604248,3.6155219078063965,3.1942014694213867,947245
2008-05-29,3.564673900604248,3.719892978668213,3.564673900604248,3.701159954071045,3.2698607444763184,1073171
2008-05-30,3.7279210090637207,3.8483500480651855,3.701159954071045,3.7894740104675293,3.3478832244873047,2855934
2008-06-02,3.746654987335205,3.781445026397705,3.6529879570007324,3.701159954071045,3.2698607444763184,1441606
2008-06-03,3.6931309700012207,3.810883045196533,3.6931309700012207,3.743978977203369,3.307689666748047,1364257
2008-06-04,3.703835964202881,3.797502040863037,3.671721935272217,3.6770739555358887,3.2485811710357666,2198281
2008-06-05,3.752007007598877,3.8884921073913574,3.752007007598877,3.8884921073913574,3.4353623390197754,1838814
2008-06-06,3.7734169960021973,3.778769016265869,3.6663689613342285,3.671721935272217,3.2438526153564453,1404239
2008-06-09,3.6636929512023926,3.6663689613342285,3.5593221187591553,3.6181979179382324,3.196566104888916,1917284
2008-06-10,3.5432651042938232,3.578054904937744,3.481713056564331,3.511151075363159,3.1019930839538574,2216217
2008-06-11,3.497770071029663,3.527208089828491,3.3853700160980225,3.3960750102996826,3.0003271102905273,1699436
2008-06-12,3.420161008834839,3.6021409034729004,3.420161008834839,3.545941114425659,3.1327290534973145,1843671
2008-06-13,3.529884099960327,3.6476359367370605,3.513827085494995,3.6208739280700684,3.198929786682129,838508
2008-06-16,3.6262269020080566,3.6610169410705566,3.594111919403076,3.5994648933410645,3.180016040802002,860928
2008-06-17,3.6663689613342285,3.6663689613342285,3.5887598991394043,3.5887598991394043,3.170558214187622,1620592
2008-06-18,3.521855115890503,3.5860838890075684,3.452275037765503,3.505798101425171,3.097263813018799,2102996
2008-06-19,3.4603030681610107,3.6262269020080566,3.4603030681610107,3.6074929237365723,3.1871085166931152,1428154
2008-06-20,3.519179105758667,3.527208089828491,3.3371989727020264,3.3398749828338623,2.950676441192627,2790916
2008-06-23,3.3907229900360107,3.4255130290985107,3.3318469524383545,3.345227003097534,2.955404281616211,2255452
2008-06-24,3.3345229625701904,3.3826940059661865,3.251560926437378,3.310436964035034,2.924668312072754,1724845
2008-06-25,3.3345229625701904,3.420161008834839,3.27832293510437,3.3853700160980225,2.9908699989318848,1196107
2008-06-26,3.345227003097534,3.3826940059661865,3.2087419033050537,3.2087419033050537,2.8348240852355957,1452069
2008-06-27,3.1819798946380615,3.275646924972534,3.1391611099243164,3.214095115661621,2.8634352684020996,2200897
2008-06-30,3.264941930770874,3.3024089336395264,3.203389883041382,3.259589910507202,2.9039666652679443,1194239
2008-07-01,3.1659231185913086,3.1953608989715576,3.0909900665283203,3.155219078063965,2.810983180999756,2524492
2008-07-02,3.2247989177703857,3.259589910507202,3.0936660766601562,3.1150760650634766,2.775219440460205,1817515
2008-07-03,3.1070470809936523,3.187333106994629,3.048171043395996,3.1150760650634766,2.775219440460205,1425538
2008-07-07,3.0936660766601562,3.24353289604187,3.077609062194824,3.1364850997924805,2.7942934036254883,1853013
2008-07-08,3.050847053527832,3.1338090896606445,3.016057014465332,3.0883140563964844,2.7513771057128906,2693763
2008-07-09,3.1418380737304688,3.25691294670105,3.1338090896606445,3.157895088195801,2.8133671283721924,3263605
2008-07-10,3.184657096862793,3.184657096862793,2.986618995666504,3.0374670028686523,2.706078052520752,3627930
2008-07-11,2.951828956604004,3.0240859985351562,2.8394289016723633,2.951828956604004,2.6297829151153564,3913411
2008-07-14,2.9330949783325195,2.978590965270996,2.8180201053619385,2.8661909103393555,2.553487777709961,2611930
2008-07-15,2.8046391010284424,2.9009809494018555,2.689563035964966,2.8206961154937744,2.5129566192626953,4018785
2008-07-16,2.761820077896118,2.9437999725341797,2.708296060562134,2.938447952270508,2.617861270904541,2425844
2008-07-17,2.9170379638671875,3.005352020263672,2.8715429306030273,2.973237991333008,2.6488564014434814,4002717
2008-07-18,2.753791093826294,2.9277429580688477,2.753791093826294,2.8929529190063477,2.577329635620117,4052415
2008-07-21,2.826047897338867,2.922390937805176,2.7752010822296143,2.8046391010284424,2.4986512660980225,3082376
2008-07-22,2.812666893005371,2.9598569869995117,2.8046391010284424,2.9598569869995117,2.636935234069824,3038284
2008-07-23,2.9598569869995117,3.042819023132324,2.8554859161376953,3.042819023132324,2.710846185684204,3333107
2008-07-24,3.061552047729492,3.061552047729492,2.8768959045410156,2.8902769088745117,2.5749459266662598,1844045
2008-07-25,2.8688669204711914,3.016057014465332,2.8688669204711914,2.9277429580688477,2.6083247661590576,1832088
2008-07-28,2.935771942138672,2.9625329971313477,2.8340768814086914,2.8635149002075195,2.5511038303375244,1444595
2008-07-29,2.8581619262695312,2.983942985534668,2.8528099060058594,2.981266975402832,2.6560096740722656,1461784
2008-07-30,3.021409034729004,3.042819023132324,2.9090099334716797,2.981266975402832,2.6560096740722656,1743902
2008-07-31,2.8875999450683594,3.050847053527832,2.8635149002075195,3.013381004333496,2.684619188308716,3100686
2008-08-01,3.064228057861328,3.0909900665283203,2.9411239624023438,3.061552047729492,2.7275350093841553,1397140
2008-08-04,3.0240859985351562,3.077609062194824,2.8902769088745117,2.8956289291381836,2.579714059829712,2073103
2008-08-05,2.983942985534668,3.0722570419311523,2.978590965270996,3.0374670028686523,2.706078052520752,2438922
2008-08-06,3.0749330520629883,3.187333106994629,3.0374670028686523,3.1498661041259766,2.8062140941619873,2069366
2008-08-07,3.077609062194824,3.155219078063965,3.042819023132324,3.061552047729492,2.7275350093841553,1556322
2008-08-08,3.0240859985351562,3.1043710708618164,2.983942985534668,3.064228057861328,2.72991943359375,2372783
2008-08-11,3.077609062194824,3.1471900939941406,3.050847053527832,3.1204280853271484,2.7799875736236572,1477104
2008-08-12,3.0695810317993164,3.0695810317993164,2.986618995666504,3.021409034729004,2.691771984100342,1881038
2008-08-13,2.994647979736328,3.018733024597168,2.949152946472168,2.98929500579834,2.6631617546081543,1174808
2008-08-14,2.957180976867676,3.184657096862793,2.9437999725341797,3.1418380737304688,2.7990622520446777,2219206
2008-08-15,3.1685988903045654,3.1980369091033936,3.1097230911254883,3.1257810592651367,2.784757137298584,1242068
2008-08-18,3.1311330795288086,3.1766281127929688,3.061552047729492,3.08028507232666,2.7442243099212646,1601162
2008-08-19,3.157895088195801,3.203389883041382,3.08028507232666,3.1043710708618164,2.7656829357147217,3628677
2008-08-20,3.1043710708618164,3.155219078063965,3.0909900665283203,3.1498661041259766,2.8062140941619873,1821999
2008-08-21,3.0749330520629883,3.1257810592651367,3.050847053527832,3.050847053527832,2.7179980278015137,1276072
2008-08-22,3.077609062194824,3.1311330795288086,3.0695810317993164,3.1150760650634766,2.775219440460205,1309702
2008-08-25,3.0535240173339844,3.0856380462646484,3.013381004333496,3.021409034729004,2.691771984100342,1252531
2008-08-26,3.0562000274658203,3.1204280853271484,3.0535240173339844,3.0722570419311523,2.737071990966797,1111658
2008-08-27,3.1043710708618164,3.1257810592651367,3.0749330520629883,3.1043710708618164,2.7656829357147217,1156125
2008-08-28,3.1043710708618164,3.155219078063965,3.0749330520629883,3.1016950607299805,2.763298273086548,1780148
2008-08-29,3.1097230911254883,3.1445140838623047,3.04549503326416,3.0990190505981445,2.7609143257141113,1559311
2008-09-02,3.184657096862793,3.23282790184021,3.1418380737304688,3.2114179134368896,2.861050605773926,2081323
2008-09-03,3.187333106994629,3.2114179134368896,3.0909900665283203,3.1177520751953125,2.7776036262512207,2583158
2008-09-04,3.0963430404663086,3.1177520751953125,3.050847053527832,3.0749330520629883,2.7394564151763916,1773796
2008-09-05,3.042819023132324,3.042819023132324,2.9625329971313477,3.018733024597168,2.689387798309326,1903832
2008-09-08,3.0829620361328125,3.1445140838623047,3.042819023132324,3.1150760650634766,2.775219440460205,2395203
2008-09-09,3.0963430404663086,3.1471900939941406,3.01070499420166,3.029438018798828,2.6989245414733887,2604830
2008-09-10,3.0374670028686523,3.0883140563964844,2.991971015930176,3.0240859985351562,2.6941568851470947,2973266
2008-09-11,2.970561981201172,2.991971015930176,2.8501338958740234,2.8822479248046875,2.567793130874634,3758339
2008-09-12,2.9330949783325195,2.9330949783325195,2.783229112625122,2.8581619262695312,2.546335220336914,2321591
2008-09-15,2.76717209815979,2.783229112625122,2.6494200229644775,2.6601250171661377,2.3699042797088623,3283783
2008-09-16,2.6226580142974854,2.745763063430786,2.6039249897003174,2.705620050430298,2.410435438156128,3747877
2008-09-17,2.5905439853668213,2.708296060562134,2.528991937637329,2.561105966567993,2.2816882133483887,3469495
2008-09-18,2.5932199954986572,2.8019630908966064,2.528991937637329,2.753791093826294,2.453350782394409,4533324
2008-09-19,2.809990882873535,3.157895088195801,2.8019630908966064,3.061552047729492,2.7275350093841553,5554929
2008-09-22,2.9437999725341797,3.01070499420166,2.684211015701294,2.719001054763794,2.422356128692627,6240233
2008-09-23,2.6628010272979736,2.753791093826294,2.6280109882354736,2.6440680027008057,2.3555986881256104,5184999
2008-09-24,2.6360390186309814,2.713649034500122,2.6039249897003174,2.6788580417633057,2.386593818664551,2657517
2008-09-25,2.6413919925689697,2.8581619262695312,2.5851919651031494,2.8233718872070312,2.5153400897979736,4182825
2008-09-26,2.670830011367798,3.050847053527832,2.6333630084991455,2.74308705329895,2.443814516067505,4442897
2008-09-29,2.702944040298462,2.702944040298462,2.3764500617980957,2.3764500617980957,2.117178201675415,3732930
2008-09-30,2.6039249897003174,2.6092770099639893,2.46476411819458,2.6012489795684814,2.317450761795044,2301039
2008-10-01,2.577162981033325,2.6092770099639893,2.478144884109497,2.488848924636841,2.2173142433166504,3032305
2008-10-02,2.499553918838501,2.542372941970825,2.3550400733947754,2.389831066131592,2.129099130630493,1520823
2008-10-03,2.4754679203033447,2.670830011367798,2.328278064727783,2.4326488971710205,2.167245864868164,2318228
2008-10-06,2.3229260444641113,2.3871541023254395,1.9937560558319092,2.3871541023254395,2.1267144680023193,4010564
2008-10-07,2.3309550285339355,2.3925070762634277,2.012489080429077,2.0392510890960693,1.816767692565918,3916774
2008-10-08,2.1034789085388184,2.256021022796631,1.9455840587615967,2.0231940746307373,1.8024628162384033,3197839
2008-10-09,2.009813070297241,2.1248879432678223,1.8599460124969482,1.8733270168304443,1.6689460277557373,2360452
2008-10-10,1.7207850217819214,1.8974130153656006,1.5388050079345703,1.7743090391159058,1.5807310342788696,4534445
2008-10-13,1.9134700298309326,2.478144884109497,1.9081180095672607,2.478144884109497,2.207777976989746,4864019
2008-10-14,2.5396969318389893,2.5396969318389893,2.1489739418029785,2.1543259620666504,1.9192875623703003,5075141
2008-10-15,2.036573886871338,2.1355929374694824,1.9134700298309326,1.9455840587615967,1.733319878578186,2063014
2008-10-16,1.9402320384979248,2.0579841136932373,1.7876900434494019,2.020517110824585,1.8000774383544922,4323323
2008-10-17,1.964318037033081,2.3202500343322754,1.8840320110321045,2.221230983734131,1.9788932800292969,4891670
2008-10-20,2.2747550010681152,2.4085640907287598,2.1810879707336426,2.239964008331299,1.9955835342407227,2405292
2008-10-21,2.2078499794006348,2.3416590690612793,2.1462979316711426,2.1757359504699707,1.9383623600006104,2070113
2008-10-22,2.033898115158081,2.1382689476013184,1.9723459482192993,2.007136106491089,1.788156509399414,2104117
2008-10-23,2.020517110824585,2.060659885406494,1.8037470579147339,1.9241750240325928,1.7142462730407715,2777091
2008-10-24,1.7395180463790894,1.9000890254974365,1.6940230131149292,1.7395180463790894,1.54973566532135,3233711
2008-10-27,1.6592329740524292,1.7341660261154175,1.6083849668502808,1.6404999494552612,1.4615206718444824,3350295
2008-10-28,1.7020519971847534,2.020517110824585,1.7020519971847534,2.015165090560913,1.7953099012374878,2536076
2008-10-29,1.9857269525527954,2.0874218940734863,1.8760039806365967,2.028546094894409,1.8072305917739868,3326381
2008-10-30,2.1141839027404785,2.2078499794006348,2.0713651180267334,2.186440944671631,1.9478989839553833,2828283
2008-10-31,2.1596789360046387,2.435326099395752,2.0713651180267334,2.0713651180267334,1.8453781604766846,4465690
2008-11-03,2.3389830589294434,2.3389830589294434,2.0740408897399902,2.1409459114074707,1.9073684215545654,2904885
2008-11-04,2.282783031463623,2.282783031463623,2.015165090560913,2.253345012664795,2.0075032711029053,1856750
2008-11-05,2.3095450401306152,2.312221050262451,2.1275649070739746,2.1570029258728027,1.9216729402542114,2520755
2008-11-06,2.1382689476013184,2.1382689476013184,1.953613042831421,1.9723459482192993,1.7571618556976318,2271893
2008-11-07,1.9884029626846313,2.1543259620666504,1.953613042831421,2.1008028984069824,1.8716039657592773,2930668
2008-11-10,2.1596789360046387,2.285459041595459,2.1088309288024902,2.1944689750671387,1.9550516605377197,2551396
2008-11-11,2.0874218940734863,2.1971449851989746,2.033898115158081,2.1248879432678223,1.8930612802505493,2960935
2008-11-12,2.0553081035614014,2.095449924468994,1.8733270168304443,1.9188220500946045,1.7094773054122925,3053604
2008-11-13,2.007136106491089,2.247992992401123,1.801069974899292,2.1837639808654785,1.9455143213272095,2707962
2008-11-14,2.0820701122283936,2.1008028984069824,1.8733270168304443,1.8920609951019287,1.685636281967163,3181398
2008-11-17,1.8760039806365967,1.9776979684829712,1.8251559734344482,1.8412129878997803,1.6403357982635498,1421802
2008-11-18,1.7609280347824097,1.8786799907684326,1.7261370420455933,1.7876900434494019,1.5926523208618164,1883654
2008-11-19,1.7421940565109253,1.7796610593795776,1.6404999494552612,1.667261004447937,1.4853620529174805,2144847
2008-11-20,1.6726139783859253,1.6726139783859253,1.514719009399414,1.530776023864746,1.3637675046920776,2525239
2008-11-21,1.6083849668502808,1.7716319561004639,1.5762710571289062,1.7341660261154175,1.5449674129486084,5331102
2008-11-24,1.7796610593795776,2.0686891078948975,1.7796610593795776,1.9937560558319092,1.7762359380722046,3918642
2008-11-25,1.9937560558319092,2.004460096359253,1.8760039806365967,1.9188220500946045,1.7094773054122925,3071914
2008-11-26,1.9054419994354248,2.0419270992279053,1.8840320110321045,1.9991079568862915,1.7810040712356567,2240879
2008-11-28,2.007136106491089,2.066011905670166,1.980375051498413,2.0231940746307373,1.8024628162384033,896800
2008-12-01,1.953613042831421,1.964318037033081,1.7234610319137573,1.7341660261154175,1.5449674129486084,2177356
2008-12-02,1.78501296043396,1.8412129878997803,1.7234610319137573,1.7876900434494019,1.5926523208618164,2616788
2008-12-03,1.7127560377120972,1.8545939922332764,1.7127560377120972,1.8224799633026123,1.6236463785171509,1971839
2008-12-04,1.8412129878997803,1.8438889980316162,1.680642008781433,1.7047280073165894,1.518741250038147,1554453
2008-12-05,1.6726139783859253,1.8090989589691162,1.632470965385437,1.78501296043396,1.5902670621871948,2119064
2008-12-08,1.8412129878997803,2.0847458839416504,1.8412129878997803,1.9884029626846313,1.7714670896530151,3282662
2008-12-09,1.8786799907684326,2.1168599128723145,1.8786799907684326,2.031222105026245,1.8096147775650024,3409335
2008-12-10,2.1195359230041504,2.1195359230041504,1.9991079568862915,2.066011905670166,1.8406093120574951,1820130
2008-12-11,2.031222105026245,2.1329169273376465,1.9776979684829712,1.9991079568862915,1.7810040712356567,3204939
2008-12-12,2.0526320934295654,2.092773914337158,1.8974130153656006,2.047278881072998,1.8239198923110962,3129832
2008-12-15,1.969670057296753,2.044603109359741,1.9589649438858032,1.9830509424209595,1.766698956489563,1711767
2008-12-16,2.044603109359741,2.0847458839416504,1.9134700298309326,2.0579841136932373,1.833457112312317,2969903
2008-12-17,2.0820701122283936,2.1596789360046387,2.047278881072998,2.1141839027404785,1.8835254907608032,2616788
2008-12-18,2.1382689476013184,2.2720789909362793,2.060659885406494,2.1837639808654785,1.9455143213272095,2591752
2008-12-19,2.0419270992279053,2.266726016998291,2.0419270992279053,2.2426400184631348,1.9979668855667114,1645254
2008-12-22,2.253345012664795,2.253345012664795,2.06333589553833,2.1623549461364746,1.9264403581619263,1881038
2008-12-23,2.009813070297241,2.258697986602783,2.009813070297241,2.205173969268799,1.9645884037017822,1722977
2008-12-24,2.256021022796631,2.256021022796631,2.1329169273376465,2.1462979316711426,1.9121354818344116,629255
2008-12-26,2.1195359230041504,2.1543259620666504,2.0526320934295654,2.0713651180267334,1.8453781604766846,685305
2008-12-29,2.095449924468994,2.258697986602783,2.012489080429077,2.247992992401123,2.0027360916137695,2374278
2008-12-30,2.247992992401123,2.253345012664795,2.1275649070739746,2.189116954803467,1.9502832889556885,1618350
2008-12-31,2.0820701122283936,2.2132019996643066,2.0820701122283936,2.1757359504699707,1.9383623600006104,1304844
2009-01-02,2.218554973602295,2.2720789909362793,2.1757359504699707,2.245316982269287,2.000351667404175,2290577
2009-01-05,2.245316982269287,2.3416590690612793,2.1757359504699707,2.229259967803955,1.9860466718673706,2511414
2009-01-06,2.3336310386657715,2.3336310386657715,2.1917929649353027,2.250669002532959,2.005120038986206,2278619
2009-01-07,2.1195359230041504,2.293488025665283,2.1195359230041504,2.2105259895324707,1.9693559408187866,3955262
2009-01-08,2.199821949005127,2.199821949005127,2.1355929374694824,2.1543259620666504,1.9192875623703003,3140295
2009-01-09,2.1917929649353027,2.237287998199463,2.076716899871826,2.1944689750671387,1.9550516605377197,2303281
2009-01-12,2.033898115158081,2.1115078926086426,1.966994047164917,1.966994047164917,1.7523938417434692,2803247
2009-01-13,2.047278881072998,2.1088309288024902,2.012489080429077,2.0981268882751465,1.8692198991775513,1651980
2009-01-14,2.0579841136932373,2.0900979042053223,1.9322030544281006,1.948259949684143,1.735703706741333,2131021
2009-01-15,1.9750219583511353,1.9750219583511353,1.8037470579147339,1.9241750240325928,1.7142462730407715,2612304
2009-01-16,1.9268510341644287,1.9776979684829712,1.8545939922332764,1.9214990139007568,1.7118624448776245,1423670
2009-01-20,1.9375560283660889,1.9375560283660889,1.7395180463790894,1.8117749691009521,1.6141091585159302,2297676
2009-01-21,1.7716319561004639,1.8519179821014404,1.7181090116500854,1.8492419719696045,1.6474887132644653,2639208
2009-01-22,1.7448710203170776,1.7876900434494019,1.629794955253601,1.7395180463790894,1.54973566532135,1808547
2009-01-23,1.6592329740524292,1.7876900434494019,1.6592329740524292,1.7743090391159058,1.5807310342788696,1430396
2009-01-26,1.8706510066986084,1.8867080211639404,1.7796610593795776,1.8037470579147339,1.6069573163986206,1475983
2009-01-27,1.8840320110321045,1.8840320110321045,1.8251559734344482,1.8626229763031006,1.659409761428833,960697
2009-01-28,1.9107940196990967,1.9937560558319092,1.9107940196990967,1.9589649438858032,1.7452409267425537,1820878
2009-01-29,1.6431759595870972,1.9723459482192993,1.6431759595870972,1.8733270168304443,1.6689460277557373,1372104
2009-01-30,1.8733270168304443,1.9214990139007568,1.8278319835662842,1.8572700023651123,1.6546404361724854,2513656
2009-02-02,1.7957179546356201,1.8679749965667725,1.7876900434494019,1.8305079936981201,1.630798578262329,843366
2009-02-03,1.8358609676361084,1.8679749965667725,1.7743090391159058,1.8438889980316162,1.6427197456359863,1587710
2009-02-04,1.8465659618377686,1.8974130153656006,1.7636040449142456,1.8224799633026123,1.6236463785171509,2523745
2009-02-05,1.7930419445037842,1.8331849575042725,1.7395180463790894,1.8224799633026123,1.6236463785171509,1887390
2009-02-06,1.8305079936981201,1.950937032699585,1.8251559734344482,1.948259949684143,1.735703706741333,1193118
2009-02-09,1.953613042831421,1.9616409540176392,1.8760039806365967,1.9188220500946045,1.7094773054122925,2250221
2009-02-10,1.9107940196990967,1.9268510341644287,1.7876900434494019,1.8117749691009521,1.6141091585159302,1978565
2009-02-11,1.8358609676361084,1.8545939922332764,1.7555749416351318,1.78501296043396,1.5902670621871948,1653101
2009-02-12,1.768955945968628,1.8438889980316162,1.7395180463790894,1.8305079936981201,1.630798578262329,1696073
2009-02-13,1.7528990507125854,1.8412129878997803,1.6752899885177612,1.8117749691009521,1.6141091585159302,1689347
2009-02-17,1.7448710203170776,1.7448710203170776,1.6404999494552612,1.6913470029830933,1.5068202018737793,2691895
2009-02-18,1.6779659986495972,1.7074040174484253,1.635146975517273,1.6726139783859253,1.49013090133667,1749507
2009-02-19,1.7555749416351318,1.7582520246505737,1.683318018913269,1.6913470029830933,1.5068202018737793,1054861
2009-02-20,1.6244419813156128,1.6913470029830933,1.5950039625167847,1.651203989982605,1.471056580543518,1431517
2009-02-23,1.645851969718933,1.6966990232467651,1.5789469480514526,1.6030329465866089,1.4281412363052368,1150520
2009-02-24,1.6083849668502808,1.653880000114441,1.5789469480514526,1.635146975517273,1.456751823425293,2524118
2009-02-25,1.5923279523849487,1.651203989982605,1.5816240310668945,1.616413950920105,1.4400620460510254,1319043
2009-02-26,1.635146975517273,1.6404999494552612,1.5655659437179565,1.5869760513305664,1.4138362407684326,844113
2009-02-27,1.629794955253601,1.629794955253601,1.5227479934692383,1.5227479934692383,1.3566153049468994,1630681
2009-03-02,1.469223976135254,1.469223976135254,1.348796010017395,1.3755580186843872,1.2254836559295654,2470684
2009-03-03,1.367529034614563,1.48260498046875,1.367529034614563,1.4344340562820435,1.2779364585876465,2287961
2009-03-04,1.469223976135254,1.5816240310668945,1.469223976135254,1.536128044128418,1.3685355186462402,2220327
2009-03-05,1.3969670534133911,1.5548620223999023,1.3969670534133911,1.479928970336914,1.3184680938720703,2357089
2009-03-06,1.4611949920654297,1.536128044128418,1.4371099472045898,1.4879570007324219,1.325620412826538,846355
2009-03-09,1.4558429718017578,1.4906330108642578,1.4183759689331055,1.4397859573364258,1.282704472541809,981249
2009-03-10,1.4290809631347656,1.619089961051941,1.4290809631347656,1.6003570556640625,1.4257575273513794,1863476
2009-03-11,1.5896519422531128,1.651203989982605,1.5120429992675781,1.549509048461914,1.3804566860198975,2155309
2009-03-12,1.501338005065918,1.629794955253601,1.4879570007324219,1.6244419813156128,1.4472144842147827,1993512
2009-03-13,1.632470965385437,1.6993759870529175,1.6003570556640625,1.6699379682540894,1.4877469539642334,1630681
2009-03-16,1.664584994316101,1.7341660261154175,1.664584994316101,1.6859949827194214,1.5020521879196167,1399755
2009-03-17,1.6752899885177612,1.6966990232467651,1.632470965385437,1.6966990232467651,1.5115883350372314,1302976
2009-03-18,1.7475470304489136,1.7876900434494019,1.683318018913269,1.782336950302124,1.5878829956054688,2930668
2009-03-19,1.8706510066986084,1.8706510066986084,1.7582520246505737,1.8171279430389404,1.6188783645629883,2987465
2009-03-20,1.7100800275802612,1.814450979232788,1.7100800275802612,1.7662800550460815,1.573577880859375,2124295
2009-03-23,1.7930419445037842,2.066011905670166,1.768955945968628,2.0579841136932373,1.833457112312317,3458285
2009-03-24,1.9161460399627686,2.0713651180267334,1.9161460399627686,1.9964319467544556,1.7786201238632202,1463652
2009-03-25,1.9589649438858032,2.0713651180267334,1.9027650356292725,2.007136106491089,1.788156509399414,2779333
2009-03-26,2.007136106491089,2.092773914337158,1.9750219583511353,2.092773914337158,1.8644510507583618,3353658
2009-03-27,1.9322030544281006,2.0392510890960693,1.9322030544281006,1.980375051498413,1.764314889907837,1357905
2009-03-30,1.9054419994354248,1.9402320384979248,1.8599460124969482,1.9054419994354248,1.6975573301315308,1462158
2009-03-31,1.966994047164917,1.9910789728164673,1.9027650356292725,1.9027650356292725,1.6951721906661987,1966234
2009-04-01,1.9455840587615967,1.9884029626846313,1.8465659618377686,1.950937032699585,1.738088846206665,2010700
2009-04-02,2.020517110824585,2.231935977935791,2.020517110824585,2.1382689476013184,1.9049824476242065,4177593
2009-04-03,2.1061549186706543,2.312221050262451,2.1061549186706543,2.261373996734619,2.0146565437316895,3325633
2009-04-06,2.269402027130127,2.269402027130127,2.1516499519348145,2.231935977935791,1.988430380821228,2361200
2009-04-07,2.2078499794006348,2.2078499794006348,2.1248879432678223,2.1489739418029785,1.9145201444625854,1619471
2009-04-08,2.2132019996643066,2.470115900039673,2.2132019996643066,2.3791260719299316,2.1195619106292725,3794211
2009-04-09,2.41926908493042,2.435326099395752,2.280107021331787,2.3684210777282715,2.110025405883789,3050615
2009-04-13,2.328278064727783,2.3737730979919434,2.2881360054016113,2.3416590690612793,2.0861828327178955,1357157
2009-04-14,2.269402027130127,2.3818020820617676,2.231935977935791,2.258697986602783,2.012272596359253,4383857
2009-04-15,2.186440944671631,2.3416590690612793,2.079392910003662,2.1570029258728027,1.9216729402542114,5562028
2009-04-16,2.1677069664001465,2.2426400184631348,2.1088309288024902,2.2265830039978027,1.9836615324020386,2674332
2009-04-17,2.1757359504699707,2.2908120155334473,2.1168599128723145,2.266726016998291,2.0194249153137207,1902337
2009-04-20,2.2720789909362793,2.2720789909362793,2.0900979042053223,2.1436219215393066,1.9097508192062378,2052551
2009-04-21,2.1355929374694824,2.1837639808654785,2.1168599128723145,2.1837639808654785,1.9455143213272095,891569
2009-04-22,2.1917929649353027,2.3256020545959473,2.1917929649353027,2.280107021331787,2.031346082687378,1973707
2009-04-23,2.3256020545959473,2.4620869159698486,2.3256020545959473,2.4085640907287598,2.1457881927490234,2892927
2009-04-24,2.3015170097351074,2.488848924636841,2.3015170097351074,2.4406778812408447,2.174398422241211,2524492
2009-04-27,2.3443350791931152,2.512934923171997,2.3443350791931152,2.451383113861084,2.1839358806610107,2416502
2009-04-28,2.4139161109924316,2.494201898574829,2.3710970878601074,2.4326488971710205,2.167245864868164,1480841
2009-04-29,2.504905939102173,2.542372941970825,2.448707103729248,2.478144884109497,2.207777976989746,2818568
2009-04-30,2.542372941970825,2.5691349506378174,2.4754679203033447,2.510258913040161,2.236388921737671,2014811
2009-05-01,2.510258913040161,2.550400972366333,2.470115900039673,2.534343957901001,2.257845163345337,1102690
2009-05-04,2.6226580142974854,2.8394289016723633,2.6039249897003174,2.8394289016723633,2.5296456813812256,2812589
2009-05-05,2.796610116958618,2.9170379638671875,2.769848108291626,2.9170379638671875,2.598787307739258,2697873
2009-05-06,2.981266975402832,2.981266975402832,2.7725250720977783,2.8367528915405273,2.527261734008789,3598036
2009-05-07,2.9250669479370117,2.9277429580688477,2.702944040298462,2.737734079360962,2.4390456676483154,2375025
2009-05-08,2.724353075027466,2.8073151111602783,2.719001054763794,2.7885820865631104,2.484346628189087,1134826
2009-05-11,2.8073151111602783,2.826047897338867,2.6360390186309814,2.654772996902466,2.365135431289673,3176167
2009-05-12,2.729706048965454,2.8501338958740234,2.729706048965454,2.815342903137207,2.5081870555877686,2555506
2009-05-13,2.7270290851593018,2.769848108291626,2.6199820041656494,2.702944040298462,2.4080517292022705,2397445
2009-05-14,2.6788580417633057,2.809990882873535,2.6681530475616455,2.77787709236145,2.474809169769287,1456179
2009-05-15,2.753791093826294,2.9437999725341797,2.753791093826294,2.8608388900756836,2.548719644546509,1965860
2009-05-18,3.171276092529297,3.3746650218963623,2.951828956604004,3.0749330520629883,2.7394564151763916,9337183
2009-05-19,3.002676010131836,3.203389883041382,2.8849239349365234,2.986618995666504,2.6607770919799805,3126095
2009-05-20,3.064228057861328,3.1124000549316406,2.95450496673584,2.9652099609375,2.6417038440704346,1776038
2009-05-21,2.9437999725341797,3.008028984069824,2.8367528915405273,2.9090099334716797,2.5916359424591064,1538386
2009-05-22,2.967885971069336,2.991971015930176,2.8795719146728516,2.9330949783325195,2.6130926609039307,907636
2009-05-26,2.8340768814086914,3.018733024597168,2.826047897338867,2.98929500579834,2.6631617546081543,2130647
2009-05-27,3.0695810317993164,3.1445140838623047,2.8608388900756836,3.01070499420166,2.6822350025177,1547727
2009-05-28,2.9330949783325195,3.1284570693969727,2.91971492767334,3.0909900665283203,2.7537617683410645,1081391
2009-05-29,3.1471900939941406,3.1819798946380615,3.026762008666992,3.157895088195801,2.8133671283721924,2117943
2009-06-01,3.2114179134368896,3.3853700160980225,3.200714111328125,3.3345229625701904,2.9707250595092773,1523439
2009-06-02,3.422837018966675,3.422837018966675,3.254236936569214,3.3479039669036865,2.9826457500457764,1486820
2009-06-03,3.3345229625701904,3.3479039669036865,3.173952102661133,3.264941930770874,2.9087350368499756,1499524
2009-06-04,3.203389883041382,3.3211419582366943,3.1150760650634766,3.31311297416687,2.951650857925415,1136694
2009-06-05,3.326493978500366,3.3800179958343506,3.264941930770874,3.3211419582366943,2.958803653717041,735376
2009-06-08,3.3184659481048584,3.3184659481048584,3.2274749279022217,3.275646924972534,2.918271541595459,1584720
2009-06-09,3.4094560146331787,3.465656042098999,3.3693130016326904,3.4281890392303467,3.0541718006134033,1030573
2009-06-10,3.438894033432007,3.465656042098999,3.329169988632202,3.3800179958343506,3.011256456375122,1036551
2009-06-11,3.286350965499878,3.479037046432495,3.286350965499878,3.454951047897339,3.078014373779297,1115021
2009-06-12,3.4255130290985107,3.4442460536956787,3.251560926437378,3.286350965499878,2.9278085231781006,2949351
2009-06-15,3.291703939437866,3.3211419582366943,3.077609062194824,3.1980369091033936,2.8491294384002686,2299918
2009-06-16,3.1980369091033936,3.264941930770874,3.0856380462646484,3.0856380462646484,2.7489938735961914,1399382
2009-06-17,3.0669050216674805,3.1418380737304688,3.018733024597168,3.0829620361328125,2.7466092109680176,2262552
2009-06-18,3.1525421142578125,3.1819798946380615,3.01070499420166,3.0695810317993164,2.7346882820129395,1492051
2009-06-19,3.1980369091033936,3.1980369091033936,3.013381004333496,3.0374670028686523,2.706078052520752,1678884
2009-06-22,3.018733024597168,3.026762008666992,2.844780921936035,2.8528099060058594,2.5415666103363037,1720361
2009-06-23,2.991971015930176,2.991971015930176,2.8528099060058594,2.8688669204711914,2.5558719635009766,1019736
2009-06-24,2.8849239349365234,3.0240859985351562,2.8849239349365234,2.973237991333008,2.6488564014434814,1168082
2009-06-25,3.0374670028686523,3.0722570419311523,3.0,3.0669050216674805,2.732304096221924,1279808
2009-06-26,3.1177520751953125,3.2060658931732178,3.1150760650634766,3.1819798946380615,2.8348240852355957,1549969
2009-06-29,3.1525421142578125,3.203389883041382,3.1391611099243164,3.171276092529297,2.844425916671753,1228990
2009-06-30,3.157895088195801,3.2060658931732178,3.1124000549316406,3.157895088195801,2.8324241638183594,1716625
2009-07-01,3.1685988903045654,3.1766281127929688,3.1097230911254883,3.1311330795288086,2.808420181274414,959950
2009-07-02,3.0990190505981445,3.1445140838623047,3.005352020263672,3.1445140838623047,2.820422410964966,787689
2009-07-06,3.0401430130004883,3.1257810592651367,2.949152946472168,3.013381004333496,2.7028043270111084,1594062
2009-07-07,3.021409034729004,3.061552047729492,2.970561981201172,2.9759140014648438,2.669199228286743,1006658
2009-07-08,2.9437999725341797,3.026762008666992,2.842104911804199,2.9250669479370117,2.6235926151275635,1846661
2009-07-09,2.91971492767334,3.0562000274658203,2.8956289291381836,3.0240859985351562,2.712406635284424,1842177
2009-07-10,3.01070499420166,3.1284570693969727,2.986618995666504,3.0749330520629883,2.7580130100250244,1375841
2009-07-13,3.050847053527832,3.1043710708618164,2.983942985534668,3.002676010131836,2.6932034492492676,1546980
2009-07-14,3.0374670028686523,3.0883140563964844,2.997323989868164,3.016057014465332,2.705204963684082,856070
2009-07-15,3.077609062194824,3.270293951034546,3.04549503326416,3.26761794090271,2.9308383464813232,1896358
2009-07-16,3.2087419033050537,3.4121320247650146,3.184657096862793,3.3907229900360107,3.0412559509277344,2076839
2009-07-17,3.473684072494507,3.5566461086273193,3.438894033432007,3.495094060897827,3.134868860244751,2438922
2009-07-20,3.575378894805908,3.6503119468688965,3.561997890472412,3.6503119468688965,3.2740895748138428,1780148
2009-07-21,3.6503119468688965,3.6770739555358887,3.5593221187591553,3.6074929237365723,3.2356834411621094,1786127
2009-07-22,3.610168933868408,3.6503119468688965,3.484389066696167,3.6289029121398926,3.254887104034424,2046572
2009-07-23,3.6315789222717285,3.746654987335205,3.6289029121398926,3.733273983001709,3.348501205444336,2133637
2009-07-24,3.7118639945983887,3.7867980003356934,3.6342549324035645,3.768064022064209,3.3797059059143066,1013010
2009-07-27,3.6958069801330566,3.797502040863037,3.6958069801330566,3.7894740104675293,3.398908853530884,1113527
2009-07-28,3.7734169960021973,3.797502040863037,3.6958069801330566,3.7867980003356934,3.3965086936950684,1226000
2009-07-29,3.768064022064209,3.813559055328369,3.738626003265381,3.784121036529541,3.3941075801849365,956587
2009-07-30,3.8403210639953613,3.8938450813293457,3.8082070350646973,3.8510260581970215,3.4541170597076416,1033562
2009-07-31,3.781445026397705,3.9473679065704346,3.754683017730713,3.8858160972595215,3.4853217601776123,1872444
2009-08-03,3.907226085662842,4.057092189788818,3.907226085662842,4.046387195587158,3.6293435096740723,2284598
2009-08-04,3.990186929702759,4.094557762145996,3.990186929702759,4.078501224517822,3.6581473350524902,1353047
2009-08-05,4.041035175323486,4.1186442375183105,4.041035175323486,4.094557762145996,3.672548770904541,1694205
2009-08-06,4.1186442375183105,4.13737678527832,4.02765417098999,4.059768199920654,3.6413447856903076,1270467
2009-08-07,4.142730236053467,4.1480817794799805,4.065120220184326,4.110616207122803,3.6869518756866455,2254331
2009-08-10,4.177519798278809,4.372880935668945,4.1480817794799805,4.188224792480469,3.756561517715454,3520687
2009-08-11,4.156110763549805,4.231043815612793,4.049063205718994,4.075825214385986,3.655747413635254,2769244
2009-08-12,4.035682201385498,4.255128860473633,4.01694917678833,4.150757789611816,3.722957134246826,2307765
2009-08-13,4.220338821411133,4.228367805480957,4.081178188323975,4.188224792480469,3.756561517715454,862423
2009-08-14,4.02765417098999,4.185548782348633,4.02765417098999,4.123995780944824,3.698953151702881,1777159
2009-08-17,4.01694917678833,4.0517401695251465,3.8991971015930176,3.9259591102600098,3.521327018737793,1728582
2009-08-18,3.952721118927002,3.990186929702759,3.8965210914611816,3.9473679065704346,3.540529251098633,948740
2009-08-19,3.7921500205993652,3.987510919570923,3.746654987335205,3.968777894973755,3.55973219871521,820198
2009-08-20,3.998215913772583,4.0704731941223145,3.9152541160583496,4.043711185455322,3.6269426345825195,1022352
2009-08-21,3.998215913772583,4.156110763549805,3.998215913772583,4.140054225921631,3.7133564949035645,837761
2009-08-24,4.158786773681641,4.204281806945801,4.089206218719482,4.126673221588135,3.7013542652130127,1361268
2009-08-25,4.174843788146973,4.255128860473633,4.161462783813477,4.217662811279297,3.782965898513794,911747
2009-08-26,4.244424819946289,4.327385902404785,4.241747856140137,4.308652877807617,3.864577293395996,2018921
2009-08-27,4.332738876342773,4.372880935668945,4.247100830078125,4.335414886474609,3.8885817527770996,1624703
2009-08-28,4.362176895141602,4.388937950134277,4.241747856140137,4.263157844543457,3.8237719535827637,600482
2009-08-31,4.212309837341309,4.252452850341797,4.188224792480469,4.214986801147461,3.7805655002593994,1490930
2009-09-01,4.214986801147461,4.324709892272949,4.099911212921143,4.188224792480469,3.756561517715454,2629492
2009-09-02,4.273862838745117,4.273862838745117,4.091882228851318,4.123995780944824,3.698953151702881,1377709
2009-09-03,4.228367805480957,4.228367805480957,4.075825214385986,4.156110763549805,3.7277579307556152,1180787
2009-09-04,4.225690841674805,4.244424819946289,4.1641387939453125,4.212309837341309,3.778165102005005,1872070
2009-09-08,4.265833854675293,4.3487958908081055,4.193576812744141,4.335414886474609,3.8885817527770996,2153441
2009-09-09,4.236395835876465,4.442461967468262,4.236395835876465,4.413023948669434,3.958192825317383,2172872
2009-09-10,4.4156999588012695,4.455842971801758,4.370204925537109,4.3996429443359375,3.9461896419525146,1737176
2009-09-11,4.46119499206543,4.501338005065918,4.375557899475098,4.413023948669434,3.958192825317383,2990081
2009-09-14,4.439785957336426,4.47189998626709,4.359499931335449,4.402318954467773,3.948590040206909,1207691
2009-09-15,4.407671928405762,4.447813987731934,4.3835859298706055,4.4156999588012695,3.960592746734619,1913173
2009-09-16,4.46119499206543,4.498661994934082,4.421052932739258,4.485280990600586,4.023001194000244,1615735
2009-09-17,4.447813987731934,4.597681045532227,4.447813987731934,4.570919036865234,4.099813461303711,1545112
2009-09-18,4.565566062927246,4.592328071594238,4.479928970336914,4.520071029663086,4.054207801818848,1876554
2009-09-21,4.546833038330078,4.546833038330078,4.4183759689331055,4.509366989135742,4.044604778289795,834398
2009-09-22,4.445137977600098,4.6003570556640625,4.439785957336426,4.595004081726074,4.1214165687561035,1075413
2009-09-23,4.578947067260742,4.613738059997559,4.522747993469238,4.565566062927246,4.0950117111206055,1185271
2009-09-24,4.621766090393066,4.6351470947265625,4.485280990600586,4.490633010864258,4.027801513671875,1680379
2009-09-25,4.48260498046875,4.501338005065918,4.442461967468262,4.458518981933594,3.9989986419677734,686799
2009-09-28,4.53880500793457,4.661909103393555,4.469223976135254,4.603033065795898,4.128617763519287,985733
2009-09-29,4.605709075927734,4.683318138122559,4.592328071594238,4.669938087463379,4.188626289367676,1361268
2009-09-30,4.683318138122559,4.814451217651367,4.6351470947265625,4.803747177124023,4.3086466789245605,3188124
2009-10-01,4.742194175720215,4.830508232116699,4.712756156921387,4.718109130859375,4.2318339347839355,2141110
2009-10-02,4.60838508605957,4.8519182205200195,4.589652061462402,4.763604164123535,4.272639751434326,2308139
2009-10-05,4.8171281814575195,5.001783847808838,4.814451217651367,4.964317798614502,4.452666282653809,2699742
2009-10-06,4.977697849273682,5.06333589553833,4.902764797210693,4.975021839141846,4.462266445159912,1806305
2009-10-07,4.843889236450195,4.8947367668151855,4.795718193054199,4.878680229187012,4.375855445861816,2234527
2009-10-08,4.991078853607178,4.991078853607178,4.846566200256348,4.902764797210693,4.397457122802734,1614614
2009-10-09,4.798394203186035,4.830508232116699,4.696699142456055,4.776985168457031,4.284641742706299,2905258
2009-10-12,4.857269763946533,4.8974127769470215,4.841213226318359,4.876004219055176,4.37345552444458,1014879
2009-10-13,4.859945774078369,4.9322028160095215,4.830508232116699,4.8545942306518555,4.354251861572266,2112711
2009-10-14,4.9482598304748535,5.031221866607666,4.884031772613525,5.031221866607666,4.512674808502197,2368299
2009-10-15,5.001783847808838,5.0820698738098145,4.977697849273682,5.036573886871338,4.51747465133667,1491677
2009-10-16,4.9161458015441895,5.095449924468994,4.849242210388184,5.020516872406006,4.503073692321777,2910863
2009-10-19,4.950936794281006,5.226583003997803,4.950936794281006,5.146297931671143,4.6158905029296875,1640023
2009-10-20,5.181087970733643,5.181087970733643,5.03925085067749,5.124887943267822,4.596687316894531,1342211
2009-10-21,4.841213226318359,5.1650309562683105,4.841213226318359,5.0820698738098145,4.558282852172852,2138868
2009-10-22,4.945583820343018,5.11953592300415,4.9295268058776855,5.01784086227417,4.500672340393066,1573510
2009-10-23,5.015164852142334,5.124887943267822,5.015164852142334,5.031221866607666,4.512674808502197,1929615
2009-10-26,5.08474588394165,5.10883092880249,4.9295268058776855,4.996431827545166,4.481470584869385,2992696
2009-10-27,5.135592937469482,5.1516499519348145,5.001783847808838,5.015164852142334,4.498272895812988,2202018
2009-10-28,5.071364879608154,5.071364879608154,4.843889236450195,4.86262321472168,4.361452579498291,3065188
2009-10-29,4.934879779815674,5.052631855010986,4.884031772613525,4.991078853607178,4.4766693115234375,2389972
2009-10-30,4.956288814544678,4.980374813079834,4.570919036865234,4.589652061462402,4.116615295410156,5327366
2009-11-02,4.645852088928223,4.726137161254883,4.549509048461914,4.683318138122559,4.20062780380249,3827468
2009-11-03,4.611062049865723,4.680642127990723,4.554862022399902,4.645852088928223,4.167022705078125,2272267
2009-11-04,4.760928153991699,4.827832221984863,4.699376106262207,4.718109130859375,4.2318339347839355,1715130
2009-11-05,4.779661178588867,4.833185195922852,4.734166145324707,4.782337188720703,4.289442539215088,2048441
2009-11-06,4.744871139526367,4.876004219055176,4.728814125061035,4.827832221984863,4.33024787902832,2338406
2009-11-09,4.9134697914123535,5.031221866607666,4.884031772613525,5.023193836212158,4.50547456741333,2213228
2009-11-10,4.889383792877197,5.106154918670654,4.878680229187012,5.092773914337158,4.5678839683532715,2068619
2009-11-11,5.138268947601318,5.194468975067139,5.1329169273376465,5.194468975067139,4.659095764160156,1460663
2009-11-12,5.1677069664001465,5.258697986602783,5.146297931671143,5.202497959136963,4.666297435760498,2568958
2009-11-13,5.194468975067139,5.338983058929443,5.191792964935303,5.312221050262451,4.764713764190674,2614172
2009-11-16,5.338983058929443,5.472792148590088,5.322926044464111,5.405888080596924,4.848726272583008,2387730
2009-11-17,5.438002109527588,5.483497142791748,5.405888080596924,5.459411144256592,4.896731376647949,1287655
2009-11-18,5.491525173187256,5.49955415725708,5.435326099395752,5.486173152923584,4.920736312866211,1903458
2009-11-19,5.486173152923584,5.526316165924072,5.435326099395752,5.48884916305542,4.92313814163208,2913105
2009-11-20,5.51025915145874,5.5530781745910645,5.459411144256592,5.480821132659912,4.9159369468688965,1259630
2009-11-23,5.494202136993408,5.660124778747559,5.467440128326416,5.520963191986084,4.951940059661865,1472247
2009-11-24,5.48884916305542,5.561106204986572,5.429973125457764,5.512935161590576,4.94473934173584,1892248
2009-11-25,5.5557541847229,5.636038780212402,5.550401210784912,5.633362770080566,5.052755355834961,2484136
2009-11-27,5.4326491355896,5.48884916305542,5.405888080596924,5.427297115325928,4.867928504943848,1227869
2009-11-30,5.395183086395264,5.411240100860596,5.301517009735107,5.3523640632629395,4.800717830657959,2221448
2009-12-01,5.355040073394775,5.531668186187744,5.355040073394775,5.478145122528076,4.913536548614502,2208370
2009-12-02,5.483497142791748,5.537021160125732,5.45405912399292,5.470116138458252,4.906333923339844,1275324
2009-12-03,5.472792148590088,5.5530781745910645,5.438002109527588,5.459411144256592,4.896731376647949,1381819
2009-12-04,5.598573207855225,5.598573207855225,5.389831066131592,5.472792148590088,4.908734321594238,1686358
2009-12-07,5.531668186187744,5.531668186187744,5.3523640632629395,5.427297115325928,4.867928504943848,9016950
2009-12-08,5.421945095062256,5.446030139923096,5.360393047332764,5.405888080596924,4.848726272583008,1493172
2009-12-09,5.429973125457764,5.48884916305542,5.413916110992432,5.429973125457764,4.870327949523926,796657
2009-12-10,5.459411144256592,5.467440128326416,5.4032111167907715,5.41926908493042,4.860727310180664,587778
2009-12-11,5.421945095062256,5.486173152923584,5.264050006866455,5.338983058929443,4.788716793060303,2343637
2009-12-14,5.360393047332764,5.483497142791748,5.3523640632629395,5.3844780921936035,4.829522132873535,1217032
2009-12-15,5.459411144256592,5.459411144256592,5.306869029998779,5.3978590965271,4.841524600982666,1622087
2009-12-16,5.3657450675964355,5.807314872741699,5.3657450675964355,5.745762825012207,5.153570652008057,2760276
2009-12-17,5.764495849609375,5.9330949783325195,5.6467437744140625,5.914361953735352,5.3047943115234375,4053162
2009-12-18,5.959856986999512,6.112400054931641,5.951828956604004,6.107047080993652,5.47761869430542,4547150
2009-12-21,6.155219078063965,6.155219078063965,5.887599945068359,5.892952919006348,5.285591125488281,2144099
2009-12-22,5.914361953735352,5.9330949783325195,5.807314872741699,5.8661909103393555,5.261587142944336,1586962
2009-12-23,5.8474578857421875,6.088314056396484,5.8474578857421875,6.077609062194824,5.4512152671813965,1106427
2009-12-24,6.1338090896606445,6.139161109924316,5.973237991333008,6.061552047729492,5.436814308166504,745091
2009-12-28,6.061552047729492,6.0990190505981445,6.024085998535156,6.04549503326416,5.4224114418029785,685305
2009-12-29,6.058876037597656,6.058876037597656,5.975914001464844,5.991971015930176,5.374403476715088,772369
2009-12-30,5.967885971069336,6.018733024597168,5.951828956604004,5.991971015930176,5.374403476715088,561995
2009-12-31,6.0347900390625,6.0347900390625,5.946475982666016,5.959856986999512,5.345599174499512,644575
2010-01-04,6.074933052062988,6.088314056396484,6.005352020263672,6.053524017333984,5.4296135902404785,2063387
2010-01-05,6.115076065063477,6.230152130126953,6.072257041931152,6.230152130126953,5.588035583496094,1841429
2010-01-06,6.246209144592285,6.262266159057617,6.147190093994141,6.155219078063965,5.520827293395996,1305591
2010-01-07,6.248885154724121,6.248885154724121,5.9009809494018555,5.925066947937012,5.314394950866699,2584279
2010-01-08,5.914361953735352,5.978590965270996,5.903656959533691,5.975914001464844,5.359999656677246,1229363
2010-01-11,5.978590965270996,6.048171043395996,5.855485916137695,5.935771942138672,5.3239970207214355,1788742
2010-01-12,6.005352020263672,6.326494216918945,6.005352020263672,6.270294189453125,5.624041557312012,3080134
2010-01-13,6.42016077041626,6.42016077041626,6.278323173522949,6.342551231384277,5.6888508796691895,1639649
2010-01-14,5.890276908874512,5.973237991333008,5.753790855407715,5.90900993347168,5.299993515014648,12896731
2010-01-15,5.90900993347168,5.975914001464844,5.756466865539551,5.935771942138672,5.3239970207214355,4336775
2010-01-19,6.008028984069824,6.251561164855957,5.9170379638671875,6.211418151855469,5.571233749389648,6271248
2010-01-20,6.235504150390625,6.235504150390625,6.085638046264648,6.1016950607299805,5.472817897796631,3756845
2010-01-21,6.125781059265137,6.141838073730469,6.042819023132324,6.088314056396484,5.460816860198975,4022148
2010-01-22,6.026762008666992,6.141838073730469,5.815342903137207,5.815342903137207,5.215979099273682,3978429
2010-01-25,5.981266975402832,5.981266975402832,5.783228874206543,5.852809906005859,5.249585151672363,2390346
2010-01-26,5.9170379638671875,5.9170379638671875,5.745762825012207,5.748438835144043,5.155971050262451,1549596
2010-01-27,5.737733840942383,5.737733840942383,5.49955415725708,5.574487209320068,4.999947547912598,3775154
2010-01-28,5.705619812011719,5.753790855407715,5.4032111167907715,5.448707103729248,4.887131214141846,3339085
2010-01-29,5.40856409072876,5.520963191986084,5.258697986602783,5.269402027130127,4.726306438446045,3301345
2010-02-01,5.309545040130615,5.61998176574707,5.285459041595459,5.617306232452393,5.03835391998291,3151505
2010-02-02,5.593220233917236,5.593220233917236,5.438002109527588,5.531668186187744,4.961541652679443,1941572
2010-02-03,5.539697170257568,5.60927677154541,5.491525173187256,5.593220233917236,5.016749858856201,1212922
2010-02-04,5.459411144256592,5.480821132659912,5.272078990936279,5.293488025665283,4.747910499572754,2462837
2010-02-05,5.280107021331787,5.280107021331787,5.111507892608643,5.234611988067627,4.695102691650391,2853319
2010-02-08,5.199821949005127,5.269402027130127,5.1329169273376465,5.173059940338135,4.639894962310791,1602283
2010-02-09,5.234611988067627,5.3844780921936035,5.234611988067627,5.355040073394775,4.803118705749512,1802568
2010-02-10,5.338983058929443,5.381802082061768,5.285459041595459,5.360393047332764,4.807919502258301,1298118
2010-02-11,5.389831066131592,5.504906177520752,5.328278064727783,5.496878147125244,4.930337905883789,1023847
2010-02-12,5.45405912399292,5.531668186187744,5.392507076263428,5.494202136993408,4.9279375076293945,1131836
2010-02-16,5.628011226654053,5.684210777282715,5.582516193389893,5.673505783081055,5.0887603759765625,1241694
2010-02-17,5.686886787414551,5.753790855407715,5.6012492179870605,5.6467437744140625,5.064756870269775,2024526
2010-02-18,5.53434419631958,5.6975908279418945,5.512935161590576,5.676181793212891,5.091161727905273,1070181
2010-02-19,5.732381820678711,5.732381820678711,5.57983922958374,5.60927677154541,5.031151294708252,1213296
2010-02-22,5.719000816345215,5.719000816345215,5.598573207855225,5.638714790344238,5.057555198669434,740607
2010-02-23,5.636038780212402,5.649419784545898,5.547725200653076,5.563782215118408,4.990346431732178,1339595
2010-02-24,5.523640155792236,5.6467437744140625,5.515611171722412,5.622657775878906,5.043153762817383,1569400
2010-02-25,5.767171859741211,5.767171859741211,5.558430194854736,5.676181793212891,5.091161727905273,1655717
2010-02-26,5.753790855407715,5.823371887207031,5.644067764282227,5.785904884338379,5.189575672149658,1418065
2010-03-01,5.820695877075195,6.005352020263672,5.820695877075195,5.986618995666504,5.369603633880615,1944188
2010-03-02,6.04549503326416,6.1685991287231445,6.04549503326416,6.115076065063477,5.484821319580078,3174672
2010-03-03,6.123104095458984,6.123104095458984,5.981266975402832,6.04549503326416,5.4224114418029785,1639276
2010-03-04,6.088314056396484,6.088314056396484,5.959856986999512,5.997323989868164,5.379204750061035,1416197
2010-03-05,6.072257041931152,6.093666076660156,5.962532997131348,6.053524017333984,5.4296135902404785,1678884
2010-03-08,6.224799156188965,6.240856170654297,6.064228057861328,6.120428085327148,5.489621162414551,1169203
2010-03-09,6.139161109924316,6.190009117126465,6.112400054931641,6.1364850997924805,5.504024028778076,798526
2010-03-10,6.1525421142578125,6.171276092529297,6.088314056396484,6.125781059265137,5.49442195892334,1129594
2010-03-11,6.171276092529297,6.171276092529297,6.069581031799316,6.123104095458984,5.4920220375061035,707351
2010-03-12,6.232828140258789,6.232828140258789,6.109723091125488,6.147190093994141,5.513625144958496,428222
2010-03-15,6.208742141723633,6.272971153259277,6.1525421142578125,6.243533134460449,5.600037574768066,1143794
2010-03-16,6.222123146057129,6.289028167724609,6.222123146057129,6.272971153259277,5.626442909240723,1160235
2010-03-17,6.289028167724609,6.50044584274292,6.289028167724609,6.479036808013916,5.811270236968994,2002106
2010-03-18,6.481712818145752,6.481712818145752,6.342551231384277,6.4094557762146,5.748859405517578,789558
2010-03-19,6.222123146057129,6.449598789215088,6.219447135925293,6.222123146057129,5.580835342407227,2080202
2010-03-22,6.227475166320801,6.345226764678955,6.155219078063965,6.270294189453125,5.624041557312012,764896
2010-03-23,6.3532562255859375,6.355932235717773,6.224799156188965,6.331847190856934,5.679249286651611,787316
2010-03-24,6.4094557762146,6.4094557762146,6.181980133056641,6.181980133056641,5.544829845428467,754807
2010-03-25,6.208742141723633,6.272971153259277,6.120428085327148,6.1338090896606445,5.501623630523682,1491304
2010-03-26,6.227475166320801,6.385369777679443,6.115076065063477,6.1685991287231445,5.532827377319336,1144541
2010-03-29,6.222123146057129,6.315789222717285,6.179304122924805,6.243533134460449,5.600037574768066,1056729
2010-03-30,6.203390121459961,6.275647163391113,6.131133079528809,6.262266159057617,5.616840362548828,949113
2010-03-31,6.259590148925781,6.291704177856445,6.176628112792969,6.238180160522461,5.595235824584961,750696
2010-04-01,6.305085182189941,6.479036808013916,6.305085182189941,6.428188800811768,5.765661716461182,1491677
2010-04-05,6.4308648109436035,6.5994648933410645,6.4308648109436035,6.583407878875732,5.9048848152160645,865412
2010-04-06,6.620873928070068,6.620873928070068,6.3987507820129395,6.425512790679932,5.7632622718811035,1629560
2010-04-07,6.385369777679443,6.4442458152771,6.195361137390137,6.270294189453125,5.624041557312012,1961003
2010-04-08,6.187333106994629,6.270294189453125,6.181980133056641,6.251561164855957,5.607239723205566,1416197
2010-04-09,6.270294189453125,6.321142196655273,6.251561164855957,6.3184661865234375,5.667248725891113,1249168
2010-04-12,6.294380187988281,6.331847190856934,6.259590148925781,6.275647163391113,5.628841400146484,728276
2010-04-13,6.326494216918945,6.404102802276611,6.270294189453125,6.342551231384277,5.6888508796691895,1287282
2010-04-14,6.422836780548096,6.519178867340088,6.382693767547607,6.505797863006592,5.835272312164307,1150893
2010-04-15,6.505797863006592,6.532559871673584,6.452274799346924,6.503121852874756,5.832871913909912,1134452
2010-04-16,6.473683834075928,6.492416858673096,6.299732208251953,6.339875221252441,5.686450481414795,1487941
2010-04-19,6.262266159057617,6.331847190856934,6.171276092529297,6.224799156188965,5.583236217498779,1505503
2010-04-20,6.264942169189453,6.331847190856934,6.235504150390625,6.299732208251953,5.650444984436035,572831
2010-04-21,6.331847190856934,6.345226764678955,6.256913185119629,6.297056198120117,5.648045539855957,1091480
2010-04-22,6.272971153259277,6.468331813812256,6.248885154724121,6.425512790679932,5.7632622718811035,1580610
2010-04-23,6.516502857208252,6.516502857208252,6.155219078063965,6.238180160522461,5.595235824584961,2162035
2010-04-26,6.206066131591797,6.315789222717285,6.181980133056641,6.278323173522949,5.631241798400879,2293566
2010-04-27,6.262266159057617,6.291704177856445,6.002676010131836,6.016057014465332,5.396007537841797,2014437
2010-04-28,6.01070499420166,6.104371070861816,5.983942985534668,6.040143013000488,5.417611122131348,1306339
2010-04-29,6.029438018798828,6.1685991287231445,5.981266975402832,6.155219078063965,5.520827293395996,950608
2010-04-30,6.173952102661133,6.173952102661133,5.978590965270996,6.01070499420166,5.391206741333008,1583599
2010-05-03,6.01070499420166,6.0990190505981445,6.008028984069824,6.077609062194824,5.4512152671813965,692778
2010-05-04,6.008028984069824,6.016057014465332,5.783228874206543,5.815342903137207,5.215979099273682,2073850
2010-05-05,5.638714790344238,5.820695877075195,5.357716083526611,5.702943801879883,5.115164756774902,2719172
2010-05-06,5.451383113861084,5.700267791748047,5.280107021331787,5.494202136993408,4.9279375076293945,2769244
2010-05-07,5.3871541023254395,5.5905442237854,5.3309550285339355,5.438002109527588,4.877529621124268,1813031
2010-05-10,5.732381820678711,5.95450496673584,5.692238807678223,5.951828956604004,5.338399410247803,1786500
2010-05-11,5.858161926269531,5.973237991333008,5.799285888671875,5.887599945068359,5.280789852142334,1157993
2010-05-12,5.903656959533691,5.967885971069336,5.721676826477051,5.962532997131348,5.347999572753906,928188
2010-05-13,5.951828956604004,5.997323989868164,5.876895904541016,5.884923934936523,5.278388500213623,860554
2010-05-14,5.791257858276367,5.983942985534668,5.705619812011719,5.767171859741211,5.172774314880371,726782
2010-05-17,5.732381820678711,5.780552864074707,5.563782215118408,5.670829772949219,5.086361408233643,1125110
2010-05-18,5.595897197723389,5.772524833679199,5.595897197723389,5.636038780212402,5.055156230926514,1294381
2010-05-19,5.475468158721924,5.61998176574707,5.41926908493042,5.57983922958374,5.004749298095703,1520076
2010-05-20,5.582516193389893,5.582516193389893,5.293488025665283,5.392507076263428,4.836723327636719,2088797
2010-05-21,5.3523640632629395,5.614630222320557,5.247992992401123,5.48884916305542,4.92313814163208,2604830
2010-05-24,5.376450061798096,5.537021160125732,5.376450061798096,5.429973125457764,4.870327949523926,2104117
2010-05-25,5.140945911407471,5.440678119659424,5.041926860809326,5.438002109527588,4.877529621124268,2751308
2010-05-26,5.611954212188721,5.678857803344727,5.424621105194092,5.427297115325928,4.867928504943848,2054046
2010-05-27,5.641392230987549,5.820695877075195,5.502230167388916,5.801962852478027,5.203979969024658,1869081
2010-05-28,5.799285888671875,5.839428901672363,5.660124778747559,5.660124778747559,5.0767598152160645,1595930
2010-06-01,5.494202136993408,5.6975908279418945,5.48884916305542,5.528992176055908,4.959141254425049,1256267
2010-06-02,5.507583141326904,5.676181793212891,5.496878147125244,5.673505783081055,5.0887603759765625,1590699
2010-06-03,5.759143829345703,5.799285888671875,5.6975908279418945,5.791257858276367,5.1943769454956055,841124
2010-06-04,5.670829772949219,5.751114845275879,5.48884916305542,5.518287181854248,4.949539661407471,955466
2010-06-07,5.598573207855225,5.598573207855225,5.3684210777282715,5.381802082061768,4.827122211456299,990590
2010-06-08,5.4326491355896,5.459411144256592,5.325602054595947,5.411240100860596,4.853527069091797,1442727
2010-06-09,5.411240100860596,5.411240100860596,5.261373996734619,5.290812015533447,4.745510101318359,1714009
2010-06-10,5.435326099395752,5.550401210784912,5.3657450675964355,5.528992176055908,4.959141254425049,1941198
2010-06-11,5.528992176055908,5.537021160125732,5.41926908493042,5.523640155792236,4.954341888427734,1016747
2010-06-14,5.598573207855225,5.828723907470703,5.5557541847229,5.692238807678223,5.139176845550537,1580610
2010-06-15,5.756466865539551,5.975914001464844,5.678857803344727,5.938447952270508,5.361464500427246,1959882
2010-06-16,5.818019866943359,6.04549503326416,5.818019866943359,6.026762008666992,5.441197395324707,1054861
2010-06-17,6.026762008666992,6.058876037597656,5.874218940734863,5.94379997253418,5.366297245025635,1439364
2010-06-18,5.850133895874023,5.994647979736328,5.796609878540039,5.90900993347168,5.3348870277404785,669237
2010-06-21,6.021409034729004,6.155219078063965,5.930418968200684,6.005352020263672,5.421869277954102,1421054
2010-06-22,6.01070499420166,6.026762008666992,5.780552864074707,5.793933868408203,5.230992317199707,1935967
2010-06-23,5.945583820343018,6.0347900390625,5.691347122192383,5.753790855407715,5.194746971130371,724390
2010-06-24,5.6021409034729,5.776093006134033,5.6021409034729,5.637823104858398,5.090047359466553,460955
2010-06-25,5.6467437744140625,5.700267791748047,5.5664591789245605,5.61998176574707,5.073938846588135,506916
2010-06-28,5.6155219078063965,5.664585113525391,5.5664591789245605,5.628902912139893,5.081995010375977,630002
2010-06-29,5.486173152923584,5.51739501953125,5.3523640632629395,5.374664783477783,4.852458477020264,1097235
2010-06-30,5.401426792144775,5.463871955871582,5.316681861877441,5.3523640632629395,4.832324028015137,833800
2010-07-01,5.3523640632629395,5.379126071929932,5.240856170654297,5.325602054595947,4.808162212371826,1023697
2010-07-02,5.370204925537109,5.41926908493042,5.263157844543457,5.298840045928955,4.784001350402832,634038
2010-07-06,5.423728942871094,5.526316165924072,5.396966934204102,5.459411144256592,4.9289703369140625,822141
2010-07-07,5.459411144256592,5.570919036865234,5.441569805145264,5.5530781745910645,5.013537406921387,475977
2010-07-08,5.606601238250732,5.673505783081055,5.544157028198242,5.606601238250732,5.06186056137085,607582
2010-07-09,5.61998176574707,5.825156211853027,5.593220233917236,5.793933868408203,5.230992317199707,799946
2010-07-12,5.740409851074219,5.8831400871276855,5.731490135192871,5.776093006134033,5.214883327484131,447727
2010-07-13,5.771632194519043,5.905442237854004,5.677966117858887,5.811775207519531,5.247098922729492,1513574
2010-07-14,5.771632194519043,5.838537216186523,5.758252143859863,5.825156211853027,5.259180068969727,593457
2010-07-15,5.856378078460693,5.896521091461182,5.709187984466553,5.753790855407715,5.194746971130371,669685
2010-07-16,5.731490135192871,5.731490135192871,5.504014015197754,5.504014015197754,4.969240188598633,737394
2010-07-19,5.557538032531738,5.61998176574707,5.526316165924072,5.606601238250732,5.06186056137085,417685
2010-07-20,5.575378894805908,5.704728126525879,5.472792148590088,5.704728126525879,5.150454044342041,666098
2010-07-21,5.789474010467529,5.789474010467529,5.6021409034729,5.6467437744140625,5.098101615905762,995672
2010-07-22,5.789474010467529,5.927742958068848,5.713648796081543,5.923283100128174,5.347774028778076,751967
2010-07-23,6.048171043395996,6.057092189788818,5.802855014801025,5.914361953735352,5.339719295501709,715422
2010-07-26,5.914361953735352,5.994647979736328,5.8697590827941895,5.985726833343506,5.404149055480957,634934
2010-07-27,6.092773914337158,6.092773914337158,5.941123962402344,5.994647979736328,5.412203788757324,670134
2010-07-28,5.927742958068848,5.95450496673584,5.887599945068359,5.93666410446167,5.359854221343994,441450
2010-07-29,6.01694917678833,6.048171043395996,5.856378078460693,5.95450496673584,5.375960826873779,749725
2010-07-30,5.874218940734863,6.066011905670166,5.8697590827941895,6.066011905670166,5.4766340255737305,892092
2010-08-02,6.150757789611816,6.150757789611816,6.043711185455322,6.079392910003662,5.488715648651123,1161804
2010-08-03,6.110616207122803,6.199821949005127,6.043711185455322,6.1329169273376465,5.537038803100586,2284374
2010-08-04,6.204281806945801,6.253345012664795,6.115076065063477,6.217662811279297,5.613550186157227,1250139
2010-08-05,6.155219078063965,6.199821949005127,6.066011905670166,6.1016950607299805,5.50885009765625,882003
2010-08-06,6.066011905670166,6.195361137390137,6.048171043395996,6.190900802612305,5.589389801025391,679550
2010-08-09,6.338090896606445,6.338090896606445,6.195361137390137,6.213201999664307,5.609522342681885,775284
2010-08-10,6.1329169273376465,6.190900802612305,6.061552047729492,6.155219078063965,5.557174205780029,704885
2010-08-11,6.043711185455322,6.074933052062988,5.892061233520508,5.892061233520508,5.319585800170898,1193641
2010-08-12,5.834076881408691,5.945583820343018,5.802855014801025,5.9009809494018555,5.327637195587158,588749
2010-08-13,5.892061233520508,5.97234582901001,5.878680229187012,5.887599945068359,5.315556049346924,496379
2010-08-16,5.838537216186523,5.927742958068848,5.834076881408691,5.9009809494018555,5.327637195587158,517229
2010-08-17,5.93666410446167,6.048171043395996,5.9009809494018555,5.999107837677002,5.416229248046875,868327
2010-08-18,6.021409034729004,6.11953592300415,5.994647979736328,6.0704731941223145,5.480661869049072,590319
2010-08-19,6.088314056396484,6.088314056396484,5.909902095794678,5.945583820343018,5.3679070472717285,662287
2010-08-20,5.927742958068848,5.981266975402832,5.8519182205200195,5.95450496673584,5.375960826873779,475080
2010-08-23,6.008028984069824,6.0347900390625,5.909902095794678,5.941123962402344,5.363880634307861,343699
2010-08-24,5.820695877075195,5.834076881408691,5.735949993133545,5.767171859741211,5.206830024719238,852408
2010-08-25,5.758252143859863,5.892061233520508,5.637823104858398,5.771632194519043,5.210855960845947,834248
2010-08-26,5.8519182205200195,5.865299224853516,5.5664591789245605,5.6021409034729,5.057832717895508,1232203
2010-08-27,5.677966117858887,6.003568172454834,5.61998176574707,5.834076881408691,5.2672343254089355,1240050
2010-08-30,5.842997074127197,5.842997074127197,5.753790855407715,5.776093006134033,5.214883327484131,960024
2010-08-31,5.686886787414551,5.776093006134033,5.677966117858887,5.722568988800049,5.166560649871826,631796
2010-09-01,5.793933868408203,5.842997074127197,5.780552864074707,5.842997074127197,5.27528715133667,1653027
2010-09-02,5.8162360191345215,5.842997074127197,5.758252143859863,5.838537216186523,5.2712602615356445,827971
2010-09-03,5.8474578857421875,6.03925085067749,5.829616069793701,6.03925085067749,5.452473163604736,796358
2010-09-07,5.945583820343018,5.945583820343018,5.722568988800049,5.785013198852539,5.222936630249023,1549895
2010-09-08,5.798394203186035,5.8519182205200195,5.789474010467529,5.838537216186523,5.2712602615356445,1440037
2010-09-09,5.8519182205200195,5.878680229187012,5.802855014801025,5.838537216186523,5.2712602615356445,477098
2010-09-10,5.829616069793701,5.945583820343018,5.829616069793701,5.896521091461182,5.323611259460449,686052
2010-09-13,5.927742958068848,5.985726833343506,5.8831400871276855,5.981266975402832,5.40012264251709,459162
2010-09-14,6.021409034729004,6.150757789611816,6.021409034729004,6.110616207122803,5.516904354095459,811604
2010-09-15,6.110616207122803,6.177519798278809,6.057092189788818,6.141838073730469,5.5450921058654785,671479
2010-09-16,6.1329169273376465,6.1329169273376465,6.0704731941223145,6.1329169273376465,5.537038803100586,334506
2010-09-17,6.1329169273376465,6.1641387939453125,6.074933052062988,6.141838073730469,5.5450921058654785,786942
2010-09-20,6.1329169273376465,6.239964008331299,6.115076065063477,6.199821949005127,5.597443103790283,825504
2010-09-21,6.244424819946289,6.289028167724609,6.235504150390625,6.266726016998291,5.657847881317139,1099253
2010-09-22,6.351471900939941,6.404995918273926,6.226583003997803,6.355932235717773,5.738386154174805,1432638
2010-09-23,6.3336310386657715,6.360393047332764,6.280107021331787,6.3024091720581055,5.690062999725342,954644
2010-09-24,6.4005351066589355,6.543264865875244,6.351471900939941,6.53434419631958,5.899463653564453,1527923
2010-09-27,6.543264865875244,6.570026874542236,6.4094557762146,6.431756973266602,5.806843280792236,1028405
2010-09-28,6.440678119659424,6.485280990600586,6.306869029998779,6.458518981933594,5.831004619598389,850391
2010-09-29,6.48974084854126,6.565566062927246,6.440678119659424,6.53434419631958,5.899463653564453,641212
2010-09-30,6.583407878875732,6.641392230987549,6.449598789215088,6.449598789215088,5.822951793670654,847028
2010-10-01,6.614630222320557,7.0517401695251465,6.6012492179870605,6.975914001464844,6.298128604888916,3755126
2010-10-04,7.011597156524658,7.011597156524658,6.8198041915893555,6.868866920471191,6.201482772827148,1826109
2010-10-05,7.002676010131836,7.002676010131836,6.864407062530518,6.99375581741333,6.314237117767334,1184673
2010-10-06,7.03835916519165,7.1141839027404785,6.962532997131348,7.00713586807251,6.326318264007568,1528596
2010-10-07,6.962532997131348,7.020516872406006,6.8510260581970215,6.935771942138672,6.261887073516846,766764
2010-10-08,7.011597156524658,7.029438018798828,6.935771942138672,7.016057014465332,6.334371089935303,1556396
2010-10-11,6.99375581741333,7.069581031799316,6.984835147857666,7.016057014465332,6.334371089935303,509831
2010-10-12,6.98929500579834,7.07404088973999,6.92685079574585,7.05620002746582,6.370614528656006,553326
2010-10-13,7.1677069664001465,7.243533134460449,7.1454057693481445,7.243533134460449,6.5397467613220215,1293858
2010-10-14,7.292595863342285,7.497769832611084,7.283675193786621,7.479928970336914,6.753174304962158,1707956
2010-10-15,7.439785957336426,7.448707103729248,7.225690841674805,7.404102802276611,6.684714317321777,1305292
2010-10-18,7.261373996734619,7.377342224121094,7.203390121459961,7.372880935668945,6.656526565551758,1116292
2010-10-19,7.288136005401611,7.386261940002441,7.1364850997924805,7.176628112792969,6.479342460632324,1336232
2010-10-20,7.216771125793457,7.292595863342285,7.1454057693481445,7.283675193786621,6.575988292694092,1134452
2010-10-21,7.359499931335449,7.48884916305542,7.274755001068115,7.3684210777282715,6.652499675750732,1201488
2010-10-22,6.958073139190674,6.998216152191162,6.837645053863525,6.873326778411865,6.205508708953857,2933657
2010-10-25,6.815342903137207,6.815342903137207,6.4183759689331055,6.427297115325928,5.802815914154053,4382662
2010-10-26,6.5878682136535645,6.5878682136535645,6.324709892272949,6.529883861541748,5.895435810089111,1633970
2010-10-27,6.53880500793457,6.53880500793457,6.422836780548096,6.48974084854126,5.859192848205566,1439812
2010-10-28,6.547725200653076,6.6012492179870605,6.45405912399292,6.480821132659912,5.85114049911499,818778
2010-10-29,6.422836780548096,6.458518981933594,6.360393047332764,6.369312763214111,5.750466346740723,1070779
2010-11-01,6.4094557762146,6.520963191986084,6.39161491394043,6.498661994934082,5.867247581481934,966750
2010-11-02,6.6369309425354,6.645852088928223,6.53434419631958,6.583407878875732,5.943759918212891,1105306
2010-11-03,6.6012492179870605,6.6190900802612305,6.507583141326904,6.6012492179870605,5.959867000579834,868102
2010-11-04,6.6369309425354,6.730597972869873,6.610168933868408,6.703835964202881,6.052486419677734,645023
2010-11-05,6.672614097595215,6.793042182922363,6.659233093261719,6.712756156921387,6.0605387687683105,762504
2010-11-08,6.703835964202881,6.757359981536865,6.605709075927734,6.654773235321045,6.008191108703613,590767
2010-11-09,6.806423187255859,6.837645053863525,6.623549938201904,6.628011226654053,5.984029293060303,770800
2010-11-10,6.739518165588379,6.739518165588379,6.628011226654053,6.6815338134765625,6.032350540161133,546824
2010-11-11,6.668152809143066,6.668152809143066,6.480821132659912,6.494202136993408,5.863221168518066,917202
2010-11-12,6.436217784881592,6.512042999267578,6.39161491394043,6.45405912399292,5.826977729797363,653543
2010-11-15,6.512042999267578,6.53434419631958,6.3871541023254395,6.3960747718811035,5.774628639221191,596820
2010-11-16,6.275647163391113,6.297947883605957,6.1329169273376465,6.159678936004639,5.5612006187438965,1531959
2010-11-17,6.239964008331299,6.239964008331299,6.097235202789307,6.123995780944824,5.528984546661377,2517318
2010-11-18,6.195361137390137,6.222123146057129,6.173059940338135,6.181980133056641,5.581335067749023,999932
2010-11-19,6.128457069396973,6.1641387939453125,5.994647979736328,6.0347900390625,5.4484453201293945,1493845
2010-11-22,6.092773914337158,6.190900802612305,6.03925085067749,6.181980133056641,5.581335067749023,998138
2010-11-23,6.150757789611816,6.155219078063965,6.066011905670166,6.0838541984558105,5.492743015289307,938277
2010-11-24,6.13737678527832,6.186440944671631,6.1016950607299805,6.177519798278809,5.577306747436523,491222
2010-11-26,6.204281806945801,6.213201999664307,6.0838541984558105,6.115076065063477,5.520931243896484,650180
2010-11-29,6.123995780944824,6.173059940338135,6.021409034729004,6.106154918670654,5.512876510620117,979978
2010-11-30,6.066011905670166,6.123995780944824,6.043711185455322,6.106154918670654,5.512876510620117,1483083
2010-12-01,6.199821949005127,6.231043815612793,6.141838073730469,6.146297931671143,5.549118995666504,1096114
2010-12-02,6.262266159057617,6.275647163391113,6.199821949005127,6.275647163391113,5.665900707244873,1379503
2010-12-03,6.248885154724121,6.355932235717773,6.244424819946289,6.315789222717285,5.702142715454102,666098
2010-12-06,6.329170227050781,6.494202136993408,6.324709892272949,6.440678119659424,5.814896583557129,1096114
2010-12-07,6.476359844207764,6.543264865875244,6.39161491394043,6.476359844207764,5.84711217880249,926843
2010-12-08,6.565566062927246,6.565566062927246,6.4183759689331055,6.431756973266602,5.806843280792236,981323
2010-12-09,6.45405912399292,6.520963191986084,6.378233909606934,6.503121852874756,5.871273517608643,1151491
2010-12-10,6.404995918273926,6.552186012268066,6.3336310386657715,6.529883861541748,5.895435810089111,2622916
2010-12-13,6.512042999267578,6.6012492179870605,6.4005351066589355,6.47189998626709,5.843085289001465,1459094
2010-12-14,6.516502857208252,6.565566062927246,6.512042999267578,6.561106204986572,5.923623561859131,985359
2010-12-15,6.498661994934082,6.570026874542236,6.480821132659912,6.494202136993408,5.863221168518066,1600564
2010-12-16,6.53880500793457,6.815342903137207,6.53880500793457,6.779661178588867,6.120944499969482,2090889
2010-12-17,6.735057830810547,6.770740032196045,6.654773235321045,6.677073955535889,6.028324127197266,2077886
2010-12-20,6.842104911804199,6.842104911804199,6.690454959869385,6.712756156921387,6.0605387687683105,1057103
2010-12-21,6.837645053863525,6.868866920471191,6.806423187255859,6.815342903137207,6.153159141540527,1308655
2010-12-22,6.815342903137207,6.842104911804199,6.743978977203369,6.788581848144531,6.128998279571533,504674
2010-12-23,6.815342903137207,6.886707782745361,6.784121036529541,6.810883045196533,6.14913272857666,661166
2010-12-27,6.806423187255859,6.859945774078369,6.761819839477539,6.815342903137207,6.153159141540527,240118
2010-12-28,6.815342903137207,6.9134697914123535,6.806423187255859,6.873326778411865,6.205508708953857,568795
2010-12-29,6.873326778411865,6.953612804412842,6.864407062530518,6.868866920471191,6.201482772827148,756899
2010-12-30,6.886707782745361,6.998216152191162,6.868866920471191,6.97145414352417,6.294101238250732,1009573
2010-12-31,6.980374813079834,6.980374813079834,6.900088787078857,6.900088787078857,6.229671955108643,531578
2011-01-03,6.940231800079346,7.002676010131836,6.935771942138672,6.97145414352417,6.294101238250732,659596
2011-01-04,6.944692134857178,6.98929500579834,6.9134697914123535,6.966993808746338,6.290075778961182,640988
2011-01-05,6.953612804412842,7.020516872406006,6.900088787078857,6.99375581741333,6.314237117767334,1768265
2011-01-06,6.966993808746338,7.03835916519165,6.92685079574585,6.998216152191162,6.318264007568359,925498
2011-01-07,6.672614097595215,6.940231800079346,6.672614097595215,6.828723907470703,6.165238857269287,1967579
2011-01-10,6.775200843811035,6.775200843811035,6.632471084594727,6.632471084594727,5.988056182861328,1694728
2011-01-11,6.739518165588379,6.748438835144043,6.6503119468688965,6.694914817810059,6.044431686401367,2634350
2011-01-12,6.766280174255371,6.779661178588867,6.699376106262207,6.708295822143555,6.05651330947876,1567158
2011-01-13,6.592328071594238,6.628011226654053,6.485280990600586,6.512042999267578,5.879327774047852,1653923
2011-01-14,6.47189998626709,6.677073955535889,6.467440128326416,6.677073955535889,6.028324127197266,665426
2011-01-18,6.757359981536865,6.846566200256348,6.735057830810547,6.735057830810547,6.080674171447754,1852565
2011-01-19,6.784121036529541,6.815342903137207,6.663692951202393,6.730597972869873,6.076647758483887,1854582
2011-01-20,6.743978977203369,6.788581848144531,6.561106204986572,6.6815338134765625,6.032350540161133,2320918
2011-01-21,6.342551231384277,6.45405912399292,6.066011905670166,6.115076065063477,5.520931243896484,5450975
2011-01-24,6.088314056396484,6.159678936004639,6.03925085067749,6.079392910003662,5.488715648651123,3254039
2011-01-25,6.079392910003662,6.11953592300415,5.999107837677002,6.0838541984558105,5.492743015289307,2351410
2011-01-26,6.0838541984558105,6.146297931671143,6.012488842010498,6.1016950607299805,5.526676654815674,2576058
2011-01-27,6.088314056396484,6.13737678527832,5.976806163787842,6.01694917678833,5.449917793273926,1825436
2011-01-28,6.061552047729492,6.074933052062988,5.722568988800049,5.722568988800049,5.183279991149902,4995624
2011-01-31,5.798394203186035,5.8831400871276855,5.798394203186035,5.878680229187012,5.324678897857666,2901821
2011-02-01,5.9009809494018555,5.9322028160095215,5.8519182205200195,5.918821811676025,5.361037731170654,2726048
2011-02-02,5.8831400871276855,5.950045108795166,5.856378078460693,5.9322028160095215,5.3731584548950195,1249915
2011-02-03,5.9322028160095215,6.008028984069824,5.9009809494018555,5.97234582901001,5.409517765045166,1248794
2011-02-04,5.990187168121338,5.999107837677002,5.785013198852539,5.842997074127197,5.292360305786133,1252381
2011-02-07,5.8162360191345215,5.918821811676025,5.802855014801025,5.856378078460693,5.304480075836182,686052
2011-02-08,5.874218940734863,5.909902095794678,5.785013198852539,5.798394203186035,5.251960277557373,1676568
2011-02-09,5.860838890075684,5.860838890075684,5.691347122192383,5.722568988800049,5.183279991149902,1953903
2011-02-10,5.664585113525391,5.700267791748047,5.575378894805908,5.593220233917236,5.0661211013793945,2378762
2011-02-11,5.704728126525879,5.704728126525879,5.57983922958374,5.664585113525391,5.130760192871094,2539513
2011-02-14,5.691347122192383,5.771632194519043,5.691347122192383,5.704728126525879,5.167120933532715,1191847
2011-02-15,5.691347122192383,5.807314872741699,5.660124778747559,5.780552864074707,5.235799312591553,1361342
2011-02-16,5.842997074127197,5.887599945068359,5.704728126525879,5.798394203186035,5.251960277557373,1795842
2011-02-17,5.776093006134033,5.9322028160095215,5.776093006134033,5.896521091461182,5.340839862823486,942537
2011-02-18,5.95450496673584,6.0347900390625,5.892061233520508,5.914361953735352,5.356999397277832,1005313
2011-02-22,6.1329169273376465,6.199821949005127,5.874218940734863,5.892061233520508,5.336799621582031,1950540
2011-02-23,5.865299224853516,5.896521091461182,5.758252143859863,5.789474010467529,5.243879318237305,1783959
2011-02-24,5.758252143859863,5.771632194519043,5.6467437744140625,5.731490135192871,5.1913604736328125,1607962
2011-02-25,5.785013198852539,5.95450496673584,5.762712001800537,5.923283100128174,5.365079879760742,1866465
2011-02-28,6.0347900390625,6.048171043395996,5.834076881408691,5.8697590827941895,5.3165998458862305,947693
2011-03-01,5.9322028160095215,5.985726833343506,5.798394203186035,5.8474578857421875,5.296400547027588,1283545
2011-03-02,6.066011905670166,6.181980133056641,5.727028846740723,5.807314872741699,5.260039329528809,1776785
2011-03-03,6.088314056396484,6.190900802612305,5.892061233520508,6.177519798278809,5.595355987548828,2317780
2011-03-04,6.123995780944824,6.155219078063965,5.927742958068848,5.999107837677002,5.433757781982422,1135349
2011-03-07,6.199821949005127,6.199821949005127,5.865299224853516,5.878680229187012,5.324678897857666,880658
2011-03-08,5.958964824676514,6.11953592300415,5.95450496673584,6.057092189788818,5.486279010772705,1551240
2011-03-09,6.066011905670166,6.128457069396973,5.976806163787842,6.088314056396484,5.514557838439941,1213819
2011-03-10,5.999107837677002,5.999107837677002,5.8474578857421875,5.909902095794678,5.352959632873535,1040961
2011-03-11,5.860838890075684,6.066011905670166,5.860838890075684,6.048171043395996,5.4781975746154785,1466941
2011-03-14,6.043711185455322,6.123995780944824,6.012488842010498,6.110616207122803,5.5347580909729,1209335
2011-03-15,5.892061233520508,5.909902095794678,5.798394203186035,5.8519182205200195,5.300439834594727,1207990
2011-03-16,5.8519182205200195,5.914361953735352,5.780552864074707,5.905442237854004,5.34891939163208,2105911
2011-03-17,5.981266975402832,5.985726833343506,5.749330997467041,5.825156211853027,5.2761993408203125,1645404
2011-03-18,5.892061233520508,5.950045108795166,5.838537216186523,5.838537216186523,5.288320064544678,1829248
2011-03-21,5.923283100128174,6.1016950607299805,5.918821811676025,6.079392910003662,5.5064778327941895,1363360
2011-03-22,6.0704731941223145,6.0838541984558105,5.990187168121338,6.079392910003662,5.5064778327941895,558931
2011-03-23,6.048171043395996,6.231043815612793,6.048171043395996,6.208742141723633,5.6236371994018555,1274353
2011-03-24,6.217662811279297,6.3336310386657715,6.177519798278809,6.3024091720581055,5.708477973937988,1098580
2011-03-25,6.4005351066589355,6.422836780548096,6.3024091720581055,6.320250034332275,5.724636554718018,1066295
2011-03-28,6.338090896606445,6.431756973266602,6.253345012664795,6.3024091720581055,5.708477973937988,1164271
2011-03-29,6.271185874938965,6.422836780548096,6.239964008331299,6.3960747718811035,5.793315887451172,631571
2011-03-30,6.266726016998291,6.503121852874756,6.266726016998291,6.485280990600586,5.874115943908691,818330
2011-03-31,6.476359844207764,6.578947067260742,6.436217784881592,6.53434419631958,5.918554782867432,1134676
2011-04-01,6.632471084594727,6.672614097595215,6.53880500793457,6.659233093261719,6.031673431396484,1333990
2011-04-04,6.668152809143066,6.775200843811035,6.663692951202393,6.668152809143066,6.039752960205078,845010
2011-04-05,6.5878682136535645,6.8198041915893555,6.578947067260742,6.810883045196533,6.169032096862793,1078626
2011-04-06,6.793042182922363,6.859945774078369,6.685995101928711,6.770740032196045,6.1326727867126465,1018541
2011-04-07,6.748438835144043,6.864407062530518,6.699376106262207,6.743978977203369,6.108433246612549,968096
2011-04-08,6.784121036529541,6.784121036529541,6.685995101928711,6.726137161254883,6.092272758483887,491671
2011-04-11,6.717216968536377,6.801962852478027,6.663692951202393,6.699376106262207,6.068033218383789,590543
2011-04-12,6.6369309425354,6.668152809143066,6.525424003601074,6.55664587020874,5.938753604888916,1049032
2011-04-13,6.659233093261719,6.757359981536865,6.516502857208252,6.574487209320068,5.954915523529053,1214267
2011-04-14,6.592328071594238,6.6369309425354,6.516502857208252,6.623549938201904,5.999353408813477,466560
2011-04-15,6.351471900939941,6.373773097991943,6.088314056396484,6.275647163391113,5.6842360496521,2514403
2011-04-18,6.244424819946289,6.324709892272949,6.177519798278809,6.239964008331299,5.65191650390625,849494
2011-04-19,6.351471900939941,6.351471900939941,6.195361137390137,6.275647163391113,5.6842360496521,799946
2011-04-20,6.4005351066589355,6.53434419631958,6.382693767547607,6.520963191986084,5.906434535980225,1005761
2011-04-21,6.5878682136535645,6.614630222320557,6.476359844207764,6.529883861541748,5.914514541625977,747483
2011-04-25,6.485280990600586,6.565566062927246,6.47189998626709,6.512042999267578,5.898355007171631,551980
2011-04-26,6.507583141326904,6.55664587020874,6.467440128326416,6.552186012268066,5.934713363647461,1034010
2011-04-27,6.53434419631958,6.53434419631958,6.173059940338135,6.3648529052734375,5.765035152435303,3119295
2011-04-28,6.3336310386657715,6.342551231384277,6.11953592300415,6.146297931671143,5.56707763671875,2051654
2011-04-29,6.186440944671631,6.239964008331299,6.079392910003662,6.141838073730469,5.563037872314453,1598546
2011-05-02,6.186440944671631,6.235504150390625,6.115076065063477,6.190900802612305,5.607477188110352,600856
2011-05-03,6.141838073730469,6.199821949005127,6.052631855010986,6.110616207122803,5.5347580909729,911597
2011-05-04,6.1329169273376465,6.150757789611816,5.990187168121338,6.003568172454834,5.437798023223877,1472097
2011-05-05,5.93666410446167,6.079392910003662,5.909902095794678,6.01694917678833,5.449917793273926,948142
2011-05-06,6.097235202789307,6.239964008331299,6.074933052062988,6.1016950607299805,5.526676654815674,1115619
2011-05-09,6.074933052062988,6.128457069396973,6.048171043395996,6.1016950607299805,5.526676654815674,383382
2011-05-10,6.1329169273376465,6.297947883605957,6.092773914337158,6.239964008331299,5.65191650390625,832230
2011-05-11,6.190900802612305,6.253345012664795,6.115076065063477,6.150757789611816,5.571115970611572,1212698
2011-05-12,6.088314056396484,6.266726016998291,6.074933052062988,6.257805824279785,5.668076515197754,1679258
2011-05-13,6.311328887939453,6.311328887939453,6.204281806945801,6.222123146057129,5.635756015777588,842319
2011-05-16,6.177519798278809,6.257805824279785,6.123995780944824,6.217662811279297,5.631716728210449,1105082
2011-05-17,6.150757789611816,6.226583003997803,6.11953592300415,6.213201999664307,5.6276750564575195,1656390
2011-05-18,6.271185874938965,6.413916110992432,6.231043815612793,6.311328887939453,5.716555595397949,1103288
2011-05-19,6.311328887939453,6.355932235717773,6.226583003997803,6.266726016998291,5.676156520843506,932224
2011-05-20,6.275647163391113,6.3024091720581055,6.213201999664307,6.235504150390625,5.647877216339111,498172
2011-05-23,5.892061233520508,6.128457069396973,5.892061233520508,6.110616207122803,5.5347580909729,2193349
2011-05-24,6.097235202789307,6.226583003997803,6.079392910003662,6.195361137390137,5.611516952514648,1278613
2011-05-25,6.1329169273376465,6.195361137390137,6.097235202789307,6.13737678527832,5.55899715423584,823935
2011-05-26,6.1016950607299805,6.123995780944824,6.048171043395996,6.106154918670654,5.530717372894287,779319
2011-05-27,6.141838073730469,6.222123146057129,6.1016950607299805,6.146297931671143,5.56707763671875,725511
2011-05-31,6.239964008331299,6.271185874938965,6.115076065063477,6.1685991287231445,5.587277412414551,1432190
2011-06-01,6.181980133056641,6.297947883605957,6.128457069396973,6.13737678527832,5.55899715423584,938501
2011-06-02,6.1641387939453125,6.235504150390625,6.03925085067749,6.115076065063477,5.5387983322143555,750846
2011-06-03,6.061552047729492,6.3336310386657715,6.061552047729492,6.106154918670654,5.530717372894287,1417841
2011-06-06,6.115076065063477,6.404995918273926,6.088314056396484,6.159678936004639,5.579196929931641,1045669
2011-06-07,6.199821949005127,6.262266159057617,6.1685991287231445,6.181980133056641,5.5993971824646,547272
2011-06-08,6.199821949005127,6.217662811279297,6.057092189788818,6.208742141723633,5.6236371994018555,993430
2011-06-09,6.195361137390137,6.235504150390625,6.13737678527832,6.204281806945801,5.619596004486084,1357083
2011-06-10,6.123995780944824,6.155219078063965,6.066011905670166,6.128457069396973,5.550918102264404,470147
2011-06-13,6.123995780944824,6.123995780944824,6.021409034729004,6.066011905670166,5.494357585906982,675066
2011-06-14,6.0838541984558105,6.13737678527832,5.994647979736328,6.057092189788818,5.486279010772705,1655044
2011-06-15,5.967885971069336,5.981266975402832,5.860838890075684,5.874218940734863,5.320639610290527,1360221
2011-06-16,5.838537216186523,5.914361953735352,5.722568988800049,5.860838890075684,5.30851936340332,1186915
2011-06-17,5.856378078460693,5.8697590827941895,5.722568988800049,5.731490135192871,5.1913604736328125,2030131
2011-06-20,5.704728126525879,5.727028846740723,5.57983922958374,5.718109130859375,5.179239273071289,991861
2011-06-21,5.780552864074707,5.820695877075195,5.709187984466553,5.807314872741699,5.260039329528809,1014281
2011-06-22,5.802855014801025,5.9009809494018555,5.776093006134033,5.780552864074707,5.235799312591553,870793
2011-06-23,5.744871139526367,5.825156211853027,5.691347122192383,5.780552864074707,5.235799312591553,1359773
2011-06-24,5.829616069793701,5.838537216186523,5.713648796081543,5.740409851074219,5.1994404792785645,1419634
2011-06-27,5.776093006134033,5.829616069793701,5.740409851074219,5.762712001800537,5.219640254974365,2564848
2011-06-28,5.771632194519043,5.771632194519043,5.655664920806885,5.704728126525879,5.203367710113525,2702058
2011-06-29,5.758252143859863,5.981266975402832,5.740409851074219,5.9009809494018555,5.382371425628662,2130124
2011-06-30,5.945583820343018,5.967885971069336,5.807314872741699,5.874218940734863,5.3579630851745605,2290203
2011-07-01,5.892061233520508,6.003568172454834,5.892061233520508,5.9322028160095215,5.410850524902344,1946953
2011-07-05,6.008028984069824,6.021409034729004,5.941123962402344,5.950045108795166,5.427124500274658,1190054
2011-07-06,5.941123962402344,5.976806163787842,5.896521091461182,5.950045108795166,5.427124500274658,1162925
2011-07-07,6.021409034729004,6.155219078063965,5.990187168121338,6.123995780944824,5.585787773132324,1359549
2011-07-08,6.1016950607299805,6.1016950607299805,5.999107837677002,6.0704731941223145,5.536969184875488,675963
2011-07-11,5.967885971069336,5.976806163787842,5.896521091461182,5.9322028160095215,5.410850524902344,1233773
2011-07-12,5.834076881408691,5.834076881408691,5.740409851074219,5.771632194519043,5.2643914222717285,1613567
2011-07-13,5.780552864074707,5.820695877075195,5.713648796081543,5.735949993133545,5.231844902038574,1343631
2011-07-14,5.798394203186035,5.798394203186035,5.6690449714660645,5.700267791748047,5.199297904968262,1227271
2011-07-15,5.731490135192871,5.767171859741211,5.660124778747559,5.709187984466553,5.207435607910156,982669
2011-07-18,5.718109130859375,5.718109130859375,5.557538032531738,5.637823104858398,5.1423420906066895,1667375
2011-07-19,5.718109130859375,5.820695877075195,5.713648796081543,5.780552864074707,5.272528171539307,2069142
2011-07-20,5.5664591789245605,5.655664920806885,5.504014015197754,5.521854877471924,5.03656530380249,2241327
2011-07-21,5.53523588180542,5.5530781745910645,5.481712818145752,5.512935161590576,5.0284295082092285,2067797
2011-07-22,5.53523588180542,5.6021409034729,5.521854877471924,5.57983922958374,5.089454650878906,935138
2011-07-25,5.53523588180542,5.548616886138916,5.508474826812744,5.530776023864746,5.04470157623291,1579713
2011-07-26,5.530776023864746,5.570919036865234,5.486173152923584,5.512935161590576,5.0284295082092285,1788668
2011-07-27,5.477252006530762,5.486173152923584,5.374664783477783,5.410347938537598,4.934858798980713,2026095
2011-07-28,5.401426792144775,5.405888080596924,5.312221050262451,5.370204925537109,4.898243427276611,1741361
2011-07-29,5.347904205322266,5.347904205322266,5.218554973602295,5.298840045928955,4.833150386810303,1702575
2011-08-01,5.3657450675964355,5.379126071929932,5.209633827209473,5.245316982269287,4.784331798553467,1590475
2011-08-02,5.196252822875977,5.231935977935791,5.120428085327148,5.1338090896606445,4.682623386383057,1363584
2011-08-03,5.124887943267822,5.138268947601318,5.022302150726318,5.08028507232666,4.6338043212890625,1701454
2011-08-04,5.035682201385498,5.035682201385498,4.906333923339844,4.91525411605835,4.4832763671875,3148216
2011-08-05,4.959856986999512,4.986618995666504,4.785904884338379,4.91525411605835,4.4832763671875,2807208
2011-08-08,4.741302013397217,4.772524833679199,4.491525173187256,4.509366989135742,4.1130595207214355,2910564
2011-08-09,4.549509048461914,4.701159954071045,4.442461967468262,4.692238807678223,4.279860973358154,2563279
2011-08-10,4.58073091506958,4.620873928070068,4.460302829742432,4.473683834075928,4.080512046813965,2121605
2011-08-11,4.509366989135742,4.719000816345215,4.48260498046875,4.6476359367370605,4.239177227020264,1344976
2011-08-12,4.674397945404053,4.723461151123047,4.6164140701293945,4.661016941070557,4.251381874084473,898369
2011-08-15,4.692238807678223,4.719000816345215,4.638714790344238,4.687778949737549,4.275793075561523,1111808
2011-08-16,4.629795074462891,4.6342549324035645,4.553969860076904,4.598573207855225,4.194427013397217,972804
2011-08-17,4.625335216522217,4.705619812011719,4.571811199188232,4.6164140701293945,4.210699081420898,669013
2011-08-18,4.48260498046875,4.504906177520752,4.214986801147461,4.232828140258789,3.860825538635254,4044344
2011-08-19,4.179304122924805,4.3532562255859375,4.1525421142578125,4.192685127258301,3.8242104053497314,2435933
2011-08-22,4.299732208251953,4.344335079193115,4.223906993865967,4.237287998199463,3.8648924827575684,1168082
2011-08-23,4.272971153259277,4.357716083526611,4.219447135925293,4.357716083526611,3.9747371673583984,1699436
2011-08-24,4.3487958908081055,4.357716083526611,4.268509864807129,4.335414886474609,3.9543962478637695,1244086
2011-08-25,4.357716083526611,4.357716083526611,4.232828140258789,4.250669002532959,3.877098321914673,976615
2011-08-26,4.197144985198975,4.272971153259277,4.157002925872803,4.264050006866455,3.8893027305603027,1183776
2011-08-29,4.335414886474609,4.460302829742432,4.335414886474609,4.442461967468262,4.052034854888916,732461
2011-08-30,4.4156999588012695,4.460302829742432,4.3487958908081055,4.42016077041626,4.031693935394287,629554
2011-08-31,4.4469218254089355,4.5673508644104,4.3978590965271,4.451383113861084,4.060172080993652,1387125
2011-09-01,4.487064838409424,4.495985984802246,4.3487958908081055,4.366637229919434,3.982874870300293,886038
2011-09-02,4.304193019866943,4.3844780921936035,4.286351203918457,4.313113212585449,3.934053897857666,1213819
2011-09-06,4.210525989532471,4.210525989532471,4.1302409172058105,4.170383930206299,3.8038692474365234,2000985
2011-09-07,4.228367805480957,4.281890869140625,4.206066131591797,4.277431011199951,3.9015092849731445,1214940
2011-09-08,4.299732208251953,4.339875221252441,4.237287998199463,4.241747856140137,3.8689608573913574,773714
2011-09-09,4.179304122924805,4.201605796813965,4.036573886871338,4.036573886871338,3.681818962097168,1503934
2011-09-12,4.023193836212158,4.188224792480469,3.996432065963745,4.1168599128723145,3.7550487518310547,2537047
2011-09-13,4.1302409172058105,4.174843788146973,4.085638046264648,4.161462783813477,3.79573130607605,936259
2011-09-14,4.228367805480957,4.272971153259277,4.161462783813477,4.223906993865967,3.8526885509490967,1337353
2011-09-15,4.286351203918457,4.362176895141602,4.281890869140625,4.3487958908081055,3.9666011333465576,1645628
2011-09-16,4.3844780921936035,4.406779766082764,4.264050006866455,4.375557899475098,3.9910106658935547,2992173
2011-09-19,4.308652877807617,4.362176895141602,4.206066131591797,4.335414886474609,3.9543962478637695,1145438
2011-09-20,4.375557899475098,4.4156999588012695,4.3309550285339355,4.3309550285339355,3.9503276348114014,1317399
2011-09-21,4.455842971801758,4.455842971801758,4.250669002532959,4.259590148925781,3.885235548019409,2396025
2011-09-22,4.121319770812988,4.121319770812988,3.9473679065704346,4.014273166656494,3.66147780418396,2735913
2011-09-23,4.000892162322998,4.1302409172058105,3.978590965270996,4.081178188323975,3.722503423690796,2722909
2011-09-26,4.107938766479492,4.161462783813477,4.036573886871338,4.1525421142578125,3.7875945568084717,1763781
2011-09-27,4.246209144592285,4.469223976135254,4.223906993865967,4.362176895141602,3.978806734085083,1432190
2011-09-28,4.38001823425293,4.388937950134277,4.219447135925293,4.219447135925293,3.8486201763153076,1438916
2011-09-29,4.335414886474609,4.406779766082764,4.268509864807129,4.290812015533447,3.9137134552001953,1100149
2011-09-30,4.206066131591797,4.232828140258789,4.0990190505981445,4.125781059265137,3.76318621635437,1355513
2011-10-03,4.06333589553833,4.112400054931641,3.9473679065704346,3.956289052963257,3.608590602874756,1280406
2011-10-04,3.8938450813293457,4.032114028930664,3.8492419719696045,4.018733024597168,3.665545701980591,1295428
2011-10-05,4.018733024597168,4.139161109924316,3.9250669479370117,4.121319770812988,3.7591171264648438,848149
2011-10-06,4.103478908538818,4.161462783813477,4.094557762145996,4.157002925872803,3.79166316986084,1145214
2011-10-07,4.139161109924316,4.157002925872803,4.041035175323486,4.076716899871826,3.7184348106384277,1965786
2011-10-10,4.165923118591309,4.272971153259277,4.165923118591309,4.272971153259277,3.8974406719207764,678205
2011-10-11,4.228367805480957,4.326494216918945,4.1525421142578125,4.210525989532471,3.8404834270477295,995000
2011-10-12,4.290812015533447,4.4335408210754395,4.264050006866455,4.339875221252441,3.958463668823242,2384591
2011-10-13,4.246209144592285,4.357716083526611,4.246209144592285,4.3309550285339355,3.9503276348114014,1003295
2011-10-14,4.4469218254089355,4.48260498046875,4.371097087860107,4.406779766082764,4.019488334655762,1538012
2011-10-17,4.366637229919434,4.3844780921936035,4.322033882141113,4.3487958908081055,3.9666011333465576,1061139
2011-10-18,4.281890869140625,4.3487958908081055,4.246209144592285,4.3309550285339355,3.9503276348114014,1114050
2011-10-19,4.335414886474609,4.3978590965271,4.214986801147461,4.281890869140625,3.9055769443511963,929309
2011-10-20,4.246209144592285,4.268509864807129,4.139161109924316,4.219447135925293,3.8486201763153076,550635
2011-10-21,4.264050006866455,4.335414886474609,4.228367805480957,4.295271873474121,3.917781114578247,784252
2011-10-24,4.3175740242004395,4.478145122528076,4.304193019866943,4.3844780921936035,3.9991466999053955,1662891
2011-10-25,4.402318954467773,4.487064838409424,4.38001823425293,4.411240100860596,4.023558139801025,1567606
2011-10-26,4.469223976135254,4.491525173187256,4.393398761749268,4.46476411819458,4.072377681732178,791650
2011-10-27,4.54504919052124,4.714540958404541,4.54504919052124,4.678857803344727,4.267654895782471,2373605
2011-10-28,4.687778949737549,4.950936794281006,4.6654767990112305,4.812666893005371,4.389704704284668,2546464
2011-10-31,4.977697849273682,4.977697849273682,4.549509048461914,4.6654767990112305,4.25545072555542,2152768
2011-11-01,4.594111919403076,4.6342549324035645,4.451383113861084,4.487064838409424,4.092718124389648,2348719
2011-11-02,4.513826847076416,4.536128044128418,4.4335408210754395,4.504906177520752,4.108993053436279,1735308
2011-11-03,4.531668186187744,4.576271057128906,4.460302829742432,4.571811199188232,4.170016765594482,1473667
2011-11-04,4.513826847076416,4.513826847076416,4.3844780921936035,4.460302829742432,4.068308353424072,1350357
2011-11-07,4.4335408210754395,4.553969860076904,4.42016077041626,4.540588855743408,4.141538619995117,1057103
2011-11-08,4.540588855743408,4.594111919403076,4.473683834075928,4.553969860076904,4.153743743896484,819899
2011-11-09,4.388937950134277,4.451383113861084,4.299732208251953,4.308652877807617,3.929986000061035,1271438
2011-11-10,4.38001823425293,4.4335408210754395,4.322033882141113,4.339875221252441,3.958463668823242,864291
2011-11-11,4.4156999588012695,4.540588855743408,4.3844780921936035,4.473683834075928,4.080512046813965,1596080
2011-11-14,4.478145122528076,4.522747993469238,4.460302829742432,4.46476411819458,4.072377681732178,1375915
2011-11-15,4.473683834075928,4.56289005279541,4.429080963134766,4.513826847076416,4.117127895355225,895006
2011-11-16,4.406779766082764,4.460302829742432,4.362176895141602,4.371097087860107,3.9869415760040283,457144
2011-11-17,4.3487958908081055,4.362176895141602,4.223906993865967,4.228367805480957,3.856757640838623,951056
2011-11-18,4.250669002532959,4.272971153259277,4.192685127258301,4.237287998199463,3.8648924827575684,1024818
2011-11-21,4.139161109924316,4.210525989532471,4.0677971839904785,4.107938766479492,3.7469115257263184,1016747
2011-11-22,4.1480817794799805,4.357716083526611,4.1480817794799805,4.1837639808654785,3.816073417663574,1434656
2011-11-23,4.112400054931641,4.174843788146973,4.049954891204834,4.06333589553833,3.7062289714813232,1051050
2011-11-25,4.085638046264648,4.192685127258301,4.076716899871826,4.076716899871826,3.7184348106384277,667892
2011-11-28,4.237287998199463,4.259590148925781,4.1168599128723145,4.192685127258301,3.8242104053497314,1256193
2011-11-29,4.214986801147461,4.322033882141113,4.170383930206299,4.210525989532471,3.8404834270477295,830885
2011-11-30,4.322033882141113,4.495985984802246,4.281890869140625,4.281890869140625,3.9055769443511963,2502072
2011-12-01,4.313113212585449,4.3844780921936035,4.304193019866943,4.308652877807617,3.929986000061035,1037822
2011-12-02,4.478145122528076,4.536128044128418,4.4335408210754395,4.518287181854248,4.121196269989014,1867362
2011-12-05,4.5673508644104,4.571811199188232,4.50044584274292,4.54504919052124,4.14560604095459,649283
2011-12-06,4.527207851409912,4.56289005279541,4.460302829742432,4.558430194854736,4.157811641693115,850839
2011-12-07,4.56289005279541,4.603033065795898,4.527207851409912,4.56289005279541,4.161879539489746,855323
2011-12-08,4.589652061462402,4.656557083129883,4.549509048461914,4.58073091506958,4.178153038024902,1764902
2011-12-09,4.571811199188232,4.669938087463379,4.571811199188232,4.6654767990112305,4.25545072555542,984014
2011-12-12,4.598573207855225,4.643176078796387,4.54504919052124,4.6342549324035645,4.226972579956055,1732842
2011-12-13,4.629795074462891,4.705619812011719,4.589652061462402,4.611954212188721,4.206631183624268,1695400
2011-12-14,4.594111919403076,4.603033065795898,4.42016077041626,4.4335408210754395,4.043899059295654,831782
2011-12-15,4.473683834075928,4.527207851409912,4.4156999588012695,4.438002109527588,4.047967433929443,905992
2011-12-16,4.406779766082764,4.518287181854248,4.406779766082764,4.504906177520752,4.108993053436279,1754813
2011-12-19,4.509366989135742,4.513826847076416,4.322033882141113,4.335414886474609,3.9543962478637695,874380
2011-12-20,4.438002109527588,4.50044584274292,4.4156999588012695,4.42016077041626,4.031693935394287,1568055
2011-12-21,4.451383113861084,4.46476411819458,4.339875221252441,4.3978590965271,4.0113525390625,1236463
2011-12-22,4.3844780921936035,4.487064838409424,4.304193019866943,4.469223976135254,4.07644510269165,493016
2011-12-23,4.504906177520752,4.56289005279541,4.473683834075928,4.540588855743408,4.141538619995117,515212
2011-12-27,4.495985984802246,4.594111919403076,4.48260498046875,4.540588855743408,4.141538619995117,759814
2011-12-28,4.509366989135742,4.594111919403076,4.473683834075928,4.513826847076416,4.117127895355225,930206
2011-12-29,4.522747993469238,4.54504919052124,4.478145122528076,4.509366989135742,4.1130595207214355,499742
2011-12-30,4.487064838409424,4.549509048461914,4.487064838409424,4.54504919052124,4.14560604095459,703540
2012-01-03,4.652095794677734,4.719000816345215,4.625335216522217,4.6654767990112305,4.25545072555542,797928
2012-01-04,4.6654767990112305,4.683318138122559,4.553969860076904,4.5851922035217285,4.18222188949585,1089164
2012-01-05,4.558430194854736,4.589652061462402,4.495985984802246,4.513826847076416,4.117127895355225,1185345
2012-01-06,4.495985984802246,4.553969860076904,4.46476411819458,4.518287181854248,4.121196269989014,1108445
2012-01-09,4.549509048461914,4.598573207855225,4.495985984802246,4.540588855743408,4.141538619995117,1037149
2012-01-10,4.611954212188721,4.611954212188721,4.536128044128418,4.56289005279541,4.161879539489746,1039840
2012-01-11,4.522747993469238,4.6654767990112305,4.518287181854248,4.661016941070557,4.251381874084473,515884
2012-01-12,4.56289005279541,4.56289005279541,4.438002109527588,4.455842971801758,4.064239978790283,2619777
2012-01-13,4.460302829742432,4.54504919052124,4.38001823425293,4.4156999588012695,4.027626037597656,1767817
2012-01-17,4.478145122528076,4.5851922035217285,4.478145122528076,4.553969860076904,4.153743743896484,1724546
2012-01-18,4.513826847076416,4.6164140701293945,4.487064838409424,4.6164140701293945,4.210699081420898,790978
2012-01-19,4.701159954071045,4.808207035064697,4.652095794677734,4.661016941070557,4.251381874084473,1315606
2012-01-20,4.6476359367370605,4.906333923339844,4.6476359367370605,4.870650768280029,4.442592620849609,1787098
2012-01-23,4.812666893005371,4.924174785614014,4.812666893005371,4.826047897338867,4.401909828186035,2467994
2012-01-24,4.732381820678711,4.892952919006348,4.692238807678223,4.8483500480651855,4.438660144805908,619240
2012-01-25,4.879571914672852,4.924174785614014,4.826047897338867,4.91971492767334,4.503994941711426,782010
2012-01-26,4.968778133392334,4.995540142059326,4.888492107391357,4.9018731117248535,4.487661361694336,590991
2012-01-27,4.910793781280518,5.0,4.8171281814575195,4.888492107391357,4.4754109382629395,2096494
2012-01-30,4.808207035064697,4.8349690437316895,4.759143829345703,4.781445026397705,4.377408504486084,1900319
2012-01-31,4.794826030731201,4.861731052398682,4.776985168457031,4.852809906005859,4.442744731903076,1392058
2012-02-01,4.906333923339844,4.91525411605835,4.857269763946533,4.910793781280518,4.495828628540039,1618948
2012-02-02,4.959856986999512,5.049063205718994,4.9330949783325195,5.013381004333496,4.589745998382568,1219872
2012-02-03,5.08028507232666,5.120428085327148,5.057983875274658,5.115968227386475,4.6836652755737305,1059793
2012-02-06,5.0981268882751465,5.111507892608643,4.977697849273682,5.06244421005249,4.634664058685303,1088491
2012-02-07,5.031221866607666,5.08028507232666,5.004459857940674,5.06244421005249,4.634664058685303,879537
2012-02-08,5.093666076660156,5.1025872230529785,4.968778133392334,4.98215913772583,4.561162948608398,1240723
2012-02-09,5.022302150726318,5.124887943267822,5.022302150726318,5.049063205718994,4.622413635253906,1296324
2012-02-10,5.040143013000488,5.053524017333984,4.98215913772583,5.031221866607666,4.606079578399658,957782
2012-02-13,5.053524017333984,5.053524017333984,4.964317798614502,5.004459857940674,4.581578731536865,678205
2012-02-14,5.01784086227417,5.035682201385498,4.93755578994751,4.964317798614502,4.544830322265625,1693607
2012-02-15,4.995540142059326,5.022302150726318,4.93755578994751,4.991078853607178,4.569328308105469,1119655
2012-02-16,5.0,5.022302150726318,4.946475982666016,5.022302150726318,4.597914218902588,652646
2012-02-17,5.044602870941162,5.08028507232666,5.0,5.031221866607666,4.606079578399658,550411
2012-02-21,5.013381004333496,5.031221866607666,4.977697849273682,4.986618995666504,4.565245628356934,511849
2012-02-22,4.995540142059326,5.071364879608154,4.959856986999512,5.049063205718994,4.622413635253906,864291
2012-02-23,5.071364879608154,5.107047080993652,5.022302150726318,5.093666076660156,4.663247108459473,1036252
2012-02-24,5.0981268882751465,5.0981268882751465,5.053524017333984,5.08474588394165,4.655081748962402,487411
2012-02-27,4.991078853607178,5.004459857940674,4.906333923339844,4.955397129058838,4.536661148071289,1305965
2012-02-28,4.928635120391846,4.955397129058838,4.875112056732178,4.9018731117248535,4.487661361694336,1352374
2012-02-29,4.955397129058838,4.964317798614502,4.861731052398682,4.8974127769470215,4.483578205108643,1171669
2012-03-01,4.892952919006348,4.955397129058838,4.8171281814575195,4.955397129058838,4.536661148071289,1296324
2012-03-02,4.9330949783325195,4.991078853607178,4.928635120391846,4.9330949783325195,4.516245365142822,1005761
2012-03-05,4.942016124725342,4.946475982666016,4.843889236450195,4.8661909103393555,4.454993724822998,600408
2012-03-06,4.799285888671875,4.803747177124023,4.710080146789551,4.723461151123047,4.324324607849121,546151
2012-03-07,4.781445026397705,4.861731052398682,4.736842155456543,4.741302013397217,4.340658664703369,1125484
2012-03-08,4.794826030731201,4.875112056732178,4.794826030731201,4.861731052398682,4.450911045074463,530233
2012-03-09,4.906333923339844,4.98215913772583,4.875112056732178,4.968778133392334,4.548912525177002,917875
2012-03-12,4.946475982666016,4.973237991333008,4.9018731117248535,4.924174785614014,4.508077144622803,1064053
2012-03-13,4.977697849273682,5.026762008666992,4.852809906005859,5.004459857940674,4.581578731536865,2219804
2012-03-14,4.968778133392334,5.031221866607666,4.946475982666016,4.973237991333008,4.552995681762695,2066676
2012-03-15,4.946475982666016,4.973237991333008,4.884031772613525,4.955397129058838,4.536661148071289,1942245
2012-03-16,4.964317798614502,5.008921146392822,4.884031772613525,4.884031772613525,4.471327781677246,1764006
2012-03-19,4.843889236450195,4.910793781280518,4.8171281814575195,4.879571914672852,4.467244625091553,546824
2012-03-20,4.857269763946533,4.870650768280029,4.790366172790527,4.803747177124023,4.397827625274658,628881
2012-03-21,4.794826030731201,4.875112056732178,4.768064022064209,4.852809906005859,4.442744731903076,1190502
2012-03-22,4.790366172790527,4.799285888671875,4.727921009063721,4.745762825012207,4.344742298126221,573055
2012-03-23,4.776985168457031,4.799285888671875,4.732381820678711,4.754683017730713,4.352908611297607,864515
2012-03-26,4.776985168457031,4.785904884338379,4.750223159790039,4.768064022064209,4.365159511566162,727753
2012-03-27,4.826047897338867,4.843889236450195,4.776985168457031,4.781445026397705,4.377408504486084,910925
2012-03-28,4.794826030731201,4.821588039398193,4.701159954071045,4.727921009063721,4.328408241271973,747931
2012-03-29,4.723461151123047,4.826047897338867,4.723461151123047,4.826047897338867,4.418242931365967,1524336
2012-03-30,4.879571914672852,4.910793781280518,4.830508232116699,4.906333923339844,4.491745948791504,1448332
2012-04-02,4.875112056732178,4.928635120391846,4.843889236450195,4.892952919006348,4.479495525360107,1248346
2012-04-03,4.906333923339844,4.942016124725342,4.839428901672363,4.870650768280029,4.459076404571533,751070
2012-04-04,4.830508232116699,4.830508232116699,4.745762825012207,4.785904884338379,4.38149356842041,1164495
2012-04-05,4.785904884338379,4.875112056732178,4.750223159790039,4.826047897338867,4.418242931365967,1080196
2012-04-09,4.741302013397217,4.781445026397705,4.696699142456055,4.772524833679199,4.369243144989014,461852
2012-04-10,4.790366172790527,4.790366172790527,4.719000816345215,4.741302013397217,4.340658664703369,1291392
2012-04-11,4.8171281814575195,4.8171281814575195,4.763604164123535,4.776985168457031,4.373325824737549,950384
2012-04-12,4.741302013397217,4.821588039398193,4.736842155456543,4.803747177124023,4.397827625274658,524852
2012-04-13,4.58073091506958,4.629795074462891,4.4469218254089355,4.455842971801758,4.079319953918457,2344011
2012-04-16,4.504906177520752,4.504906177520752,4.313113212585449,4.375557899475098,4.0058207511901855,1792927
2012-04-17,4.406779766082764,4.509366989135742,4.375557899475098,4.442461967468262,4.067070484161377,2545567
2012-04-18,4.371097087860107,4.4469218254089355,4.371097087860107,4.4469218254089355,4.071152687072754,853081
2012-04-19,4.4156999588012695,4.487064838409424,4.375557899475098,4.473683834075928,4.0956525802612305,874604
2012-04-20,4.455842971801758,4.58073091506958,4.451383113861084,4.540588855743408,4.156906604766846,1020558
2012-04-23,4.478145122528076,4.518287181854248,4.4335408210754395,4.518287181854248,4.136488437652588,1274801
2012-04-24,4.54504919052124,4.6164140701293945,4.54504919052124,4.607492923736572,4.218156337738037,2180569
2012-04-25,4.335414886474609,4.4469218254089355,4.313113212585449,4.371097087860107,4.001736164093018,3463442
2012-04-26,4.322033882141113,4.3844780921936035,4.290812015533447,4.371097087860107,4.001736164093018,1305517
2012-04-27,4.357716083526611,4.371097087860107,4.322033882141113,4.357716083526611,3.989485263824463,1442727
2012-04-30,4.322033882141113,4.393398761749268,4.286351203918457,4.308652877807617,3.944568395614624,953523
2012-05-01,4.299732208251953,4.357716083526611,4.286351203918457,4.308652877807617,3.944568395614624,553101
2012-05-02,4.268509864807129,4.313113212585449,4.255128860473633,4.299732208251953,3.9364020824432373,737842
2012-05-03,4.326494216918945,4.366637229919434,4.201605796813965,4.255128860473633,3.8955678939819336,1045220
2012-05-04,4.250669002532959,4.299732208251953,4.192685127258301,4.201605796813965,3.8465662002563477,979081
2012-05-07,4.157002925872803,4.201605796813965,4.085638046264648,4.1168599128723145,3.76898193359375,2353203
2012-05-08,4.112400054931641,4.125781059265137,4.054416179656982,4.090097904205322,3.744481086730957,1497656
2012-05-09,4.072257041931152,4.121319770812988,4.058876037597656,4.072257041931152,3.7281486988067627,1642041
2012-05-10,4.121319770812988,4.121319770812988,4.058876037597656,4.103478908538818,3.7567319869995117,966526
2012-05-11,4.058876037597656,4.134700775146484,4.032114028930664,4.058876037597656,3.715898036956787,803084
2012-05-14,4.018733024597168,4.0990190505981445,4.014273166656494,4.018733024597168,3.6791465282440186,975494
2012-05-15,4.04549503326416,4.139161109924316,4.04549503326416,4.049954891204834,3.707730531692505,1589130
2012-05-16,4.005352020263672,4.014273166656494,3.9116859436035156,3.920607089996338,3.5893123149871826,1196331
2012-05-17,3.9116859436035156,3.938447952270508,3.8670830726623535,3.8983049392700195,3.568895101547241,814070
2012-05-18,3.9161460399627686,3.9161460399627686,3.8670830726623535,3.8849239349365234,3.5566444396972656,822366
2012-05-21,3.8626229763031006,3.9161460399627686,3.8314011096954346,3.8849239349365234,3.5566444396972656,1332869
2012-05-22,3.8715429306030273,3.920607089996338,3.8314011096954346,3.8804640769958496,3.5525619983673096,914288
2012-05-23,3.8670830726623535,3.8760039806365967,3.7912580966949463,3.8626229763031006,3.5362281799316406,679326
2012-05-24,3.907226085662842,3.9250669479370117,3.8403210639953613,3.8492419719696045,3.523977756500244,394144
2012-05-25,3.813559055328369,3.8715429306030273,3.813559055328369,3.8715429306030273,3.5443944931030273,356478
2012-05-29,3.938447952270508,4.023193836212158,3.9295270442962646,3.969670057296753,3.6342296600341797,607358
2012-05-30,3.938447952270508,3.938447952270508,3.8224799633026123,3.8537020683288574,3.528061866760254,716992
2012-05-31,3.8670830726623535,3.8760039806365967,3.813559055328369,3.8358609676361084,3.511728048324585,769230
2012-06-01,3.800178050994873,3.8180201053619385,3.728813886642456,3.737734079360962,3.4218926429748535,614981
2012-06-04,3.7421939373016357,3.8492419719696045,3.733273983001709,3.7867980003356934,3.466810703277588,1005089
2012-06-05,3.768955945968628,3.8358609676361084,3.768955945968628,3.813559055328369,3.4913101196289062,370378
2012-06-06,3.8760039806365967,4.054416179656982,3.8403210639953613,4.036573886871338,3.6954805850982666,2151872
2012-06-07,4.009812831878662,4.032114028930664,3.956289052963257,3.987510919570923,3.6505630016326904,952177
2012-06-08,3.9473679065704346,3.983051061630249,3.920607089996338,3.969670057296753,3.6342296600341797,343474
2012-06-11,3.987510919570923,3.987510919570923,3.8403210639953613,3.8492419719696045,3.523977756500244,745913
2012-06-12,3.844780921936035,3.938447952270508,3.79571795463562,3.9027650356292725,3.5729787349700928,1360670
2012-06-13,3.8804640769958496,3.951828956604004,3.8626229763031006,3.9116859436035156,3.581145763397217,594803
2012-06-14,3.8983049392700195,3.951828956604004,3.8715429306030273,3.9429080486297607,3.609729051589966,486738
2012-06-15,3.9429080486297607,4.018733024597168,3.9429080486297607,4.005352020263672,3.6668968200683594,902853
2012-06-18,3.9607489109039307,4.009812831878662,3.9473679065704346,3.978590965270996,3.642396926879883,518575
2012-06-19,4.02765417098999,4.081178188323975,4.009812831878662,4.054416179656982,3.711815118789673,1042754
2012-06-20,4.0677971839904785,4.085638046264648,4.02765417098999,4.04549503326416,3.7036473751068115,652422
2012-06-21,4.041035175323486,4.076716899871826,3.907226085662842,3.9116859436035156,3.581145763397217,788960
2012-06-22,3.9741299152374268,3.983051061630249,3.9250669479370117,3.956289052963257,3.6219797134399414,476649
2012-06-25,3.907226085662842,3.9473679065704346,3.8403210639953613,3.8760039806365967,3.548478603363037,582920
2012-06-26,3.8626229763031006,3.8938450813293457,3.8224799633026123,3.8849239349365234,3.5566444396972656,587852
2012-06-27,3.8670830726623535,3.9652099609375,3.8670830726623535,3.933988094329834,3.6324238777160645,905320
2012-06-28,3.9295270442962646,3.978590965270996,3.8760039806365967,3.8983049392700195,3.5994760990142822,694347
2012-06-29,3.951828956604004,4.094557762145996,3.8581619262695312,4.094557762145996,3.780684471130371,1157545
2012-07-02,4.04549503326416,4.085638046264648,4.023193836212158,4.04549503326416,3.7353827953338623,884469
2012-07-03,4.081178188323975,4.188224792480469,4.081178188323975,4.165923118591309,3.8465795516967773,426877
2012-07-05,4.1168599128723145,4.1168599128723145,3.9652099609375,3.969670057296753,3.6653711795806885,1753917
2012-07-06,3.8938450813293457,3.9250669479370117,3.8626229763031006,3.8760039806365967,3.5788848400115967,1121448
2012-07-09,3.8581619262695312,3.8581619262695312,3.8224799633026123,3.8358609676361084,3.541818380355835,1075936
2012-07-10,3.8581619262695312,3.8670830726623535,3.7734169960021973,3.8046391010284424,3.5129902362823486,1012263
2012-07-11,3.7867980003356934,3.813559055328369,3.755574941635132,3.800178050994873,3.50887131690979,726184
2012-07-12,3.6663689613342285,3.6663689613342285,3.5816240310668945,3.6039249897003174,3.327662706375122,1591820
2012-07-13,3.6440680027008057,3.6619091033935547,3.6083850860595703,3.6396069526672363,3.3606090545654297,1142075
2012-07-16,3.5994648933410645,3.6351470947265625,3.5370209217071533,3.6217660903930664,3.3441357612609863,1076608
2012-07-17,3.6619091033935547,3.6619091033935547,3.5994648933410645,3.6440680027008057,3.3647282123565674,1057327
2012-07-18,3.595004081726074,3.6931309700012207,3.5905439853668213,3.6663689613342285,3.3853189945220947,1156424
2012-07-19,3.702052116394043,3.746654987335205,3.675290107727051,3.724353075027466,3.4388587474823,651525
2012-07-20,3.6663689613342285,3.6975910663604736,3.6083850860595703,3.6262269020080566,3.348254919052124,847700
2012-07-23,3.5236399173736572,3.532560110092163,3.465656042098999,3.510258913040161,3.241176128387451,1028630
2012-07-24,3.4611949920654297,3.5236399173736572,3.434433937072754,3.465656042098999,3.1999926567077637,1514023
2012-07-25,3.4299728870391846,3.5236399173736572,3.3987510204315186,3.438894033432007,3.1752817630767822,1077057
2012-07-26,3.501338005065918,3.501338005065918,3.3942909240722656,3.4299728870391846,3.1670446395874023,1333990
2012-07-27,3.465656042098999,3.563781976699829,3.4299728870391846,3.532560110092163,3.261767864227295,919444
2012-07-30,3.510258913040161,3.514719009399414,3.4567348957061768,3.501338005065918,3.2329394817352295,1101046
2012-07-31,3.532560110092163,3.5593221187591553,3.4611949920654297,3.483496904373169,3.216465711593628,1538236
2012-08-01,3.510258913040161,3.563781976699829,3.479037046432495,3.496877908706665,3.228821277618408,1092975
2012-08-02,3.479037046432495,3.510258913040161,3.3987510204315186,3.4121320247650146,3.15057110786438,1029078
2012-08-03,3.501338005065918,3.5370209217071533,3.496877908706665,3.510258913040161,3.241176128387451,671927
2012-08-06,3.5548620223999023,3.6485280990600586,3.532560110092163,3.545941114425659,3.274122953414917,1030647
2012-08-07,3.5727028846740723,3.6173059940338135,3.563781976699829,3.5727028846740723,3.298833131790161,575297
2012-08-08,3.563781976699829,3.6262269020080566,3.550400972366333,3.5905439853668213,3.315307140350342,587180
2012-08-09,3.6217660903930664,3.6351470947265625,3.563781976699829,3.5994648933410645,3.3235440254211426,793668
2012-08-10,3.6083850860595703,3.702052116394043,3.5727028846740723,3.6351470947265625,3.3564906120300293,653991
2012-08-13,3.6574490070343018,3.6931309700012207,3.5860838890075684,3.6128458976745605,3.3358986377716064,332713
2012-08-14,3.6128458976745605,3.6619091033935547,3.5727028846740723,3.5727028846740723,3.298833131790161,323745
2012-08-15,3.6574490070343018,3.6574490070343018,3.5682430267333984,3.5905439853668213,3.315307140350342,403560
2012-08-16,3.5816240310668945,3.6128458976745605,3.550400972366333,3.577162981033325,3.3029515743255615,662063
2012-08-17,3.6083850860595703,3.6306869983673096,3.5816240310668945,3.5816240310668945,3.3070714473724365,521265
2012-08-20,3.5905439853668213,3.6173059940338135,3.5370209217071533,3.563781976699829,3.2905964851379395,339439
2012-08-21,3.5994648933410645,3.6529879570007324,3.5994648933410645,3.6396069526672363,3.3606090545654297,600632
2012-08-22,3.6262269020080566,3.6262269020080566,3.52810001373291,3.6083850860595703,3.3317806720733643,532475
2012-08-23,3.6574490070343018,3.6619091033935547,3.5994648933410645,3.6128458976745605,3.3358986377716064,366567
2012-08-24,3.6217660903930664,3.6217660903930664,3.5727028846740723,3.5994648933410645,3.3235440254211426,447952
2012-08-27,3.5994648933410645,3.6217660903930664,3.52810001373291,3.52810001373291,3.2576491832733154,432930
2012-08-28,3.550400972366333,3.6083850860595703,3.550400972366333,3.5727028846740723,3.298833131790161,871241
2012-08-29,3.6039249897003174,3.6440680027008057,3.577162981033325,3.5816240310668945,3.3070714473724365,790978
2012-08-30,3.5816240310668945,3.6262269020080566,3.5593221187591553,3.5593221187591553,3.2864785194396973,773042
2012-08-31,3.5994648933410645,3.6128458976745605,3.470115900039673,3.470115900039673,3.2041103839874268,3031408
2012-09-04,3.4567348957061768,3.5236399173736572,3.3987510204315186,3.483496904373169,3.216465711593628,1038719
2012-09-05,3.470115900039673,3.492417097091675,3.4433538913726807,3.474575996398926,3.208228826522827,501087
2012-09-06,3.5414810180664062,3.6663689613342285,3.5414810180664062,3.6619091033935547,3.381201982498169,1216509
2012-09-07,3.6529879570007324,3.7421939373016357,3.6529879570007324,3.728813886642456,3.4429771900177,864291
2012-09-10,3.71543288230896,3.755574941635132,3.6975910663604736,3.7109720706939697,3.4265031814575195,653319
2012-09-11,3.702052116394043,3.764496088027954,3.702052116394043,3.746654987335205,3.4594509601593018,491446
2012-09-12,3.7734169960021973,3.844780921936035,3.7734169960021973,3.7912580966949463,3.5006349086761475,503329
2012-09-13,3.800178050994873,3.8938450813293457,3.782336950302124,3.8670830726623535,3.5706474781036377,896352
2012-09-14,3.8804640769958496,4.023193836212158,3.8804640769958496,4.009812831878662,3.7024359703063965,1614913
2012-09-17,3.938447952270508,4.000892162322998,3.8492419719696045,3.978590965270996,3.6736080646514893,972580
2012-09-18,3.9473679065704346,3.969670057296753,3.9116859436035156,3.933988094329834,3.6324238777160645,665650
2012-09-19,3.933988094329834,3.9429080486297607,3.907226085662842,3.9116859436035156,3.6118316650390625,401991
2012-09-20,3.8893840312957764,3.951828956604004,3.8804640769958496,3.938447952270508,3.6365420818328857,418806
2012-09-21,3.983051061630249,4.014273166656494,3.933988094329834,4.014273166656494,3.706554651260376,1053516
2012-09-24,3.9652099609375,4.014273166656494,3.9473679065704346,3.9741299152374268,3.6694881916046143,739860
2012-09-25,3.9741299152374268,3.996432065963745,3.9250669479370117,3.9250669479370117,3.6241869926452637,787615
2012-09-26,3.9250669479370117,3.933988094329834,3.8537020683288574,3.9116859436035156,3.6118316650390625,577988
2012-09-27,3.933988094329834,3.9741299152374268,3.907226085662842,3.9741299152374268,3.6694881916046143,588973
2012-09-28,3.983051061630249,4.014273166656494,3.969670057296753,3.991971015930176,3.685962200164795,575746
2012-10-01,3.969670057296753,4.103478908538818,3.969670057296753,4.072257041931152,3.760093927383423,740981
2012-10-02,4.076716899871826,4.094557762145996,4.009812831878662,4.054416179656982,3.7436203956604004,559155
2012-10-03,4.076716899871826,4.0990190505981445,4.000892162322998,4.090097904205322,3.7765674591064453,657354
2012-10-04,4.090097904205322,4.125781059265137,4.049954891204834,4.094557762145996,3.780684471130371,580454
2012-10-05,4.054416179656982,4.103478908538818,3.996432065963745,4.005352020263672,3.698317289352417,529785
2012-10-08,3.9607489109039307,3.9741299152374268,3.9027650356292725,3.9429080486297607,3.640659809112549,858910
2012-10-09,3.920607089996338,3.9250669479370117,3.8537020683288574,3.8581619262695312,3.5624098777770996,340111
2012-10-10,3.8358609676361084,3.8715429306030273,3.7912580966949463,3.8314011096954346,3.537700653076172,675963
2012-10-11,3.8849239349365234,3.8893840312957764,3.8403210639953613,3.8626229763031006,3.5665292739868164,286528
2012-10-12,3.7734169960021973,3.8403210639953613,3.746654987335205,3.8224799633026123,3.529463529586792,1400577
2012-10-15,3.809098958969116,3.8537020683288574,3.751115083694458,3.782336950302124,3.4923980236053467,800170
2012-10-16,3.7912580966949463,3.813559055328369,3.764496088027954,3.800178050994873,3.50887131690979,415443
2012-10-17,3.782336950302124,3.844780921936035,3.751115083694458,3.7867980003356934,3.4965169429779053,962715
2012-10-18,3.77787709236145,3.7867980003356934,3.6931309700012207,3.760035991668701,3.471806287765503,780440
2012-10-19,3.719892978668213,3.719892978668213,3.6262269020080566,3.670830011367798,3.3894386291503906,1160459
2012-10-22,3.6797499656677246,3.6931309700012207,3.6529879570007324,3.675290107727051,3.393556833267212,239670
2012-10-23,3.6262269020080566,3.6440680027008057,3.6039249897003174,3.6351470947265625,3.3564906120300293,507140
2012-10-24,3.684211015701294,3.684211015701294,3.6173059940338135,3.6396069526672363,3.3606090545654297,271282
2012-10-25,3.6574490070343018,3.6619091033935547,3.6262269020080566,3.6306869983673096,3.352372884750366,384279
2012-10-26,3.6083850860595703,3.6663689613342285,3.5727028846740723,3.577162981033325,3.3029515743255615,304015
2012-10-31,3.71543288230896,3.737734079360962,3.3719890117645264,3.4433538913726807,3.1794002056121826,2866621
2012-11-01,3.6351470947265625,3.8403210639953613,3.5816240310668945,3.8403210639953613,3.5459370613098145,2473599
2012-11-02,3.8403210639953613,3.8804640769958496,3.7734169960021973,3.79571795463562,3.5047531127929688,1327488
2012-11-05,3.746654987335205,3.8269400596618652,3.724353075027466,3.813559055328369,3.521226406097412,1291616
2012-11-06,3.8403210639953613,3.8403210639953613,3.7421939373016357,3.77787709236145,3.4882795810699463,987825
2012-11-07,3.764496088027954,3.7734169960021973,3.6663689613342285,3.6931309700012207,3.410029888153076,843440
2012-11-08,3.6975910663604736,3.77787709236145,3.6975910663604736,3.706511974334717,3.4223852157592773,1466492
2012-11-09,3.684211015701294,3.719892978668213,3.6663689613342285,3.71543288230896,3.4306225776672363,500639
2012-11-12,3.71543288230896,3.728813886642456,3.6440680027008057,3.702052116394043,3.4182674884796143,366567
2012-11-13,3.6619091033935547,3.6975910663604736,3.6396069526672363,3.6574490070343018,3.3770833015441895,578212
2012-11-14,3.6619091033935547,3.6619091033935547,3.6039249897003174,3.6485280990600586,3.3688459396362305,667892
2012-11-15,3.6351470947265625,3.6396069526672363,3.5727028846740723,3.6262269020080566,3.348254919052124,578436
2012-11-16,3.6262269020080566,3.6440680027008057,3.595004081726074,3.6351470947265625,3.3564906120300293,597941
2012-11-19,3.6574490070343018,3.702052116394043,3.6217660903930664,3.670830011367798,3.3894386291503906,416115
2012-11-20,3.6574490070343018,3.6574490070343018,3.5727028846740723,3.6083850860595703,3.3317806720733643,365446
2012-11-21,3.6440680027008057,3.6619091033935547,3.595004081726074,3.6306869983673096,3.352372884750366,790753
2012-11-23,3.6529879570007324,3.702052116394043,3.6440680027008057,3.702052116394043,3.4182674884796143,216577
2012-11-26,3.6574490070343018,3.728813886642456,3.6485280990600586,3.688671112060547,3.405912160873413,558706
2012-11-27,3.7109720706939697,3.7734169960021973,3.6975910663604736,3.755574941635132,3.4676871299743652,506692
2012-11-28,3.733273983001709,3.760035991668701,3.706511974334717,3.751115083694458,3.463569164276123,311190
2012-11-29,3.7912580966949463,3.8626229763031006,3.782336950302124,3.8358609676361084,3.541818380355835,1034683
2012-11-30,3.844780921936035,3.9027650356292725,3.77787709236145,3.9027650356292725,3.6035943031311035,1692037
2012-12-03,3.920607089996338,3.9250669479370117,3.8180201053619385,3.8670830726623535,3.5706474781036377,1052843
2012-12-04,3.8314011096954346,3.8670830726623535,3.7912580966949463,3.8403210639953613,3.5459370613098145,644127
2012-12-05,3.8046391010284424,3.8893840312957764,3.764496088027954,3.8581619262695312,3.5624098777770996,740757
2012-12-06,3.8269400596618652,3.8938450813293457,3.7867980003356934,3.8893840312957764,3.5912392139434814,704436
2012-12-07,3.8893840312957764,3.8893840312957764,3.800178050994873,3.809098958969116,3.51710844039917,459610
2012-12-10,3.8180201053619385,3.9161460399627686,3.813559055328369,3.9027650356292725,3.6035943031311035,701746
2012-12-11,3.8760039806365967,3.933988094329834,3.8581619262695312,3.8804640769958496,3.5830025672912598,935811
2012-12-12,3.844780921936035,3.9295270442962646,3.800178050994873,3.8983049392700195,3.5994760990142822,568123
2012-12-13,3.8804640769958496,3.8893840312957764,3.8403210639953613,3.8670830726623535,3.5706474781036377,721476
2012-12-14,3.8492419719696045,3.8938450813293457,3.8358609676361084,3.8804640769958496,3.5830025672912598,578884
2012-12-17,3.8849239349365234,3.8983049392700195,3.8403210639953613,3.8715429306030273,3.57476544380188,705782
2012-12-18,3.8760039806365967,3.8893840312957764,3.8358609676361084,3.8804640769958496,3.5830025672912598,945900
2012-12-19,3.907226085662842,3.9607489109039307,3.8983049392700195,3.933988094329834,3.6324238777160645,1075936
2012-12-20,3.8983049392700195,3.9607489109039307,3.8849239349365234,3.9607489109039307,3.657133102416992,946348
2012-12-21,3.9116859436035156,3.933988094329834,3.8492419719696045,3.920607089996338,3.6200687885284424,1178619
2012-12-24,3.938447952270508,3.938447952270508,3.8537020683288574,3.8849239349365234,3.58712100982666,392126
2012-12-26,3.9027650356292725,3.9429080486297607,3.8581619262695312,3.8938450813293457,3.595357894897461,868999
2012-12-27,3.8804640769958496,3.920607089996338,3.8537020683288574,3.9116859436035156,3.6118316650390625,808017
2012-12-28,3.8983049392700195,3.933988094329834,3.8670830726623535,3.8760039806365967,3.5788848400115967,630226
2012-12-31,3.8537020683288574,3.9250669479370117,3.844780921936035,3.907226085662842,3.607713460922241,820796
2013-01-02,3.969670057296753,4.005352020263672,3.9250669479370117,3.991971015930176,3.685962200164795,793444
2013-01-03,3.983051061630249,4.049954891204834,3.9652099609375,4.02765417098999,3.718909978866577,885814
2013-01-04,4.041035175323486,4.041035175323486,3.956289052963257,3.987510919570923,3.6818439960479736,883796
2013-01-07,3.996432065963745,4.041035175323486,3.9741299152374268,4.009812831878662,3.7024359703063965,711835
2013-01-08,3.978590965270996,4.000892162322998,3.951828956604004,3.951828956604004,3.648897171020508,719906
2013-01-09,3.951828956604004,4.0677971839904785,3.9473679065704346,4.054416179656982,3.7436203956604004,972131
2013-01-10,4.081178188323975,4.103478908538818,4.018733024597168,4.094557762145996,3.780684471130371,1262470
2013-01-11,4.237287998199463,4.460302829742432,4.228367805480957,4.362176895141602,4.027790069580078,2450954
2013-01-14,4.3532562255859375,4.411240100860596,4.335414886474609,4.3978590965271,4.060736179351807,1397887
2013-01-15,4.366637229919434,4.388937950134277,4.290812015533447,4.38001823425293,4.044261932373047,1755038
2013-01-16,4.362176895141602,4.4469218254089355,4.308652877807617,4.313113212585449,3.982487201690674,2041565
2013-01-17,4.393398761749268,4.4335408210754395,4.371097087860107,4.42016077041626,4.081328392028809,1563795
2013-01-18,4.014273166656494,4.1480817794799805,4.014273166656494,4.103478908538818,3.788922071456909,3915429
2013-01-22,4.103478908538818,4.1302409172058105,4.06333589553833,4.107938766479492,3.7930400371551514,1433086
2013-01-23,4.076716899871826,4.1302409172058105,4.058876037597656,4.1168599128723145,3.816610097885132,1224356
2013-01-24,4.134700775146484,4.1480817794799805,4.103478908538818,4.125781059265137,3.8248813152313232,792771
2013-01-25,4.1525421142578125,4.210525989532471,4.1302409172058105,4.206066131591797,3.899311065673828,1219200
2013-01-28,4.223906993865967,4.237287998199463,4.197144985198975,4.214986801147461,3.907581329345703,1006210
2013-01-29,4.206066131591797,4.206066131591797,4.121319770812988,4.179304122924805,3.874500274658203,755106
2013-01-30,4.237287998199463,4.237287998199463,4.179304122924805,4.228367805480957,3.919985055923462,1034907
2013-01-31,4.192685127258301,4.286351203918457,4.192685127258301,4.223906993865967,3.9158504009246826,1094096
2013-02-01,4.255128860473633,4.281890869140625,4.206066131591797,4.259590148925781,3.9489307403564453,648611
2013-02-04,4.219447135925293,4.286351203918457,4.165923118591309,4.188224792480469,3.882770299911499,1375915
2013-02-05,4.197144985198975,4.237287998199463,4.197144985198975,4.232828140258789,3.9241209030151367,984911
2013-02-06,4.192685127258301,4.223906993865967,4.170383930206299,4.201605796813965,3.895174980163574,656906
2013-02-07,4.1837639808654785,4.197144985198975,4.1168599128723145,4.161462783813477,3.8579604625701904,758917
2013-02-08,4.192685127258301,4.255128860473633,4.188224792480469,4.232828140258789,3.9241209030151367,978857
2013-02-11,4.201605796813965,4.219447135925293,4.1480817794799805,4.157002925872803,3.8538248538970947,733358
2013-02-12,4.170383930206299,4.197144985198975,4.139161109924316,4.179304122924805,3.874500274658203,974597
2013-02-13,4.161462783813477,4.174843788146973,4.1302409172058105,4.139161109924316,3.837284803390503,720355
2013-02-14,4.094557762145996,4.103478908538818,4.018733024597168,4.0990190505981445,3.8000707626342773,1162253
2013-02-15,4.085638046264648,4.125781059265137,4.072257041931152,4.103478908538818,3.8042047023773193,578660
2013-02-19,4.1837639808654785,4.188224792480469,4.112400054931641,4.1480817794799805,3.845555543899536,763849
2013-02-20,4.161462783813477,4.170383930206299,4.1168599128723145,4.134700775146484,3.8331499099731445,1047238
2013-02-21,4.1168599128723145,4.121319770812988,4.018733024597168,4.058876037597656,3.762855052947998,1194538
2013-02-22,4.134700775146484,4.232828140258789,4.134700775146484,4.219447135925293,3.911715507507324,2374278
2013-02-25,4.241747856140137,4.295271873474121,4.206066131591797,4.228367805480957,3.919985055923462,1909511
2013-02-26,4.241747856140137,4.241747856140137,4.125781059265137,4.174843788146973,3.8703653812408447,1784408
2013-02-27,4.174843788146973,4.304193019866943,4.1525421142578125,4.286351203918457,3.973740577697754,2491535
2013-02-28,4.264050006866455,4.322033882141113,4.228367805480957,4.281890869140625,3.9696052074432373,2930742
2013-03-01,4.272971153259277,4.335414886474609,4.210525989532471,4.304193019866943,3.9902799129486084,1706162
2013-03-04,4.268509864807129,4.295271873474121,4.192685127258301,4.286351203918457,3.973740577697754,855547
2013-03-05,4.344335079193115,4.438002109527588,4.3175740242004395,4.362176895141602,4.044035911560059,1594286
2013-03-06,4.42016077041626,4.442461967468262,4.406779766082764,4.438002109527588,4.114330291748047,1651233
2013-03-07,4.460302829742432,4.50044584274292,4.4156999588012695,4.491525173187256,4.163949966430664,2357463
2013-03-08,4.491525173187256,4.522747993469238,4.451383113861084,4.504906177520752,4.176355361938477,1122345
2013-03-11,4.478145122528076,4.509366989135742,4.371097087860107,4.504906177520752,4.176355361938477,965181
2013-03-12,4.522747993469238,4.522747993469238,4.406779766082764,4.424621105194092,4.101926326751709,893661
2013-03-13,4.455842971801758,4.48260498046875,4.411240100860596,4.469223976135254,4.143275737762451,892092
2013-03-14,4.491525173187256,4.491525173187256,4.42016077041626,4.478145122528076,4.151546955108643,834472
2013-03-15,4.473683834075928,4.518287181854248,4.42016077041626,4.424621105194092,4.101926326751709,2287737
2013-03-18,4.411240100860596,4.48260498046875,4.38001823425293,4.442461967468262,4.118465900421143,1248570
2013-03-19,4.438002109527588,4.438002109527588,4.375557899475098,4.3844780921936035,4.064709663391113,1112929
2013-03-20,4.3978590965271,4.4156999588012695,4.3844780921936035,4.406779766082764,4.085385799407959,825953
2013-03-21,4.38001823425293,4.442461967468262,4.38001823425293,4.42016077041626,4.097790718078613,1033562
2013-03-22,4.424621105194092,4.451383113861084,4.393398761749268,4.42016077041626,4.097790718078613,620586
2013-03-25,4.3844780921936035,4.451383113861084,4.366637229919434,4.406779766082764,4.085385799407959,829316
2013-03-26,4.455842971801758,4.478145122528076,4.406779766082764,4.4335408210754395,4.110194683074951,735376
2013-03-27,4.4156999588012695,4.455842971801758,4.362176895141602,4.375557899475098,4.056440353393555,642109
2013-03-28,4.3978590965271,4.518287181854248,4.388937950134277,4.504906177520752,4.176355361938477,1420531
2013-04-01,4.4469218254089355,4.473683834075928,4.3978590965271,4.406779766082764,4.085385799407959,666995
2013-04-02,4.495985984802246,4.594111919403076,4.491525173187256,4.58073091506958,4.246649742126465,1787547
2013-04-03,4.5673508644104,4.6164140701293945,4.455842971801758,4.495985984802246,4.168086528778076,1454385
2013-04-04,4.48260498046875,4.50044584274292,4.388937950134277,4.451383113861084,4.126736640930176,1679706
2013-04-05,4.469223976135254,4.487064838409424,4.335414886474609,4.487064838409424,4.159815311431885,2415755
2013-04-08,4.589652061462402,4.589652061462402,4.335414886474609,4.357716083526611,4.039900779724121,3431829
2013-04-09,4.409999847412109,4.46999979019165,4.315000057220459,4.380000114440918,4.0605597496032715,1731400
2013-04-10,4.414999961853027,4.610000133514404,4.385000228881836,4.599999904632568,4.264513969421387,1859800
2013-04-11,4.559999942779541,4.610000133514404,4.525000095367432,4.574999809265137,4.241336822509766,1162800
2013-04-12,4.369999885559082,4.394999980926514,4.28000020980835,4.349999904632568,4.0327467918396,1634800
2013-04-15,4.264999866485596,4.295000076293945,4.204999923706055,4.224999904632568,3.916863203048706,1017400
2013-04-16,4.304999828338623,4.34499979019165,4.210000038146973,4.295000076293945,3.981757879257202,1060600
2013-04-17,4.235000133514404,4.235000133514404,4.144999980926514,4.179999828338623,3.875145435333252,1129000
2013-04-18,4.199999809265137,4.260000228881836,4.179999828338623,4.239999771118164,3.9307689666748047,1578600
2013-04-19,4.184999942779541,4.195000171661377,3.950000047683716,4.065000057220459,3.7685325145721436,1757800
2013-04-22,3.8350000381469727,3.9200000762939453,3.7850000858306885,3.9049999713897705,3.620201349258423,2826800
2013-04-23,3.924999952316284,4.014999866485596,3.8949999809265137,3.934999942779541,3.6480138301849365,1960200
2013-04-24,3.944999933242798,3.9600000381469727,3.890000104904175,3.9200000762939453,3.634107828140259,1152600
2013-04-25,3.865000009536743,3.930000066757202,3.8350000381469727,3.859999895095825,3.5784831047058105,1392800
2013-04-26,3.8399999141693115,3.9200000762939453,3.7899999618530273,3.825000047683716,3.5460362434387207,1475800
2013-04-29,3.9000000953674316,3.944999933242798,3.8550000190734863,3.865000009536743,3.5831193923950195,1386000
2013-04-30,3.9549999237060547,3.994999885559082,3.9100000858306885,3.994999885559082,3.7036375999450684,1806600
2013-05-01,3.9549999237060547,3.984999895095825,3.890000104904175,3.9000000953674316,3.6155660152435303,721600
2013-05-02,3.950000047683716,3.9600000381469727,3.9149999618530273,3.924999952316284,3.638742685317993,1663200
2013-05-03,3.9700000286102295,4.050000190734863,3.9549999237060547,4.039999961853027,3.7453560829162598,1173200
2013-05-06,4.079999923706055,4.099999904632568,4.019999980926514,4.03000020980835,3.7360851764678955,564000
2013-05-07,3.990000009536743,4.03000020980835,3.944999933242798,4.014999866485596,3.7221789360046387,600400
2013-05-08,4.010000228881836,4.090000152587891,3.9749999046325684,4.074999809265137,3.7778029441833496,986400
2013-05-09,4.070000171661377,4.070000171661377,4.010000228881836,4.03000020980835,3.7360851764678955,723800
2013-05-10,4.010000228881836,4.050000190734863,3.9749999046325684,3.994999885559082,3.7036375999450684,892400
2013-05-13,3.934999942779541,3.9800000190734863,3.9149999618530273,3.944999933242798,3.657284736633301,644200
2013-05-14,3.934999942779541,3.9600000381469727,3.890000104904175,3.8949999809265137,3.6109306812286377,971000
2013-05-15,3.9049999713897705,3.9600000381469727,3.890000104904175,3.944999933242798,3.657284736633301,1214800
2013-05-16,3.944999933242798,3.9549999237060547,3.859999895095825,3.865000009536743,3.5831193923950195,860400
2013-05-17,3.8949999809265137,3.9649999141693115,3.865000009536743,3.940000057220459,3.652648687362671,694400
2013-05-20,3.940000057220459,3.9700000286102295,3.8450000286102295,3.890000104904175,3.6062963008880615,1121000
2013-05-21,3.884999990463257,3.9200000762939453,3.875,3.9049999713897705,3.620201349258423,1000400
2013-05-22,3.9149999618530273,3.994999885559082,3.9000000953674316,3.924999952316284,3.638742685317993,1693600
2013-05-23,3.9100000858306885,3.924999952316284,3.875,3.9100000858306885,3.6248369216918945,1519800
2013-05-24,3.884999990463257,3.9000000953674316,3.8299999237060547,3.880000114440918,3.597024917602539,1190000
2013-05-28,3.9549999237060547,3.990000009536743,3.9100000858306885,3.9700000286102295,3.6804611682891846,1393000
2013-05-29,3.950000047683716,3.9749999046325684,3.9200000762939453,3.9549999237060547,3.666555404663086,1141200
2013-05-30,3.9549999237060547,3.9700000286102295,3.9000000953674316,3.9149999618530273,3.629472494125366,999600
2013-05-31,3.890000104904175,3.9200000762939453,3.7899999618530273,3.815000057220459,3.5367655754089355,2235200
2013-06-03,3.815000057220459,3.9000000953674316,3.809999942779541,3.825000047683716,3.5460362434387207,1743600
2013-06-04,3.8450000286102295,3.9200000762939453,3.809999942779541,3.815000057220459,3.5367655754089355,1035600
2013-06-05,3.799999952316284,3.809999942779541,3.740000009536743,3.75,3.476506233215332,1353200
2013-06-06,3.7899999618530273,3.805000066757202,3.7300000190734863,3.75,3.476506233215332,767600
2013-06-07,3.7750000953674316,3.799999952316284,3.744999885559082,3.7850000858306885,3.50895357131958,482200
2013-06-10,3.825000047683716,3.859999895095825,3.7300000190734863,3.734999895095825,3.462599754333496,712800
2013-06-11,3.7200000286102295,3.744999885559082,3.6700000762939453,3.7100000381469727,3.4394235610961914,716600
2013-06-12,3.7249999046325684,3.765000104904175,3.674999952316284,3.694999933242798,3.4255175590515137,690600
2013-06-13,3.6449999809265137,3.684999942779541,3.630000114440918,3.680000066757202,3.411611318588257,1708600
2013-06-14,3.674999952316284,3.694999933242798,3.630000114440918,3.6500000953674316,3.3837995529174805,1353400
2013-06-17,3.6649999618530273,3.740000009536743,3.6500000953674316,3.7249999046325684,3.453329086303711,771600
2013-06-18,3.75,3.7750000953674316,3.684999942779541,3.690000057220459,3.420881986618042,666800
2013-06-19,3.700000047683716,3.740000009536743,3.630000114440918,3.630000114440918,3.365257978439331,1113000
2013-06-20,3.634999990463257,3.6549999713897705,3.5350000858306885,3.5450000762939453,3.286457061767578,1341400
2013-06-21,3.5999999046325684,3.634999990463257,3.549999952316284,3.5899999141693115,3.3281755447387695,1789200
2013-06-24,3.549999952316284,3.569999933242798,3.4549999237060547,3.5199999809265137,3.2632803916931152,1999000
2013-06-25,3.5399999618530273,3.6050000190734863,3.5399999618530273,3.5999999046325684,3.3374454975128174,915600
2013-06-26,3.5950000286102295,3.5999999046325684,3.5199999809265137,3.5399999618530273,3.324298858642578,719400
2013-06-27,3.575000047683716,3.609999895095825,3.5450000762939453,3.5950000286102295,3.3759472370147705,1013600
2013-06-28,3.609999895095825,3.674999952316284,3.5899999141693115,3.640000104904175,3.418205976486206,1284000
2013-07-01,3.684999942779541,3.7049999237060547,3.619999885559082,3.6649999618530273,3.441682815551758,1057000
2013-07-02,3.6500000953674316,3.6700000762939453,3.609999895095825,3.6549999713897705,3.4322917461395264,1622800
2013-07-03,3.5999999046325684,3.7750000953674316,3.5399999618530273,3.6600000858306885,3.4369869232177734,3516000
2013-07-05,3.684999942779541,3.740000009536743,3.6649999618530273,3.7149999141693115,3.488635540008545,2309800
2013-07-08,3.734999895095825,3.744999885559082,3.700000047683716,3.7300000190734863,3.5027217864990234,742800
2013-07-09,3.734999895095825,3.75,3.690000057220459,3.7300000190734863,3.5027217864990234,1289000
2013-07-10,3.759999990463257,3.7799999713897705,3.7249999046325684,3.7699999809265137,3.5402846336364746,1811000
2013-07-11,3.805000066757202,3.880000114440918,3.805000066757202,3.865000009536743,3.6294963359832764,1006000
2013-07-12,3.924999952316284,3.9749999046325684,3.8949999809265137,3.9200000762939453,3.681144952774048,1233200
2013-07-15,3.9200000762939453,3.990000009536743,3.9049999713897705,3.9800000190734863,3.7374889850616455,1085800
2013-07-16,3.9700000286102295,3.990000009536743,3.944999933242798,3.9649999141693115,3.723402976989746,975400
2013-07-17,4.0,4.014999866485596,3.9549999237060547,4.0,3.756270170211792,1315000
2013-07-18,3.9749999046325684,4.059999942779541,3.9649999141693115,4.03000020980835,3.784442186355591,1043000
2013-07-19,4.050000190734863,4.065000057220459,4.0,4.019999980926514,3.7750511169433594,585800
2013-07-22,4.039999961853027,4.09499979019165,3.994999885559082,4.074999809265137,3.8266994953155518,675200
2013-07-23,4.090000152587891,4.090000152587891,3.9549999237060547,4.039999961853027,3.793832778930664,1824000
2013-07-24,4.090000152587891,4.130000114440918,4.059999942779541,4.085000038146973,3.836090564727783,801200
2013-07-25,4.065000057220459,4.139999866485596,4.0,4.119999885559082,3.8689589500427246,1882400
2013-07-26,4.135000228881836,4.15500020980835,4.085000038146973,4.125,3.8736534118652344,2456800
2013-07-29,4.210000038146973,4.244999885559082,4.159999847412109,4.195000171661377,3.9393882751464844,3312400
2013-07-30,4.230000019073486,4.260000228881836,4.199999809265137,4.230000019073486,3.9722557067871094,1856200
2013-07-31,4.230000019073486,4.335000038146973,4.230000019073486,4.309999942779541,4.0473809242248535,2158600
2013-08-01,4.320000171661377,4.414999961853027,4.320000171661377,4.394999980926514,4.127202033996582,2379000
2013-08-02,4.364999771118164,4.414999961853027,4.364999771118164,4.400000095367432,4.131897449493408,1519800
2013-08-05,4.449999809265137,4.534999847412109,4.440000057220459,4.494999885559082,4.221108436584473,2246200
2013-08-06,4.505000114440918,4.505000114440918,4.440000057220459,4.440000057220459,4.169459819793701,2123400
2013-08-07,4.409999847412109,4.474999904632568,4.369999885559082,4.425000190734863,4.155374526977539,1515000
2013-08-08,4.460000038146973,4.519999980926514,4.400000095367432,4.505000114440918,4.2305006980896,1537200
2013-08-09,4.489999771118164,4.534999847412109,4.465000152587891,4.514999866485596,4.239889144897461,613000
2013-08-12,4.525000095367432,4.590000152587891,4.494999885559082,4.579999923706055,4.300929546356201,2000200
2013-08-13,4.639999866485596,4.809999942779541,4.635000228881836,4.804999828338623,4.512218952178955,2044400
2013-08-14,4.730000019073486,4.795000076293945,4.670000076293945,4.784999847412109,4.493437767028809,2000200
2013-08-15,4.744999885559082,4.755000114440918,4.675000190734863,4.710000038146973,4.423008441925049,777600
2013-08-16,4.644999980926514,4.735000133514404,4.614999771118164,4.695000171661377,4.40892219543457,1400000
2013-08-19,4.635000228881836,4.710000038146973,4.599999904632568,4.65500020980835,4.371358871459961,1554000
2013-08-20,4.650000095367432,4.650000095367432,4.59499979019165,4.605000019073486,4.324406147003174,1585400
2013-08-21,4.570000171661377,4.579999923706055,4.394999980926514,4.409999847412109,4.1412882804870605,2369800
2013-08-22,4.425000190734863,4.46999979019165,4.425000190734863,4.460000038146973,4.188241481781006,1207600
2013-08-23,4.489999771118164,4.565000057220459,4.46999979019165,4.565000057220459,4.2868428230285645,1770200
2013-08-26,4.59499979019165,4.614999771118164,4.545000076293945,4.585000038146973,4.305624961853027,1019800
2013-08-27,4.514999866485596,4.539999961853027,4.434999942779541,4.46999979019165,4.1976318359375,1554600
2013-08-28,4.494999885559082,4.590000152587891,4.485000133514404,4.570000171661377,4.291538238525391,1997800
2013-08-29,4.534999847412109,4.599999904632568,4.505000114440918,4.534999847412109,4.258671283721924,1031400
2013-08-30,4.545000076293945,4.550000190734863,4.494999885559082,4.510000228881836,4.235193729400635,1751800
2013-09-03,4.5,4.505000114440918,4.434999942779541,4.445000171661377,4.1741557121276855,780000
2013-09-04,4.474999904632568,4.684999942779541,4.474999904632568,4.659999847412109,4.376053810119629,2296400
2013-09-05,4.639999866485596,4.71999979019165,4.619999885559082,4.675000190734863,4.390140533447266,1110000
2013-09-06,4.690000057220459,4.724999904632568,4.630000114440918,4.675000190734863,4.390140533447266,877600
2013-09-09,4.690000057220459,5.045000076293945,4.690000057220459,5.019999980926514,4.714118480682373,3589000
2013-09-10,4.974999904632568,4.980000019073486,4.795000076293945,4.894999980926514,4.596735954284668,2611600
2013-09-11,4.920000076293945,5.079999923706055,4.885000228881836,5.074999809265137,4.7657670974731445,2434800
2013-09-12,5.074999809265137,5.105000019073486,4.925000190734863,4.925000190734863,4.62490701675415,2738000
2013-09-13,4.75,4.90500020980835,4.744999885559082,4.869999885559082,4.573258876800537,1860400
2013-09-16,4.849999904632568,4.96999979019165,4.840000152587891,4.914999961853027,4.615516662597656,1925200
2013-09-17,4.985000133514404,5.119999885559082,4.974999904632568,5.090000152587891,4.7798542976379395,1840400
2013-09-18,5.099999904632568,5.210000038146973,5.070000171661377,5.210000038146973,4.892541408538818,1612800
2013-09-19,5.210000038146973,5.25,5.159999847412109,5.170000076293945,4.854978561401367,1298000
2013-09-20,5.105000019073486,5.170000076293945,5.079999923706055,5.085000038146973,4.775158405303955,1988800
2013-09-23,5.079999923706055,5.21999979019165,5.079999923706055,5.175000190734863,4.859675407409668,1415200
2013-09-24,5.114999771118164,5.224999904632568,5.034999847412109,5.159999847412109,4.845588207244873,1029600
2013-09-25,5.135000228881836,5.21999979019165,5.119999885559082,5.179999828338623,4.8643693923950195,480800
2013-09-26,5.199999809265137,5.349999904632568,5.199999809265137,5.315000057220459,4.991143703460693,1370200
2013-09-27,5.230000019073486,5.230000019073486,5.099999904632568,5.144999980926514,4.831502914428711,1927800
2013-09-30,5.065000057220459,5.184999942779541,5.034999847412109,5.130000114440918,4.817416191101074,1310400
2013-10-01,5.125,5.215000152587891,5.090000152587891,5.15500020980835,4.840892791748047,1294200
2013-10-02,5.15500020980835,5.25,5.130000114440918,5.25,4.9301042556762695,1494800
2013-10-03,5.295000076293945,5.315000057220459,5.215000152587891,5.260000228881836,4.93949556350708,629600
2013-10-04,5.199999809265137,5.309999942779541,5.199999809265137,5.289999961853027,4.967667579650879,646000
2013-10-07,5.275000095367432,5.275000095367432,5.065000057220459,5.260000228881836,4.93949556350708,919800
2013-10-08,5.275000095367432,5.28000020980835,5.150000095367432,5.179999828338623,4.8643693923950195,1479000
2013-10-09,5.150000095367432,5.244999885559082,5.130000114440918,5.210000038146973,4.892541408538818,2005800
2013-10-10,5.28000020980835,5.445000171661377,5.275000095367432,5.394999980926514,5.066268444061279,1614400
2013-10-11,5.489999771118164,5.659999847412109,5.454999923706055,5.659999847412109,5.315121173858643,1530400
2013-10-14,5.635000228881836,5.809999942779541,5.619999885559082,5.795000076293945,5.441896915435791,1726600
2013-10-15,5.755000114440918,5.800000190734863,5.664999961853027,5.670000076293945,5.324512004852295,1105000
2013-10-16,5.704999923706055,5.880000114440918,5.690000057220459,5.860000133514404,5.50293493270874,2111400
2013-10-17,5.695000171661377,5.840000152587891,5.630000114440918,5.71999979019165,5.371464729309082,2734600
2013-10-18,5.78000020980835,5.800000190734863,5.724999904632568,5.78000020980835,5.427810192108154,1277600
2013-10-21,5.809999942779541,5.84499979019165,5.739999771118164,5.78000020980835,5.427810192108154,1448400
2013-10-22,5.965000152587891,5.985000133514404,5.565000057220459,5.670000076293945,5.324512004852295,2727400
2013-10-23,5.53000020980835,5.710000038146973,5.449999809265137,5.625,5.282255172729492,1610000
2013-10-24,5.460000038146973,5.559999942779541,5.425000190734863,5.510000228881836,5.174261569976807,2968200
2013-10-25,5.574999809265137,5.599999904632568,5.489999771118164,5.554999828338623,5.216519355773926,1538400
2013-10-28,5.579999923706055,5.625,5.554999828338623,5.590000152587891,5.249387741088867,1137800
2013-10-29,5.625,5.650000095367432,5.59499979019165,5.630000114440918,5.286949634552002,689200
2013-10-30,5.650000095367432,5.664999961853027,5.519999980926514,5.59499979019165,5.254081726074219,1492600
2013-10-31,5.610000133514404,5.635000228881836,5.53000020980835,5.550000190734863,5.211824893951416,2147800
2013-11-01,5.605000019073486,5.65500020980835,5.550000190734863,5.614999771118164,5.272864818572998,1508000
2013-11-04,5.650000095367432,5.650000095367432,5.545000076293945,5.585000038146973,5.244691371917725,606400
2013-11-05,5.585000038146973,5.610000133514404,5.525000095367432,5.565000057220459,5.225910663604736,559000
2013-11-06,5.574999809265137,5.635000228881836,5.534999847412109,5.614999771118164,5.272864818572998,2034800
2013-11-07,5.605000019073486,5.619999885559082,5.514999866485596,5.570000171661377,5.230606555938721,1624800
2013-11-08,5.570000171661377,5.699999809265137,5.545000076293945,5.59499979019165,5.254081726074219,1806200
2013-11-11,5.574999809265137,5.574999809265137,5.505000114440918,5.565000057220459,5.225910663604736,1270600
2013-11-12,5.539999961853027,5.59499979019165,5.534999847412109,5.59499979019165,5.254081726074219,1927200
2013-11-13,5.550000190734863,5.644999980926514,5.525000095367432,5.625,5.282255172729492,2061000
2013-11-14,5.614999771118164,5.735000133514404,5.599999904632568,5.710000038146973,5.362074851989746,1481200
2013-11-15,5.724999904632568,5.829999923706055,5.679999828338623,5.829999923706055,5.474763870239258,1039200
2013-11-18,5.869999885559082,5.989999771118164,5.840000152587891,5.914999961853027,5.55458402633667,1776400
2013-11-19,5.889999866485596,5.929999828338623,5.760000228881836,5.835000038146973,5.479458808898926,1862600
2013-11-20,5.835000038146973,5.840000152587891,5.679999828338623,5.704999923706055,5.357380390167236,1654200
2013-11-21,5.710000038146973,5.710000038146973,5.625,5.659999847412109,5.315121173858643,2289600
2013-11-22,5.639999866485596,5.84499979019165,5.599999904632568,5.789999961853027,5.437200546264648,1654400
2013-11-25,5.795000076293945,5.820000171661377,5.724999904632568,5.769999980926514,5.4184184074401855,1476800
2013-11-26,5.75,5.789999961853027,5.664999961853027,5.724999904632568,5.376161575317383,1280200
2013-11-27,5.75,5.824999809265137,5.730000019073486,5.739999771118164,5.3902459144592285,944000
2013-11-29,5.78000020980835,5.894999980926514,5.710000038146973,5.835000038146973,5.479458808898926,1119800
2013-12-02,5.784999847412109,5.885000228881836,5.724999904632568,5.760000228881836,5.409029006958008,862000
2013-12-03,5.730000019073486,5.75,5.650000095367432,5.695000171661377,5.347989082336426,1195800
2013-12-04,5.704999923706055,5.795000076293945,5.699999809265137,5.760000228881836,5.409029006958008,1059400
2013-12-05,5.760000228881836,5.824999809265137,5.699999809265137,5.795000076293945,5.441896915435791,1467400
2013-12-06,5.860000133514404,5.965000152587891,5.809999942779541,5.954999923706055,5.592147350311279,1500000
2013-12-09,5.980000019073486,6.070000171661377,5.954999923706055,6.014999866485596,5.6484904289245605,2078600
2013-12-10,6.019999980926514,6.054999828338623,5.965000152587891,6.005000114440918,5.639100551605225,1156600
2013-12-11,6.010000228881836,6.195000171661377,5.934999942779541,5.934999942779541,5.573365211486816,2251400
2013-12-12,5.889999866485596,5.914999961853027,5.824999809265137,5.824999809265137,5.470067501068115,1362600
2013-12-13,5.849999904632568,5.894999980926514,5.800000190734863,5.849999904632568,5.493544101715088,1170200
2013-12-16,5.864999771118164,5.96999979019165,5.860000133514404,5.929999828338623,5.568670272827148,1224600
2013-12-17,5.909999847412109,5.974999904632568,5.885000228881836,5.889999866485596,5.531108379364014,861400
2013-12-18,5.900000095367432,5.994999885559082,5.864999771118164,5.980000019073486,5.61562442779541,480800
2013-12-19,6.0,6.079999923706055,5.96999979019165,6.070000171661377,5.700139999389648,627400
2013-12-20,6.119999885559082,6.295000076293945,6.114999771118164,6.244999885559082,5.864477157592773,1701800
2013-12-23,5.909999847412109,6.329999923706055,5.840000152587891,6.304999828338623,5.920820236206055,1077200
2013-12-24,6.275000095367432,6.324999809265137,6.244999885559082,6.275000095367432,5.892648220062256,281800
2013-12-26,6.275000095367432,6.295000076293945,6.230000019073486,6.269999980926514,5.8879523277282715,535000
2013-12-27,6.300000190734863,6.300000190734863,6.260000228881836,6.269999980926514,5.8879523277282715,659200
2013-12-30,6.215000152587891,6.300000190734863,6.15500020980835,6.255000114440918,5.873867511749268,623800
2013-12-31,6.239999771118164,6.329999923706055,6.239999771118164,6.295000076293945,5.911430835723877,588600
2014-01-02,6.235000133514404,6.25,6.110000133514404,6.164999961853027,5.789351463317871,440800
2014-01-03,6.204999923706055,6.34499979019165,6.195000171661377,6.324999809265137,5.939602375030518,1078200
2014-01-06,6.34499979019165,6.34499979019165,6.119999885559082,6.190000057220459,5.8128275871276855,2801200
2014-01-07,6.210000038146973,6.275000095367432,6.139999866485596,6.170000076293945,5.794046401977539,2304600
2014-01-08,6.130000114440918,6.224999904632568,6.130000114440918,6.215000152587891,5.836305618286133,1551000
2014-01-09,6.195000171661377,6.239999771118164,6.125,6.21999979019165,5.840998649597168,1770400
2014-01-10,6.235000133514404,6.409999847412109,6.230000019073486,6.40500020980835,6.014728546142578,1450000
2014-01-13,6.420000076293945,6.514999866485596,6.400000095367432,6.429999828338623,6.038204669952393,1248400
2014-01-14,6.414999961853027,6.454999923706055,6.380000114440918,6.429999828338623,6.038204669952393,983400
2014-01-15,6.429999828338623,6.454999923706055,6.355000019073486,6.385000228881836,5.995945930480957,1133000
2014-01-16,6.400000095367432,6.769999980926514,6.400000095367432,6.760000228881836,6.3480963706970215,3594200
2014-01-17,6.449999809265137,6.78000020980835,6.315000057220459,6.710000038146973,6.301143646240234,3050800
2014-01-21,6.795000076293945,6.835000038146973,6.599999904632568,6.695000171661377,6.309625148773193,1167600
2014-01-22,6.715000152587891,6.789999961853027,6.704999923706055,6.760000228881836,6.370882987976074,803800
2014-01-23,6.690000057220459,6.730000019073486,6.644999980926514,6.710000038146973,6.323761940002441,1425200
2014-01-24,6.644999980926514,6.65500020980835,6.440000057220459,6.440000057220459,6.069303512573242,1464000
2014-01-27,6.409999847412109,6.474999904632568,6.360000133514404,6.375,6.0080437660217285,807400
2014-01-28,6.429999828338623,6.550000190734863,6.420000076293945,6.519999980926514,6.144697666168213,671000
2014-01-29,6.46999979019165,6.539999961853027,6.425000190734863,6.440000057220459,6.069303512573242,858600
2014-01-30,6.5,6.59499979019165,6.465000152587891,6.53000020980835,6.154122829437256,748200
2014-01-31,6.46999979019165,6.514999866485596,6.400000095367432,6.46999979019165,6.097575664520264,955800
2014-02-03,6.449999809265137,6.485000133514404,6.260000228881836,6.28000020980835,5.918513774871826,1436800
2014-02-04,6.324999809265137,6.414999961853027,6.260000228881836,6.34499979019165,5.979771614074707,2482400
2014-02-05,6.309999942779541,6.320000171661377,6.199999809265137,6.269999980926514,5.909087657928467,1610400
2014-02-06,6.309999942779541,6.389999866485596,6.295000076293945,6.340000152587891,5.97506046295166,2289400
2014-02-07,6.335000038146973,6.445000171661377,6.335000038146973,6.425000190734863,6.055167198181152,1031400
2014-02-10,6.420000076293945,6.454999923706055,6.385000228881836,6.425000190734863,6.055167198181152,565800
2014-02-11,6.460000038146973,6.489999771118164,6.389999866485596,6.425000190734863,6.055167198181152,1840000
2014-02-12,6.429999828338623,6.434999942779541,6.375,6.394999980926514,6.0268940925598145,1006200
2014-02-13,6.304999828338623,6.449999809265137,6.264999866485596,6.445000171661377,6.0740156173706055,1105600
2014-02-14,6.440000057220459,6.510000228881836,6.434999942779541,6.485000133514404,6.111713409423828,649200
2014-02-18,6.489999771118164,6.550000190734863,6.480000019073486,6.510000228881836,6.135273456573486,422600
2014-02-19,6.514999866485596,6.614999771118164,6.494999885559082,6.510000228881836,6.135273456573486,1104400
2014-02-20,6.534999847412109,6.565000057220459,6.465000152587891,6.554999828338623,6.1776838302612305,1069600
2014-02-21,6.550000190734863,6.65500020980835,6.550000190734863,6.639999866485596,6.257791042327881,461200
2014-02-24,6.675000190734863,6.90500020980835,6.664999961853027,6.849999904632568,6.455702781677246,1581600
2014-02-25,6.875,6.90500020980835,6.849999904632568,6.880000114440918,6.4839768409729,1081000
2014-02-26,6.889999866485596,7.130000114440918,6.860000133514404,7.090000152587891,6.681887626647949,1139000
2014-02-27,7.105000019073486,7.114999771118164,6.989999771118164,7.090000152587891,6.681887626647949,685600
2014-02-28,7.090000152587891,7.090000152587891,6.84499979019165,6.900000095367432,6.502824306488037,1969000
2014-03-03,6.755000114440918,6.849999904632568,6.639999866485596,6.849999904632568,6.455702781677246,1021200
2014-03-04,6.909999847412109,7.079999923706055,6.909999847412109,7.065000057220459,6.658326625823975,1190200
2014-03-05,7.074999809265137,7.099999904632568,6.960000038146973,7.059999942779541,6.653614521026611,1494800
2014-03-06,7.050000190734863,7.099999904632568,7.025000095367432,7.079999923706055,6.672463417053223,1201800
2014-03-07,6.985000133514404,6.985000133514404,6.789999961853027,6.880000114440918,6.4839768409729,1399000
2014-03-10,6.800000190734863,6.885000228881836,6.764999866485596,6.824999809265137,6.4321417808532715,519600
2014-03-11,6.824999809265137,6.894999980926514,6.71999979019165,6.764999866485596,6.375595569610596,850400
2014-03-12,6.769999980926514,6.90500020980835,6.675000190734863,6.704999923706055,6.31904935836792,1047000
2014-03-13,6.679999828338623,6.735000133514404,6.489999771118164,6.514999866485596,6.139986515045166,1646000
2014-03-14,6.46999979019165,6.565000057220459,6.364999771118164,6.429999828338623,6.059878349304199,1231800
2014-03-17,6.489999771118164,6.619999885559082,6.434999942779541,6.550000190734863,6.172972202301025,457600
2014-03-18,6.519999980926514,6.650000095367432,6.519999980926514,6.625,6.243654251098633,1084200
2014-03-19,6.614999771118164,6.619999885559082,6.489999771118164,6.53000020980835,6.154122829437256,755000
2014-03-20,6.539999961853027,6.559999942779541,6.449999809265137,6.525000095367432,6.149410724639893,748200
2014-03-21,6.599999904632568,6.630000114440918,6.550000190734863,6.559999942779541,6.182394981384277,2557000
2014-03-24,6.559999942779541,6.585000038146973,6.440000057220459,6.510000228881836,6.135273456573486,1641200
2014-03-25,6.514999866485596,6.650000095367432,6.485000133514404,6.550000190734863,6.172972202301025,757400
2014-03-26,6.585000038146973,6.630000114440918,6.510000228881836,6.525000095367432,6.149410724639893,910800
2014-03-27,6.465000152587891,6.53000020980835,6.40500020980835,6.460000038146973,6.088151931762695,911800
2014-03-28,6.5,6.639999866485596,6.485000133514404,6.574999809265137,6.196531772613525,631200
2014-03-31,6.579999923706055,6.75,6.579999923706055,6.699999809265137,6.31433629989624,776800
2014-04-01,6.735000133514404,6.889999866485596,6.730000019073486,6.864999771118164,6.4698381423950195,658400
2014-04-02,6.809999942779541,6.949999809265137,6.809999942779541,6.889999866485596,6.493400573730469,793000
2014-04-03,6.829999923706055,6.880000114440918,6.690000057220459,6.735000133514404,6.3473219871521,902200
2014-04-04,6.739999771118164,6.800000190734863,6.565000057220459,6.605000019073486,6.224804878234863,726800
2014-04-07,6.585000038146973,6.664999961853027,6.545000076293945,6.639999866485596,6.257791042327881,951000
2014-04-08,6.65500020980835,6.695000171661377,6.565000057220459,6.619999885559082,6.238941669464111,685000
2014-04-09,6.614999771118164,6.730000019073486,6.614999771118164,6.690000057220459,6.304912567138672,1008400
2014-04-10,6.71999979019165,6.71999979019165,6.534999847412109,6.545000076293945,6.168259620666504,1333600
2014-04-11,6.550000190734863,6.715000152587891,6.550000190734863,6.599999904632568,6.220093250274658,974400
2014-04-14,6.644999980926514,6.679999828338623,6.565000057220459,6.610000133514404,6.229517936706543,702800
2014-04-15,6.715000152587891,6.849999904632568,6.664999961853027,6.760000228881836,6.370882987976074,2083600
2014-04-16,6.699999809265137,6.875,6.670000076293945,6.855000019073486,6.460414886474609,1110400
2014-04-17,6.864999771118164,6.90500020980835,6.730000019073486,6.804999828338623,6.41329288482666,1128000
2014-04-21,6.519999980926514,6.65500020980835,6.510000228881836,6.574999809265137,6.196531772613525,1254400
2014-04-22,6.489999771118164,6.525000095367432,6.21999979019165,6.25,5.89024019241333,2639400
2014-04-23,6.230000019073486,6.230000019073486,5.989999771118164,5.994999885559082,5.649917125701904,3252400
2014-04-24,6.079999923706055,6.090000152587891,5.925000190734863,5.949999809265137,5.607508182525635,2027000
2014-04-25,5.875,5.945000171661377,5.860000133514404,5.900000095367432,5.560385704040527,1845400
2014-04-28,5.954999923706055,6.059999942779541,5.949999809265137,6.014999866485596,5.66876745223999,1512000
2014-04-29,6.005000114440918,6.050000190734863,5.949999809265137,5.985000133514404,5.640493869781494,983200
2014-04-30,5.960000038146973,5.985000133514404,5.880000114440918,5.980000019073486,5.635781764984131,1439400
2014-05-01,5.989999771118164,6.010000228881836,5.945000171661377,5.965000152587891,5.621645450592041,547800
2014-05-02,5.974999904632568,6.045000076293945,5.90500020980835,6.014999866485596,5.66876745223999,1914400
2014-05-05,5.934999942779541,6.005000114440918,5.914999961853027,5.954999923706055,5.612220764160156,626400
2014-05-06,5.945000171661377,5.96999979019165,5.885000228881836,5.885000228881836,5.5462493896484375,601600
2014-05-07,5.875,5.885000228881836,5.735000133514404,5.769999980926514,5.437870025634766,1369800
2014-05-08,5.650000095367432,5.875,5.644999980926514,5.84499979019165,5.508551597595215,1413600
2014-05-09,5.869999885559082,5.994999885559082,5.809999942779541,5.940000057220459,5.598083019256592,1088200
2014-05-12,5.985000133514404,6.050000190734863,5.945000171661377,6.034999847412109,5.687615871429443,797400
2014-05-13,6.070000171661377,6.074999809265137,5.925000190734863,5.980000019073486,5.635781764984131,1783800
2014-05-14,6.0,6.010000228881836,5.914999961853027,5.914999961853027,5.574522495269775,794600
2014-05-15,5.889999866485596,5.909999847412109,5.824999809265137,5.869999885559082,5.532113552093506,777400
2014-05-16,5.880000114440918,5.880000114440918,5.735000133514404,5.800000190734863,5.466142654418945,1206200
2014-05-19,5.664999961853027,5.699999809265137,5.534999847412109,5.670000076293945,5.343625545501709,2364000
2014-05-20,5.679999828338623,5.710000038146973,5.659999847412109,5.684999942779541,5.357762813568115,1395200
2014-05-21,5.679999828338623,5.71999979019165,5.644999980926514,5.664999961853027,5.338913917541504,886200
2014-05-22,5.630000114440918,5.650000095367432,5.570000171661377,5.590000152587891,5.2682294845581055,1199200
2014-05-23,5.670000076293945,5.75,5.630000114440918,5.744999885559082,5.414308547973633,1378200
2014-05-27,5.809999942779541,5.840000152587891,5.760000228881836,5.78000020980835,5.447293758392334,835600
2014-05-28,5.789999961853027,5.824999809265137,5.704999923706055,5.71999979019165,5.3907470703125,1554200
2014-05-29,5.630000114440918,5.664999961853027,5.579999923706055,5.625,5.3012166023254395,1165200
2014-05-30,5.679999828338623,5.679999828338623,5.565000057220459,5.570000171661377,5.249382495880127,2850200
2014-06-02,5.59499979019165,5.599999904632568,5.534999847412109,5.545000076293945,5.225820541381836,1494200
2014-06-03,5.525000095367432,5.545000076293945,5.460000038146973,5.465000152587891,5.150425434112549,1240200
2014-06-04,5.465000152587891,5.494999885559082,5.429999828338623,5.434999942779541,5.122152328491211,1018400
2014-06-05,5.505000114440918,5.559999942779541,5.489999771118164,5.554999828338623,5.2352447509765625,1667400
2014-06-06,5.625,5.675000190734863,5.59499979019165,5.650000095367432,5.324776649475098,984800
2014-06-09,5.625,5.699999809265137,5.610000133514404,5.679999828338623,5.353049278259277,755000
2014-06-10,5.75,5.75,5.630000114440918,5.690000057220459,5.3624749183654785,1221000
2014-06-11,5.670000076293945,5.78000020980835,5.670000076293945,5.769999980926514,5.437870025634766,1365200
2014-06-12,5.775000095367432,5.784999847412109,5.730000019073486,5.760000228881836,5.428444862365723,1077600
2014-06-13,5.755000114440918,5.84499979019165,5.75,5.764999866485596,5.433157444000244,835800
2014-06-16,5.764999866485596,5.829999923706055,5.764999866485596,5.815000057220459,5.480278968811035,619000
2014-06-17,5.809999942779541,5.894999980926514,5.789999961853027,5.864999771118164,5.527400970458984,1048800
2014-06-18,5.815000057220459,5.835000038146973,5.670000076293945,5.795000076293945,5.46143102645874,2231000
2014-06-19,5.840000152587891,5.875,5.809999942779541,5.820000171661377,5.484992027282715,1917000
2014-06-20,5.769999980926514,5.84499979019165,5.755000114440918,5.815000057220459,5.480278968811035,1228000
2014-06-23,5.784999847412109,5.784999847412109,5.684999942779541,5.699999809265137,5.3718976974487305,3821200
2014-06-24,5.724999904632568,5.735000133514404,5.65500020980835,5.679999828338623,5.353049278259277,1699800
2014-06-25,5.675000190734863,5.764999866485596,5.625,5.739999771118164,5.409595489501953,2439200
2014-06-26,5.75,5.769999980926514,5.699999809265137,5.730000019073486,5.400172233581543,2194800
2014-06-27,5.769999980926514,5.929999828338623,5.715000152587891,5.920000076293945,5.579235076904297,1424400
2014-06-30,5.894999980926514,5.96999979019165,5.889999866485596,5.945000171661377,5.602795124053955,1072400
2014-07-01,5.900000095367432,6.010000228881836,5.900000095367432,6.010000228881836,5.664055347442627,1022600
2014-07-02,6.034999847412109,6.09499979019165,5.989999771118164,6.070000171661377,5.720602035522461,1422400
2014-07-03,6.099999904632568,6.125,6.050000190734863,6.110000133514404,5.758297920227051,860200
2014-07-07,6.114999771118164,6.170000076293945,6.085000038146973,6.159999847412109,5.805420398712158,1379000
2014-07-08,6.070000171661377,6.074999809265137,6.03000020980835,6.059999942779541,5.71117639541626,1048600
2014-07-09,6.079999923706055,6.090000152587891,6.03000020980835,6.085000038146973,5.734737396240234,1230800
2014-07-10,5.96999979019165,6.074999809265137,5.96999979019165,6.059999942779541,5.71117639541626,737200
2014-07-11,6.110000133514404,6.110000133514404,6.03000020980835,6.085000038146973,5.734737396240234,1351800
2014-07-14,5.989999771118164,6.099999904632568,5.989999771118164,6.045000076293945,5.69704008102417,608600
2014-07-15,6.050000190734863,6.085000038146973,5.985000133514404,6.034999847412109,5.687615871429443,791000
2014-07-16,6.054999828338623,6.105000019073486,6.025000095367432,6.074999809265137,5.725313186645508,752000
2014-07-17,6.059999942779541,6.065000057220459,5.885000228881836,5.90500020980835,5.565099239349365,1166400
2014-07-18,6.0,6.03000020980835,5.945000171661377,6.005000114440918,5.659342288970947,551200
2014-07-21,5.925000190734863,6.070000171661377,5.909999847412109,6.070000171661377,5.720602035522461,877200
2014-07-22,6.110000133514404,6.15500020980835,6.074999809265137,6.090000152587891,5.739449977874756,773800
2014-07-23,6.170000076293945,6.235000133514404,6.164999961853027,6.175000190734863,5.819556713104248,1056000
2014-07-24,6.150000095367432,6.150000095367432,5.954999923706055,5.994999885559082,5.649917125701904,1550800
2014-07-25,6.125,6.210000038146973,5.960000038146973,5.994999885559082,5.68882417678833,1834400
2014-07-28,6.0,6.054999828338623,5.940000057220459,5.994999885559082,5.68882417678833,1104200
2014-07-29,5.989999771118164,5.994999885559082,5.900000095367432,5.90500020980835,5.603420257568359,899800
2014-07-30,5.934999942779541,5.934999942779541,5.835000038146973,5.880000114440918,5.579697132110596,840800
2014-07-31,5.934999942779541,5.96999979019165,5.755000114440918,5.775000095367432,5.480059623718262,1013200
2014-08-01,5.775000095367432,5.815000057220459,5.760000228881836,5.815000057220459,5.518016815185547,1110800
2014-08-04,5.84499979019165,5.920000076293945,5.795000076293945,5.920000076293945,5.617654323577881,511800
2014-08-05,5.900000095367432,5.934999942779541,5.860000133514404,5.885000228881836,5.584441661834717,691800
2014-08-06,5.820000171661377,5.840000152587891,5.625,5.670000076293945,5.380423069000244,1544600
2014-08-07,5.730000019073486,5.75,5.650000095367432,5.684999942779541,5.394657135009766,1129200
2014-08-08,5.699999809265137,5.855000019073486,5.684999942779541,5.849999904632568,5.551229953765869,1471600
2014-08-11,5.849999904632568,5.90500020980835,5.804999828338623,5.880000114440918,5.579697132110596,522600
2014-08-12,5.84499979019165,5.900000095367432,5.800000190734863,5.869999885559082,5.5702080726623535,865000
2014-08-13,5.914999961853027,5.929999828338623,5.875,5.889999866485596,5.589186668395996,427000
2014-08-14,5.875,5.920000076293945,5.860000133514404,5.909999847412109,5.608165740966797,463000
2014-08-15,5.894999980926514,5.909999847412109,5.755000114440918,5.789999961853027,5.494293212890625,806000
2014-08-18,5.829999923706055,5.84499979019165,5.795000076293945,5.840000152587891,5.541739463806152,797400
2014-08-19,5.860000133514404,5.889999866485596,5.824999809265137,5.840000152587891,5.541739463806152,509600
2014-08-20,5.849999904632568,5.855000019073486,5.809999942779541,5.849999904632568,5.551229953765869,745600
2014-08-21,5.875,5.885000228881836,5.820000171661377,5.835000038146973,5.536996364593506,522600
2014-08-22,5.875,5.894999980926514,5.829999923706055,5.835000038146973,5.536996364593506,723400
2014-08-25,5.849999904632568,5.849999904632568,5.739999771118164,5.769999980926514,5.475314617156982,954800
2014-08-26,5.769999980926514,5.820000171661377,5.744999885559082,5.800000190734863,5.503783226013184,369000
2014-08-27,5.824999809265137,5.954999923706055,5.795000076293945,5.940000057220459,5.636633396148682,1098400
2014-08-28,5.940000057220459,6.050000190734863,5.925000190734863,6.0,5.693568706512451,1648200
2014-08-29,6.014999866485596,6.039999961853027,5.949999809265137,5.980000019073486,5.674590110778809,890000
2014-09-02,5.980000019073486,6.105000019073486,5.914999961853027,6.099999904632568,5.788461208343506,1138000
2014-09-03,6.144999980926514,6.239999771118164,6.110000133514404,6.184999942779541,5.869121551513672,909800
2014-09-04,6.179999828338623,6.190000057220459,6.070000171661377,6.09499979019165,5.783716201782227,528400
2014-09-05,6.119999885559082,6.170000076293945,6.070000171661377,6.164999961853027,5.850142002105713,512800
2014-09-08,6.164999961853027,6.190000057220459,6.125,6.135000228881836,5.821674823760986,663800
2014-09-09,6.125,6.150000095367432,6.070000171661377,6.074999809265137,5.764737129211426,440200
2014-09-10,6.050000190734863,6.065000057220459,5.965000152587891,6.045000076293945,5.736269474029541,460200
2014-09-11,6.025000095367432,6.045000076293945,5.954999923706055,6.005000114440918,5.698313236236572,629000
2014-09-12,5.994999885559082,6.0,5.914999961853027,5.940000057220459,5.636633396148682,499400
2014-09-15,5.900000095367432,5.909999847412109,5.820000171661377,5.855000019073486,5.555974006652832,531200
2014-09-16,5.800000190734863,5.960000038146973,5.800000190734863,5.945000171661377,5.641377925872803,609400
2014-09-17,5.945000171661377,5.994999885559082,5.914999961853027,5.945000171661377,5.641377925872803,1329000
2014-09-18,6.005000114440918,6.09499979019165,5.974999904632568,6.034999847412109,5.726781845092773,1326800
2014-09-19,6.050000190734863,6.099999904632568,5.815000057220459,5.829999923706055,5.532250881195068,2313600
2014-09-22,5.815000057220459,5.885000228881836,5.804999828338623,5.880000114440918,5.579697132110596,866800
2014-09-23,5.84499979019165,5.980000019073486,5.84499979019165,5.954999923706055,5.6508660316467285,923800
2014-09-24,5.985000133514404,6.050000190734863,5.949999809265137,5.960000038146973,5.655611991882324,1705000
2014-09-25,5.889999866485596,5.929999828338623,5.78000020980835,5.804999828338623,5.508526802062988,619800
2014-09-26,5.875,5.900000095367432,5.804999828338623,5.835000038146973,5.536996364593506,676600
2014-09-29,5.855000019073486,6.03000020980835,5.815000057220459,5.994999885559082,5.68882417678833,1567200
2014-09-30,5.96999979019165,6.099999904632568,5.934999942779541,6.079999923706055,5.769482612609863,1461200
2014-10-01,6.054999828338623,6.114999771118164,5.989999771118164,6.090000152587891,5.77897310256958,1455400
2014-10-02,6.099999904632568,6.099999904632568,5.929999828338623,5.994999885559082,5.68882417678833,555200
2014-10-03,5.994999885559082,6.019999980926514,5.940000057220459,5.96999979019165,5.665100574493408,658400
2014-10-06,6.0,6.0,5.894999980926514,5.985000133514404,5.679335117340088,750800
2014-10-07,5.994999885559082,6.054999828338623,5.980000019073486,5.985000133514404,5.679335117340088,808000
2014-10-08,5.909999847412109,6.085000038146973,5.909999847412109,6.065000057220459,5.755248546600342,925000
2014-10-09,6.025000095367432,6.070000171661377,5.949999809265137,5.965000152587891,5.660356521606445,521200
2014-10-10,5.954999923706055,5.989999771118164,5.885000228881836,5.945000171661377,5.641377925872803,1183600
2014-10-13,5.945000171661377,6.079999923706055,5.929999828338623,6.059999942779541,5.750504016876221,1141000
2014-10-14,5.96999979019165,6.139999866485596,5.96999979019165,6.099999904632568,5.788461208343506,742400
2014-10-15,6.025000095367432,6.114999771118164,5.909999847412109,6.110000133514404,5.797950744628906,816200
2014-10-16,5.974999904632568,6.059999942779541,5.925000190734863,6.03000020980835,5.722035884857178,1272600
2014-10-17,6.03000020980835,6.03000020980835,5.78000020980835,5.974999904632568,5.669845104217529,1765200
2014-10-20,5.894999980926514,5.989999771118164,5.829999923706055,5.954999923706055,5.6508660316467285,1604600
2014-10-21,6.0,6.130000114440918,5.945000171661377,6.130000114440918,5.816929817199707,1171600
2014-10-22,6.125,6.195000171661377,5.815000057220459,5.855000019073486,5.555974006652832,1544200
2014-10-23,5.880000114440918,5.90500020980835,5.75,5.760000228881836,5.465826988220215,575000
2014-10-24,5.710000038146973,5.809999942779541,5.659999847412109,5.78000020980835,5.484805583953857,1277800
2014-10-27,5.730000019073486,5.855000019073486,5.704999923706055,5.84499979019165,5.546483993530273,677000
2014-10-28,5.840000152587891,5.909999847412109,5.800000190734863,5.900000095367432,5.5986762046813965,821600
2014-10-29,5.889999866485596,5.925000190734863,5.820000171661377,5.869999885559082,5.5702080726623535,1051400
2014-10-30,5.855000019073486,6.0,5.815000057220459,5.980000019073486,5.674590110778809,703000
2014-10-31,5.96999979019165,6.119999885559082,5.940000057220459,6.099999904632568,5.788461208343506,1021000
2014-11-03,6.074999809265137,6.199999809265137,6.074999809265137,6.195000171661377,5.878609657287598,813600
2014-11-04,6.175000190734863,6.224999904632568,6.135000228881836,6.175000190734863,5.859631061553955,677800
2014-11-05,6.144999980926514,6.244999885559082,6.139999866485596,6.21999979019165,5.902332782745361,930800
2014-11-06,6.25,6.289999961853027,6.190000057220459,6.224999904632568,5.907077312469482,606200
2014-11-07,6.255000114440918,6.28000020980835,6.179999828338623,6.275000095367432,5.954524517059326,1265000
2014-11-10,6.175000190734863,6.264999866485596,6.130000114440918,6.230000019073486,5.911822319030762,577200
2014-11-11,6.21999979019165,6.260000228881836,6.110000133514404,6.114999771118164,5.802695274353027,931800
2014-11-12,6.099999904632568,6.190000057220459,6.099999904632568,6.139999866485596,5.826417922973633,925600
2014-11-13,6.175000190734863,6.204999923706055,6.110000133514404,6.135000228881836,5.821674823760986,727600
2014-11-14,6.159999847412109,6.329999923706055,6.090000152587891,6.289999961853027,5.968757152557373,1659800
2014-11-17,6.269999980926514,6.34499979019165,6.235000133514404,6.239999771118164,5.921310901641846,1103200
2014-11-18,6.300000190734863,6.315000057220459,6.21999979019165,6.21999979019165,5.902332782745361,808200
2014-11-19,6.210000038146973,6.244999885559082,6.110000133514404,6.15500020980835,5.840651988983154,675400
2014-11-20,6.15500020980835,6.179999828338623,6.099999904632568,6.130000114440918,5.816929817199707,489000
2014-11-21,6.184999942779541,6.264999866485596,6.164999961853027,6.260000228881836,5.9402899742126465,445000
2014-11-24,6.264999866485596,6.355000019073486,6.230000019073486,6.340000152587891,6.016204357147217,654600
2014-11-25,6.360000133514404,6.434999942779541,6.349999904632568,6.389999866485596,6.063650131225586,1335400
2014-11-26,6.375,6.425000190734863,6.349999904632568,6.425000190734863,6.09686279296875,474800
2014-11-28,6.449999809265137,6.480000019073486,6.409999847412109,6.449999809265137,6.120586395263672,470600
2014-12-01,6.429999828338623,6.46999979019165,6.364999771118164,6.440000057220459,6.11109733581543,786600
2014-12-02,6.429999828338623,6.494999885559082,6.389999866485596,6.489999771118164,6.158542156219482,603600
2014-12-03,6.489999771118164,6.574999809265137,6.445000171661377,6.574999809265137,6.239201545715332,436200
2014-12-04,6.550000190734863,6.585000038146973,6.46999979019165,6.485000133514404,6.153799533843994,531600
2014-12-05,6.460000038146973,6.460000038146973,6.380000114440918,6.409999847412109,6.082629203796387,433800
2014-12-08,6.355000019073486,6.375,6.210000038146973,6.244999885559082,5.926055908203125,688400
2014-12-09,6.099999904632568,6.135000228881836,6.034999847412109,6.105000019073486,5.793205738067627,1642600
2014-12-10,6.059999942779541,6.065000057220459,5.880000114440918,5.900000095367432,5.5986762046813965,1127800
2014-12-11,5.900000095367432,5.960000038146973,5.804999828338623,5.840000152587891,5.541739463806152,814000
2014-12-12,5.775000095367432,5.78000020980835,5.554999828338623,5.590000152587891,5.304507732391357,2162200
2014-12-15,5.59499979019165,5.670000076293945,5.539999961853027,5.639999866485596,5.351954460144043,1223600
2014-12-16,5.559999942779541,5.735000133514404,5.525000095367432,5.619999885559082,5.3329758644104,814400
2014-12-17,5.650000095367432,5.670000076293945,5.574999809265137,5.635000228881836,5.34721040725708,799200
2014-12-18,5.715000152587891,5.945000171661377,5.704999923706055,5.940000057220459,5.636633396148682,1243800
2014-12-19,5.920000076293945,5.96999979019165,5.855000019073486,5.880000114440918,5.579697132110596,1697400
2014-12-22,5.90500020980835,5.96999979019165,5.894999980926514,5.954999923706055,5.6508660316467285,706200
2014-12-23,5.940000057220459,5.985000133514404,5.925000190734863,5.929999828338623,5.627143859863281,348200
2014-12-24,5.875,5.96999979019165,5.860000133514404,5.90500020980835,5.603420257568359,212400
2014-12-26,5.940000057220459,5.954999923706055,5.869999885559082,5.869999885559082,5.5702080726623535,298200
2014-12-29,5.860000133514404,5.900000095367432,5.769999980926514,5.789999961853027,5.494293212890625,1014600
2014-12-30,5.795000076293945,5.829999923706055,5.730000019073486,5.769999980926514,5.475314617156982,456200
2014-12-31,5.809999942779541,5.809999942779541,5.659999847412109,5.659999847412109,5.370933532714844,639200
2015-01-02,5.760000228881836,5.809999942779541,5.630000114440918,5.664999961853027,5.375678062438965,791000
2015-01-05,5.644999980926514,5.644999980926514,5.559999942779541,5.59499979019165,5.309253215789795,1489800
2015-01-06,5.599999904632568,5.605000019073486,5.440000057220459,5.514999866485596,5.233338356018066,729000
2015-01-07,5.574999809265137,5.605000019073486,5.510000228881836,5.579999923706055,5.295018672943115,600800
2015-01-08,5.644999980926514,5.695000171661377,5.625,5.664999961853027,5.375678062438965,720600
2015-01-09,5.724999904632568,5.75,5.590000152587891,5.610000133514404,5.323486328125,1436600
2015-01-12,5.619999885559082,5.684999942779541,5.570000171661377,5.639999866485596,5.351954460144043,907800
2015-01-13,5.715000152587891,5.804999828338623,5.690000057220459,5.744999885559082,5.451591491699219,985600
2015-01-14,5.635000228881836,5.715000152587891,5.570000171661377,5.614999771118164,5.3282318115234375,928800
2015-01-15,5.690000057220459,5.724999904632568,5.525000095367432,5.53000020980835,5.247572422027588,2527800
2015-01-16,5.715000152587891,6.139999866485596,5.625,6.059999942779541,5.750504016876221,2276600
2015-01-20,6.0,6.065000057220459,5.934999942779541,5.96999979019165,5.665100574493408,906400
2015-01-21,5.934999942779541,6.125,5.889999866485596,6.119999885559082,5.847105979919434,1435400
2015-01-22,6.170000076293945,6.465000152587891,6.119999885559082,6.465000152587891,6.176722526550293,2739000
2015-01-23,6.425000190734863,6.440000057220459,6.230000019073486,6.34499979019165,6.062073707580566,1109600
2015-01-26,6.300000190734863,6.480000019073486,6.300000190734863,6.445000171661377,6.157614231109619,905000
2015-01-27,6.380000114440918,6.534999847412109,6.340000152587891,6.489999771118164,6.200606822967529,1395600
2015-01-28,6.559999942779541,6.659999847412109,6.494999885559082,6.610000133514404,6.315256595611572,2121400
2015-01-29,6.525000095367432,6.574999809265137,6.449999809265137,6.545000076293945,6.25315523147583,1455600
2015-01-30,6.449999809265137,6.514999866485596,6.360000133514404,6.429999828338623,6.143283367156982,1233200
2015-02-02,6.534999847412109,6.554999828338623,6.429999828338623,6.53000020980835,6.238824367523193,1026000
2015-02-03,6.545000076293945,6.664999961853027,6.485000133514404,6.625,6.329587459564209,1588800
2015-02-04,6.625,6.679999828338623,6.545000076293945,6.554999828338623,6.262709617614746,1666200
2015-02-05,6.574999809265137,6.775000095367432,6.525000095367432,6.710000038146973,6.4107985496521,2030000
2015-02-06,6.730000019073486,6.75,6.639999866485596,6.690000057220459,6.391690254211426,930200
2015-02-09,6.684999942779541,6.840000152587891,6.614999771118164,6.755000114440918,6.45379114151001,1295600
2015-02-10,6.739999771118164,6.840000152587891,6.695000171661377,6.804999828338623,6.501561641693115,965400
2015-02-11,6.789999961853027,6.84499979019165,6.784999847412109,6.809999942779541,6.506339073181152,944400
2015-02-12,6.875,7.0,6.849999904632568,6.954999923706055,6.644872665405273,1278000
2015-02-13,7.0,7.090000152587891,6.974999904632568,7.090000152587891,6.773853302001953,980000
2015-02-17,7.019999980926514,7.054999828338623,6.974999904632568,6.994999885559082,6.683089256286621,779800
2015-02-18,6.994999885559082,7.019999980926514,6.84499979019165,6.894999980926514,6.587549209594727,1618400
2015-02-19,6.829999923706055,6.940000057220459,6.755000114440918,6.914999961853027,6.606656074523926,798600
2015-02-20,6.860000133514404,6.90500020980835,6.815000057220459,6.889999866485596,6.5827717781066895,676600
2015-02-23,6.820000171661377,6.920000076293945,6.804999828338623,6.804999828338623,6.501561641693115,1067000
2015-02-24,6.829999923706055,6.914999961853027,6.804999828338623,6.875,6.568439960479736,1106800
2015-02-25,6.90500020980835,7.03000020980835,6.900000095367432,7.005000114440918,6.6926445960998535,1057400
2015-02-26,7.0,7.050000190734863,6.900000095367432,6.945000171661377,6.635318756103516,853400
2015-02-27,6.929999828338623,6.965000152587891,6.864999771118164,6.889999866485596,6.5827717781066895,770600
2015-03-02,6.885000228881836,6.940000057220459,6.809999942779541,6.914999961853027,6.606656074523926,778200
2015-03-03,6.914999961853027,6.974999904632568,6.909999847412109,6.934999942779541,6.625764846801758,566200
2015-03-04,6.860000133514404,6.945000171661377,6.809999942779541,6.849999904632568,6.544554710388184,855600
2015-03-05,6.869999885559082,6.880000114440918,6.755000114440918,6.849999904632568,6.544554710388184,445200
2015-03-06,6.795000076293945,6.864999771118164,6.735000133514404,6.800000190734863,6.496784210205078,1230200
2015-03-09,6.769999980926514,6.769999980926514,6.625,6.699999809265137,6.401242733001709,1763000
2015-03-10,6.630000114440918,6.679999828338623,6.585000038146973,6.625,6.329587459564209,1593200
2015-03-11,6.650000095367432,6.650000095367432,6.474999904632568,6.590000152587891,6.29614782333374,1674000
2015-03-12,6.605000019073486,6.724999904632568,6.599999904632568,6.65500020980835,6.358250141143799,1625800
2015-03-13,6.610000133514404,6.639999866485596,6.510000228881836,6.590000152587891,6.29614782333374,875200
2015-03-16,6.480000019073486,6.744999885559082,6.480000019073486,6.744999885559082,6.444236755371094,916200
2015-03-17,6.699999809265137,6.744999885559082,6.625,6.695000171661377,6.3964667320251465,745000
2015-03-18,6.65500020980835,6.815000057220459,6.619999885559082,6.775000095367432,6.472898960113525,1360800
2015-03-19,6.764999866485596,6.809999942779541,6.739999771118164,6.744999885559082,6.444236755371094,621000
2015-03-20,6.820000171661377,6.909999847412109,6.789999961853027,6.885000228881836,6.5779948234558105,1089400
2015-03-23,6.875,6.980000019073486,6.835000038146973,6.980000019073486,6.668758869171143,1778000
2015-03-24,6.965000152587891,6.985000133514404,6.860000133514404,6.889999866485596,6.5827717781066895,920800
2015-03-25,6.914999961853027,6.914999961853027,6.739999771118164,6.764999866485596,6.463345527648926,1219400
2015-03-26,6.695000171661377,6.735000133514404,6.610000133514404,6.610000133514404,6.315256595611572,1553000
2015-03-27,6.545000076293945,6.75,6.505000114440918,6.735000133514404,6.434682846069336,1859600
2015-03-30,6.789999961853027,6.860000133514404,6.769999980926514,6.855000019073486,6.549332618713379,894400
2015-03-31,6.784999847412109,6.84499979019165,6.650000095367432,6.659999847412109,6.363027572631836,1099200
2015-04-01,6.664999961853027,6.695000171661377,6.53000020980835,6.570000171661377,6.277040958404541,1520800
2015-04-02,6.570000171661377,6.625,6.539999961853027,6.570000171661377,6.277040958404541,1074400
2015-04-06,6.53000020980835,6.585000038146973,6.505000114440918,6.565000057220459,6.272263050079346,540000
2015-04-07,6.585000038146973,6.599999904632568,6.519999980926514,6.53000020980835,6.238824367523193,666400
2015-04-08,6.565000057220459,6.635000228881836,6.494999885559082,6.545000076293945,6.25315523147583,1237200
2015-04-09,6.574999809265137,6.739999771118164,6.574999809265137,6.730000019073486,6.429906368255615,1381200
2015-04-10,6.699999809265137,6.715000152587891,6.579999923706055,6.590000152587891,6.29614782333374,660200
2015-04-13,6.585000038146973,6.644999980926514,6.510000228881836,6.514999866485596,6.22449254989624,830600
2015-04-14,6.559999942779541,6.614999771118164,6.505000114440918,6.550000190734863,6.257932662963867,1182400
2015-04-15,6.5,6.590000152587891,6.480000019073486,6.534999847412109,6.243601322174072,892600
2015-04-16,6.494999885559082,6.53000020980835,6.369999885559082,6.505000114440918,6.214940071105957,1529000
2015-04-17,6.414999961853027,6.465000152587891,6.360000133514404,6.420000076293945,6.133728981018066,1248000
2015-04-20,6.28000020980835,6.385000228881836,6.244999885559082,6.309999942779541,6.028634548187256,1693400
2015-04-21,6.235000133514404,6.239999771118164,6.03000020980835,6.039999961853027,5.770673751831055,3123200
2015-04-22,5.934999942779541,5.965000152587891,5.78000020980835,5.84499979019165,5.5843682289123535,4122200
2015-04-23,5.809999942779541,5.929999828338623,5.78000020980835,5.894999980926514,5.632138729095459,2044400
2015-04-24,5.875,5.900000095367432,5.715000152587891,5.739999771118164,5.484050750732422,2795800
2015-04-27,5.824999809265137,5.954999923706055,5.824999809265137,5.869999885559082,5.608254432678223,1930200
2015-04-28,5.880000114440918,5.885000228881836,5.755000114440918,5.804999828338623,5.546151638031006,2458600
2015-04-29,5.894999980926514,5.894999980926514,5.795000076293945,5.829999923706055,5.570037364959717,1345600
2015-04-30,5.835000038146973,5.84499979019165,5.704999923706055,5.735000133514404,5.479273796081543,1354400
2015-05-01,5.789999961853027,5.84499979019165,5.739999771118164,5.795000076293945,5.5365986824035645,583200
2015-05-04,5.864999771118164,5.900000095367432,5.829999923706055,5.849999904632568,5.589145660400391,806200
2015-05-05,5.820000171661377,5.880000114440918,5.815000057220459,5.84499979019165,5.5843682289123535,831200
2015-05-06,5.840000152587891,5.84499979019165,5.695000171661377,5.735000133514404,5.479273796081543,1046000
2015-05-07,5.744999885559082,5.775000095367432,5.684999942779541,5.769999980926514,5.512712478637695,788200
2015-05-08,5.815000057220459,5.965000152587891,5.800000190734863,5.855000019073486,5.593923091888428,948400
2015-05-11,5.855000019073486,5.885000228881836,5.739999771118164,5.75,5.493605136871338,646000
2015-05-12,5.695000171661377,5.784999847412109,5.695000171661377,5.75,5.493605136871338,1054600
2015-05-13,5.789999961853027,5.84499979019165,5.744999885559082,5.809999942779541,5.550929546356201,859400
2015-05-14,5.829999923706055,5.829999923706055,5.739999771118164,5.760000228881836,5.503159523010254,818400
2015-05-15,5.75,5.829999923706055,5.730000019073486,5.75,5.493605136871338,1432600
2015-05-18,5.78000020980835,5.875,5.764999866485596,5.849999904632568,5.589145660400391,968600
2015-05-19,5.885000228881836,5.894999980926514,5.829999923706055,5.880000114440918,5.617807865142822,581600
2015-05-20,5.925000190734863,5.989999771118164,5.900000095367432,5.965000152587891,5.6990180015563965,1253200
2015-05-21,5.980000019073486,5.980000019073486,5.800000190734863,5.84499979019165,5.5843682289123535,1283800
2015-05-22,5.849999904632568,5.864999771118164,5.809999942779541,5.824999809265137,5.56525993347168,736400
2015-05-26,5.804999828338623,5.840000152587891,5.764999866485596,5.829999923706055,5.570037364959717,1019400
2015-05-27,5.824999809265137,5.869999885559082,5.800000190734863,5.849999904632568,5.589145660400391,614600
2015-05-28,5.849999904632568,5.949999809265137,5.84499979019165,5.940000057220459,5.675132751464844,792000
2015-05-29,5.974999904632568,6.050000190734863,5.965000152587891,6.034999847412109,5.765896320343018,1590000
2015-06-01,6.050000190734863,6.065000057220459,5.994999885559082,6.03000020980835,5.761119365692139,622200
2015-06-02,5.909999847412109,6.019999980926514,5.869999885559082,6.0,5.732456684112549,1059600
2015-06-03,5.925000190734863,5.989999771118164,5.900000095367432,5.949999809265137,5.684686183929443,1035000
2015-06-04,5.954999923706055,6.045000076293945,5.954999923706055,6.014999866485596,5.746788024902344,994200
2015-06-05,6.0,6.014999866485596,5.920000076293945,6.014999866485596,5.746788024902344,937200
2015-06-08,5.989999771118164,6.050000190734863,5.949999809265137,5.954999923706055,5.689463138580322,1084800
2015-06-09,5.815000057220459,5.84499979019165,5.755000114440918,5.820000171661377,5.560483932495117,1048400
2015-06-10,6.0,6.090000152587891,5.960000038146973,6.050000190734863,5.7802276611328125,958400
2015-06-11,5.889999866485596,5.96999979019165,5.860000133514404,5.965000152587891,5.6990180015563965,1291400
2015-06-12,5.875,5.875,5.809999942779541,5.84499979019165,5.5843682289123535,793800
2015-06-15,5.835000038146973,5.900000095367432,5.835000038146973,5.885000228881836,5.622584819793701,441600
2015-06-16,5.864999771118164,5.934999942779541,5.835000038146973,5.920000076293945,5.65602445602417,948600
2015-06-17,5.925000190734863,6.019999980926514,5.920000076293945,5.985000133514404,5.71812629699707,692600
2015-06-18,6.025000095367432,6.114999771118164,6.025000095367432,6.09499979019165,5.823220729827881,758600
2015-06-19,6.099999904632568,6.119999885559082,5.994999885559082,6.0,5.732456684112549,1874600
2015-06-22,6.054999828338623,6.085000038146973,6.019999980926514,6.045000076293945,5.775449752807617,746200
2015-06-23,6.019999980926514,6.175000190734863,6.0,6.085000038146973,5.813666820526123,776400
2015-06-24,6.085000038146973,6.085000038146973,6.025000095367432,6.03000020980835,5.761119365692139,569000
2015-06-25,6.019999980926514,6.15500020980835,5.989999771118164,6.085000038146973,5.813666820526123,1044800
2015-06-26,6.110000133514404,6.135000228881836,6.054999828338623,6.130000114440918,5.856660842895508,952400
2015-06-29,6.059999942779541,6.059999942779541,6.019999980926514,6.045000076293945,5.775449752807617,985400
2015-06-30,6.019999980926514,6.03000020980835,5.949999809265137,5.985000133514404,5.71812629699707,901400
2015-07-01,6.014999866485596,6.045000076293945,5.980000019073486,6.025000095367432,5.756341934204102,721400
2015-07-02,6.050000190734863,6.085000038146973,5.985000133514404,6.079999923706055,5.808889389038086,793400
2015-07-06,6.045000076293945,6.125,6.019999980926514,6.050000190734863,5.7802276611328125,496800
2015-07-07,6.039999961853027,6.054999828338623,5.940000057220459,6.039999961853027,5.770673751831055,820400
2015-07-08,5.980000019073486,6.010000228881836,5.885000228881836,5.954999923706055,5.689463138580322,870400
2015-07-09,5.954999923706055,5.974999904632568,5.885000228881836,5.909999847412109,5.646470546722412,734800
2015-07-10,5.960000038146973,6.025000095367432,5.960000038146973,6.010000228881836,5.742011070251465,720000
2015-07-13,6.065000057220459,6.114999771118164,6.045000076293945,6.050000190734863,5.7802276611328125,547600
2015-07-14,6.125,6.159999847412109,6.074999809265137,6.085000038146973,5.813666820526123,830400
2015-07-15,6.210000038146973,6.244999885559082,6.175000190734863,6.190000057220459,5.913984775543213,652200
2015-07-16,6.224999904632568,6.239999771118164,6.164999961853027,6.190000057220459,5.966517448425293,751000
2015-07-17,6.190000057220459,6.21999979019165,6.110000133514404,6.114999771118164,5.894224643707275,967600
2015-07-20,6.110000133514404,6.159999847412109,6.045000076293945,6.079999923706055,5.860488414764404,520600
2015-07-21,6.210000038146973,6.275000095367432,6.190000057220459,6.230000019073486,6.005073547363281,1036600
2015-07-22,6.284999847412109,6.454999923706055,6.264999866485596,6.380000114440918,6.149657249450684,1177800
2015-07-23,6.300000190734863,6.40500020980835,6.28000020980835,6.295000076293945,6.0677266120910645,909200
2015-07-24,6.170000076293945,6.175000190734863,6.019999980926514,6.130000114440918,5.9086833000183105,613200
2015-07-27,6.065000057220459,6.099999904632568,6.005000114440918,6.065000057220459,5.846029758453369,527600
2015-07-28,6.09499979019165,6.135000228881836,6.074999809265137,6.09499979019165,5.874946594238281,846200
2015-07-29,6.144999980926514,6.184999942779541,6.099999904632568,6.144999980926514,5.923141956329346,591600
2015-07-30,6.079999923706055,6.135000228881836,6.025000095367432,6.130000114440918,5.9086833000183105,429800
2015-07-31,6.190000057220459,6.190000057220459,6.139999866485596,6.179999828338623,5.956878185272217,395800
2015-08-03,6.199999809265137,6.204999923706055,6.114999771118164,6.135000228881836,5.913503170013428,452000
2015-08-04,6.050000190734863,6.195000171661377,6.050000190734863,6.114999771118164,5.894224643707275,2372200
2015-08-05,6.239999771118164,6.329999923706055,6.199999809265137,6.324999809265137,6.096643447875977,836800
2015-08-06,6.284999847412109,6.34499979019165,6.255000114440918,6.260000228881836,6.033990383148193,641600
2015-08-07,6.275000095367432,6.275000095367432,6.195000171661377,6.244999885559082,6.019530773162842,412000
2015-08-10,6.21999979019165,6.309999942779541,6.21999979019165,6.284999847412109,6.058086395263672,741400
2015-08-11,6.21999979019165,6.239999771118164,6.074999809265137,6.150000095367432,5.927961349487305,844800
2015-08-12,6.175000190734863,6.360000133514404,6.119999885559082,6.324999809265137,6.096643447875977,607400
2015-08-13,6.199999809265137,6.289999961853027,6.15500020980835,6.244999885559082,6.019530773162842,752200
2015-08-14,6.255000114440918,6.309999942779541,6.255000114440918,6.269999980926514,6.043628692626953,230400
2015-08-17,6.224999904632568,6.260000228881836,6.15500020980835,6.244999885559082,6.019530773162842,550200
2015-08-18,6.199999809265137,6.28000020980835,6.159999847412109,6.269999980926514,6.043628692626953,619400
2015-08-19,6.304999828338623,6.304999828338623,6.224999904632568,6.264999866485596,6.038808822631836,623000
2015-08-20,6.239999771118164,6.239999771118164,6.0,6.005000114440918,5.788197040557861,1847800
2015-08-21,6.050000190734863,6.175000190734863,5.934999942779541,5.965000152587891,5.749640941619873,1284200
2015-08-24,5.550000190734863,5.800000190734863,5.40500020980835,5.704999923706055,5.499027729034424,1303000
2015-08-25,5.829999923706055,5.989999771118164,5.71999979019165,5.71999979019165,5.513485431671143,1343600
2015-08-26,5.909999847412109,5.929999828338623,5.710000038146973,5.84499979019165,5.633972644805908,780800
2015-08-27,5.855000019073486,5.889999866485596,5.789999961853027,5.855000019073486,5.643611907958984,1844600
2015-08-28,5.894999980926514,5.934999942779541,5.84499979019165,5.914999961853027,5.701445579528809,835800
2015-08-31,5.914999961853027,5.929999828338623,5.804999828338623,5.855000019073486,5.643611907958984,1494600
2015-09-01,5.795000076293945,5.835000038146973,5.769999980926514,5.789999961853027,5.580957889556885,760000
2015-09-02,5.855000019073486,5.885000228881836,5.809999942779541,5.860000133514404,5.648431301116943,787600
2015-09-03,5.945000171661377,6.074999809265137,5.945000171661377,6.0,5.783376693725586,948000
2015-09-04,5.929999828338623,5.949999809265137,5.639999866485596,5.764999866485596,5.556861877441406,1439400
2015-09-08,5.855000019073486,5.90500020980835,5.815000057220459,5.875,5.6628899574279785,1188400
2015-09-09,5.900000095367432,5.945000171661377,5.715000152587891,5.735000133514404,5.527945041656494,1422600
2015-09-10,5.71999979019165,5.864999771118164,5.704999923706055,5.820000171661377,5.6098761558532715,1476800
2015-09-11,5.824999809265137,5.894999980926514,5.824999809265137,5.855000019073486,5.643611907958984,587400
2015-09-14,5.90500020980835,5.914999961853027,5.840000152587891,5.855000019073486,5.643611907958984,935200
2015-09-15,5.869999885559082,5.929999828338623,5.840000152587891,5.920000076293945,5.706264972686768,990400
2015-09-16,5.974999904632568,6.105000019073486,5.960000038146973,6.039999961853027,5.821932792663574,1305800
2015-09-17,6.045000076293945,6.144999980926514,6.014999866485596,6.054999828338623,5.836391448974609,1188600
2015-09-18,6.09499979019165,6.125,5.989999771118164,5.994999885559082,5.778557777404785,1169400
2015-09-21,6.03000020980835,6.110000133514404,6.019999980926514,6.085000038146973,5.865307807922363,1050200
2015-09-22,6.005000114440918,6.039999961853027,5.795000076293945,5.914999961853027,5.701445579528809,2770400
2015-09-23,5.90500020980835,5.960000038146973,5.840000152587891,5.90500020980835,5.691807270050049,1720400
2015-09-24,5.869999885559082,5.914999961853027,5.800000190734863,5.869999885559082,5.6580705642700195,1375400
2015-09-25,5.940000057220459,5.940000057220459,5.869999885559082,5.900000095367432,5.686986923217773,855400
2015-09-28,5.855000019073486,5.860000133514404,5.775000095367432,5.829999923706055,5.619514465332031,917800
2015-09-29,5.849999904632568,6.014999866485596,5.815000057220459,6.005000114440918,5.788197040557861,1856600
2015-09-30,6.059999942779541,6.164999961853027,6.045000076293945,6.144999980926514,5.923141956329346,2253000
2015-10-01,6.139999866485596,6.175000190734863,5.849999904632568,6.005000114440918,5.788197040557861,1283400
2015-10-02,5.994999885559082,6.099999904632568,5.954999923706055,6.09499979019165,5.874946594238281,996000
2015-10-05,6.119999885559082,6.230000019073486,6.110000133514404,6.199999809265137,5.976156234741211,838400
2015-10-06,6.114999771118164,6.195000171661377,6.099999904632568,6.190000057220459,5.966517448425293,1055000
2015-10-07,6.085000038146973,6.25,6.085000038146973,6.21999979019165,5.995434284210205,1766400
2015-10-08,6.215000152587891,6.295000076293945,6.199999809265137,6.289999961853027,6.062906742095947,955600
2015-10-09,6.289999961853027,6.420000076293945,6.269999980926514,6.400000095367432,6.1689348220825195,1689400
2015-10-12,6.324999809265137,6.324999809265137,6.199999809265137,6.25,6.024351596832275,1346600
2015-10-13,6.224999904632568,6.239999771118164,6.170000076293945,6.199999809265137,5.976156234741211,1174400
2015-10-14,6.190000057220459,6.239999771118164,6.125,6.144999980926514,5.923141956329346,574200
2015-10-15,6.150000095367432,6.235000133514404,6.139999866485596,6.224999904632568,6.000252723693848,865800
2015-10-16,6.230000019073486,6.28000020980835,6.184999942779541,6.269999980926514,6.043628692626953,1086600
2015-10-19,6.215000152587891,6.264999866485596,6.159999847412109,6.255000114440918,6.02916955947876,851800
2015-10-20,6.170000076293945,6.195000171661377,6.119999885559082,6.144999980926514,5.923141956329346,1240400
2015-10-21,6.0,6.050000190734863,5.929999828338623,5.960000038146973,5.744821071624756,1459600
2015-10-22,5.934999942779541,6.074999809265137,5.875,6.070000171661377,5.8508501052856445,1281600
2015-10-23,6.105000019073486,6.139999866485596,6.074999809265137,6.119999885559082,5.899044036865234,678800
2015-10-26,6.099999904632568,6.215000152587891,6.099999904632568,6.175000190734863,5.952058792114258,1166200
2015-10-27,6.164999961853027,6.199999809265137,6.135000228881836,6.15500020980835,5.9327802658081055,882400
2015-10-28,6.179999828338623,6.309999942779541,6.170000076293945,6.21999979019165,5.995434284210205,952600
2015-10-29,6.190000057220459,6.190000057220459,6.119999885559082,6.184999942779541,5.961697578430176,794200
2015-10-30,6.175000190734863,6.284999847412109,6.15500020980835,6.190000057220459,5.966517448425293,1149800
2015-11-02,6.195000171661377,6.204999923706055,6.105000019073486,6.190000057220459,5.966517448425293,727000
2015-11-03,6.159999847412109,6.215000152587891,6.135000228881836,6.184999942779541,5.961697578430176,658600
2015-11-04,6.164999961853027,6.164999961853027,6.070000171661377,6.135000228881836,5.913503170013428,1008600
2015-11-05,6.130000114440918,6.139999866485596,6.045000076293945,6.074999809265137,5.855668544769287,528400
2015-11-06,6.050000190734863,6.110000133514404,6.034999847412109,6.090000152587891,5.870128154754639,579800
2015-11-09,6.050000190734863,6.050000190734863,5.875,5.880000114440918,5.6677093505859375,1958000
2015-11-10,5.914999961853027,5.965000152587891,5.855000019073486,5.929999828338623,5.715903282165527,933200
2015-11-11,5.96999979019165,5.96999979019165,5.855000019073486,5.869999885559082,5.6580705642700195,522600
2015-11-12,5.864999771118164,5.940000057220459,5.849999904632568,5.864999771118164,5.653250217437744,812000
2015-11-13,5.864999771118164,5.864999771118164,5.804999828338623,5.84499979019165,5.633972644805908,874400
2015-11-16,5.84499979019165,5.90500020980835,5.835000038146973,5.90500020980835,5.691807270050049,3214400
2015-11-17,5.914999961853027,5.974999904632568,5.775000095367432,5.875,5.6628899574279785,1448600
2015-11-18,5.875,5.900000095367432,5.840000152587891,5.875,5.6628899574279785,937600
2015-11-19,5.880000114440918,6.025000095367432,5.880000114440918,5.980000019073486,5.76409912109375,969800
2015-11-20,6.019999980926514,6.070000171661377,5.965000152587891,5.96999979019165,5.754459381103516,647600
2015-11-23,5.985000133514404,6.005000114440918,5.945000171661377,5.965000152587891,5.749640941619873,633600
2015-11-24,5.920000076293945,5.985000133514404,5.90500020980835,5.980000019073486,5.76409912109375,756000
2015-11-25,6.0,6.0,5.889999866485596,5.889999866485596,5.677348613739014,740400
2015-11-27,5.949999809265137,5.994999885559082,5.914999961853027,5.96999979019165,5.754459381103516,567400
2015-11-30,5.994999885559082,6.284999847412109,5.974999904632568,6.275000095367432,6.04844856262207,5366800
2015-12-01,6.28000020980835,6.284999847412109,6.150000095367432,6.21999979019165,5.995434284210205,1772800
2015-12-02,6.15500020980835,6.195000171661377,6.119999885559082,6.144999980926514,5.923141956329346,1524800
2015-12-03,6.110000133514404,6.195000171661377,6.065000057220459,6.070000171661377,5.8508501052856445,1290200
2015-12-04,6.090000152587891,6.130000114440918,6.025000095367432,6.090000152587891,5.870128154754639,711000
2015-12-07,6.110000133514404,6.130000114440918,6.070000171661377,6.090000152587891,5.870128154754639,592200
2015-12-08,6.014999866485596,6.054999828338623,5.96999979019165,6.005000114440918,5.788197040557861,878200
2015-12-09,5.974999904632568,6.03000020980835,5.954999923706055,5.96999979019165,5.754459381103516,609600
2015-12-10,5.985000133514404,5.994999885559082,5.934999942779541,5.965000152587891,5.749640941619873,486600
2015-12-11,5.900000095367432,5.929999828338623,5.864999771118164,5.894999980926514,5.6821675300598145,1289600
2015-12-14,5.909999847412109,5.960000038146973,5.909999847412109,5.940000057220459,5.725543022155762,676200
2015-12-15,6.0,6.065000057220459,5.974999904632568,6.005000114440918,5.788197040557861,849000
2015-12-16,5.965000152587891,6.019999980926514,5.934999942779541,5.985000133514404,5.768918991088867,1198200
2015-12-17,5.920000076293945,5.980000019073486,5.835000038146973,5.855000019073486,5.643611907958984,1499400
2015-12-18,5.864999771118164,5.894999980926514,5.804999828338623,5.820000171661377,5.6098761558532715,1871800
2015-12-21,5.875,5.894999980926514,5.800000190734863,5.849999904632568,5.638792514801025,865800
2015-12-22,5.914999961853027,5.914999961853027,5.840000152587891,5.900000095367432,5.686986923217773,938000
2015-12-23,5.920000076293945,5.954999923706055,5.864999771118164,5.900000095367432,5.686986923217773,1374200
2015-12-24,5.909999847412109,5.960000038146973,5.909999847412109,5.934999942779541,5.720724105834961,583400
2015-12-28,5.940000057220459,5.954999923706055,5.840000152587891,5.860000133514404,5.648431301116943,1939600
2015-12-29,5.900000095367432,5.920000076293945,5.849999904632568,5.875,5.6628899574279785,1268200
2015-12-30,5.835000038146973,5.869999885559082,5.809999942779541,5.820000171661377,5.6098761558532715,578200
2015-12-31,5.840000152587891,5.840000152587891,5.75,5.769999980926514,5.561679840087891,978800
2016-01-04,5.679999828338623,5.710000038146973,5.579999923706055,5.599999904632568,5.397818565368652,2540400
2016-01-05,5.614999771118164,5.659999847412109,5.590000152587891,5.630000114440918,5.426735877990723,1288400
2016-01-06,5.565000057220459,5.659999847412109,5.559999942779541,5.635000228881836,5.431554794311523,1302600
2016-01-07,5.59499979019165,5.704999923706055,5.539999961853027,5.599999904632568,5.397818565368652,2216600
2016-01-08,5.675000190734863,5.695000171661377,5.570000171661377,5.579999923706055,5.378540515899658,1169600
2016-01-11,5.579999923706055,5.579999923706055,5.429999828338623,5.474999904632568,5.277331829071045,1328400
2016-01-12,5.585000038146973,5.710000038146973,5.545000076293945,5.679999828338623,5.4749298095703125,1604200
2016-01-13,5.650000095367432,5.695000171661377,5.53000020980835,5.534999847412109,5.335165023803711,1172000
2016-01-14,5.590000152587891,5.724999904632568,5.554999828338623,5.675000190734863,5.470110893249512,1370400
2016-01-15,5.545000076293945,5.559999942779541,5.474999904632568,5.525000095367432,5.325526714324951,1368000
2016-01-19,5.579999923706055,5.630000114440918,5.485000133514404,5.53000020980835,5.33034610748291,1403400
2016-01-20,5.449999809265137,5.644999980926514,5.429999828338623,5.585000038146973,5.383359432220459,1431400
2016-01-21,5.619999885559082,5.699999809265137,5.570000171661377,5.65500020980835,5.450832366943359,1210200
2016-01-22,5.739999771118164,5.800000190734863,5.684999942779541,5.724999904632568,5.51830530166626,1154000
2016-01-25,5.650000095367432,5.704999923706055,5.630000114440918,5.630000114440918,5.462035655975342,821000
2016-01-26,5.635000228881836,5.739999771118164,5.625,5.710000038146973,5.53964900970459,1111600
2016-01-27,5.695000171661377,5.829999923706055,5.690000057220459,5.71999979019165,5.549350261688232,1510800
2016-01-28,5.699999809265137,5.739999771118164,5.650000095367432,5.684999942779541,5.515395641326904,1097400
2016-01-29,5.775000095367432,5.860000133514404,5.775000095367432,5.860000133514404,5.685173988342285,581600
2016-02-01,5.809999942779541,5.940000057220459,5.809999942779541,5.920000076293945,5.743383884429932,1020800
2016-02-02,5.860000133514404,5.949999809265137,5.84499979019165,5.885000228881836,5.709428310394287,1433000
2016-02-03,5.875,5.900000095367432,5.784999847412109,5.885000228881836,5.709428310394287,1025400
2016-02-04,5.864999771118164,5.965000152587891,5.860000133514404,5.960000038146973,5.782190322875977,1539200
2016-02-05,5.914999961853027,5.914999961853027,5.775000095367432,5.849999904632568,5.675472736358643,967400
2016-02-08,5.710000038146973,5.739999771118164,5.579999923706055,5.659999847412109,5.4911417961120605,803600
2016-02-09,5.614999771118164,5.650000095367432,5.545000076293945,5.59499979019165,5.428080081939697,818200
2016-02-10,5.610000133514404,5.695000171661377,5.59499979019165,5.619999885559082,5.452333927154541,785800
2016-02-11,5.505000114440918,5.505000114440918,5.324999809265137,5.494999885559082,5.3310627937316895,1687800
2016-02-12,5.565000057220459,5.574999809265137,5.460000038146973,5.534999847412109,5.369870185852051,1381200
2016-02-16,5.610000133514404,5.619999885559082,5.550000190734863,5.59499979019165,5.428080081939697,1117600
2016-02-17,5.639999866485596,5.710000038146973,5.614999771118164,5.684999942779541,5.515395641326904,1980800
2016-02-18,5.730000019073486,5.869999885559082,5.724999904632568,5.800000190734863,5.6269636154174805,2045000
2016-02-19,5.789999961853027,5.835000038146973,5.744999885559082,5.809999942779541,5.6366658210754395,1014000
2016-02-22,5.809999942779541,5.815000057220459,5.75,5.775000095367432,5.602710247039795,1104400
2016-02-23,5.735000133514404,5.755000114440918,5.699999809265137,5.699999809265137,5.529947280883789,728200
2016-02-24,5.625,5.659999847412109,5.574999809265137,5.644999980926514,5.476588249206543,1131400
2016-02-25,5.659999847412109,5.675000190734863,5.610000133514404,5.670000076293945,5.500842094421387,747600
2016-02-26,5.690000057220459,5.690000057220459,5.625,5.650000095367432,5.481439590454102,749400
2016-02-29,5.630000114440918,5.630000114440918,5.585000038146973,5.590000152587891,5.423229217529297,1076800
2016-03-01,5.65500020980835,5.800000190734863,5.65500020980835,5.775000095367432,5.602710247039795,790600
2016-03-02,5.78000020980835,5.980000019073486,5.769999980926514,5.965000152587891,5.787041664123535,2361000
2016-03-03,5.945000171661377,5.96999979019165,5.909999847412109,5.960000038146973,5.782190322875977,713800
2016-03-04,5.900000095367432,5.994999885559082,5.900000095367432,5.974999904632568,5.796742916107178,886200
2016-03-07,5.945000171661377,6.025000095367432,5.929999828338623,5.989999771118164,5.811295509338379,541800
2016-03-08,5.940000057220459,5.96999979019165,5.880000114440918,5.900000095367432,5.72398042678833,851600
2016-03-09,5.920000076293945,5.925000190734863,5.860000133514404,5.914999961853027,5.7385334968566895,939400
2016-03-10,5.925000190734863,5.929999828338623,5.820000171661377,5.864999771118164,5.690023899078369,747000
2016-03-11,5.909999847412109,5.920000076293945,5.875,5.909999847412109,5.733682632446289,679400
2016-03-14,5.900000095367432,6.025000095367432,5.894999980926514,6.0,5.820997714996338,984600
2016-03-15,5.945000171661377,5.980000019073486,5.920000076293945,5.960000038146973,5.782190322875977,1109400
2016-03-16,5.954999923706055,6.010000228881836,5.914999961853027,6.010000228881836,5.830699443817139,615200
2016-03-17,6.005000114440918,6.110000133514404,5.974999904632568,6.079999923706055,5.898610591888428,871600
2016-03-18,6.150000095367432,6.164999961853027,6.09499979019165,6.164999961853027,5.981074333190918,1348400
2016-03-21,6.170000076293945,6.210000038146973,6.170000076293945,6.179999828338623,5.995627403259277,603400
2016-03-22,6.159999847412109,6.215000152587891,6.130000114440918,6.15500020980835,5.971373081207275,621600
2016-03-23,6.170000076293945,6.190000057220459,6.135000228881836,6.15500020980835,5.971373081207275,746000
2016-03-24,6.135000228881836,6.21999979019165,6.125,6.199999809265137,6.0150299072265625,778000
2016-03-28,6.204999923706055,6.235000133514404,6.139999866485596,6.15500020980835,5.971373081207275,630000
2016-03-29,6.114999771118164,6.199999809265137,6.114999771118164,6.199999809265137,6.0150299072265625,1624800
2016-03-30,6.239999771118164,6.295000076293945,6.204999923706055,6.264999866485596,6.078091144561768,894400
2016-03-31,6.264999866485596,6.355000019073486,6.230000019073486,6.289999961853027,6.102344989776611,1203200
2016-04-01,6.239999771118164,6.389999866485596,6.175000190734863,6.375,6.184809684753418,1101400
2016-04-04,6.380000114440918,6.445000171661377,6.364999771118164,6.394999980926514,6.2042131423950195,858000
2016-04-05,6.309999942779541,6.309999942779541,6.179999828338623,6.239999771118164,6.053836822509766,1708600
2016-04-06,6.235000133514404,6.239999771118164,6.179999828338623,6.215000152587891,6.02958345413208,814400
2016-04-07,6.150000095367432,6.215000152587891,6.074999809265137,6.09499979019165,5.913162708282471,1472400
2016-04-08,6.135000228881836,6.159999847412109,6.045000076293945,6.059999942779541,5.87920618057251,733600
2016-04-11,6.230000019073486,6.28000020980835,6.175000190734863,6.195000171661377,6.01017951965332,1825400
2016-04-12,6.21999979019165,6.275000095367432,6.195000171661377,6.25,6.063538551330566,1266600
2016-04-13,6.324999809265137,6.400000095367432,6.300000190734863,6.369999885559082,6.179958820343018,1637800
2016-04-14,6.355000019073486,6.380000114440918,6.304999828338623,6.34499979019165,6.155704498291016,1228800
2016-04-15,6.389999866485596,6.46999979019165,6.375,6.465000152587891,6.272124290466309,939600
2016-04-18,6.429999828338623,6.445000171661377,6.340000152587891,6.440000057220459,6.247870445251465,1324800
2016-04-19,6.465000152587891,6.539999961853027,6.445000171661377,6.485000133514404,6.291527271270752,1380800
2016-04-20,6.400000095367432,6.525000095367432,6.394999980926514,6.480000019073486,6.286677360534668,4500200
2016-04-21,6.195000171661377,6.224999904632568,6.130000114440918,6.179999828338623,5.995627403259277,2656600
2016-04-22,6.135000228881836,6.204999923706055,6.059999942779541,6.105000019073486,5.9228644371032715,1044200
2016-04-25,6.09499979019165,6.190000057220459,6.074999809265137,6.144999980926514,5.961670875549316,1010400
2016-04-26,6.170000076293945,6.199999809265137,6.125,6.164999961853027,5.981074333190918,709200
2016-04-27,6.15500020980835,6.25,6.135000228881836,6.170000076293945,5.985925674438477,918000
2016-04-28,6.119999885559082,6.175000190734863,6.079999923706055,6.079999923706055,5.898610591888428,1128800
2016-04-29,6.050000190734863,6.09499979019165,6.005000114440918,6.074999809265137,5.893759250640869,999400
2016-05-02,6.074999809265137,6.090000152587891,6.0,6.025000095367432,5.845251560211182,821600
2016-05-03,5.965000152587891,6.014999866485596,5.920000076293945,5.945000171661377,5.767637729644775,979200
2016-05-04,5.900000095367432,5.925000190734863,5.869999885559082,5.909999847412109,5.733682632446289,928600
2016-05-05,5.920000076293945,5.954999923706055,5.894999980926514,5.90500020980835,5.728831768035889,1091200
2016-05-06,5.835000038146973,5.940000057220459,5.824999809265137,5.925000190734863,5.74823522567749,1212800
2016-05-09,5.934999942779541,6.019999980926514,5.934999942779541,6.0,5.820997714996338,1197400
2016-05-10,5.96999979019165,6.019999980926514,5.954999923706055,5.980000019073486,5.8015947341918945,1190000
2016-05-11,5.96999979019165,5.994999885559082,5.945000171661377,5.949999809265137,5.772487640380859,531000
2016-05-12,5.985000133514404,6.019999980926514,5.929999828338623,5.96999979019165,5.791892051696777,717000
2016-05-13,5.949999809265137,5.994999885559082,5.914999961853027,5.925000190734863,5.74823522567749,619200
2016-05-16,5.965000152587891,6.005000114440918,5.934999942779541,5.989999771118164,5.811295509338379,539800
2016-05-17,5.980000019073486,5.985000133514404,5.909999847412109,5.920000076293945,5.743383884429932,620000
2016-05-18,5.920000076293945,6.014999866485596,5.90500020980835,5.96999979019165,5.791892051696777,1519800
2016-05-19,5.940000057220459,5.96999979019165,5.900000095367432,5.934999942779541,5.757936477661133,442400
2016-05-20,5.954999923706055,6.0,5.954999923706055,6.0,5.820997714996338,520400
2016-05-23,5.985000133514404,5.985000133514404,5.945000171661377,5.974999904632568,5.796742916107178,498600
2016-05-24,5.980000019073486,6.010000228881836,5.945000171661377,6.0,5.820997714996338,1870600
2016-05-25,6.034999847412109,6.070000171661377,5.994999885559082,6.059999942779541,5.87920618057251,1082200
2016-05-26,6.085000038146973,6.090000152587891,6.034999847412109,6.065000057220459,5.884058952331543,876600
2016-05-27,6.074999809265137,6.085000038146973,6.039999961853027,6.085000038146973,5.903461456298828,822000
2016-05-31,6.074999809265137,6.074999809265137,5.989999771118164,6.005000114440918,5.82584810256958,2270200
2016-06-01,6.005000114440918,6.105000019073486,6.005000114440918,6.090000152587891,5.908312797546387,853200
2016-06-02,6.050000190734863,6.070000171661377,5.985000133514404,6.070000171661377,5.888909339904785,1930200
2016-06-03,6.054999828338623,6.079999923706055,6.03000020980835,6.065000057220459,5.884058952331543,861400
2016-06-06,6.059999942779541,6.065000057220459,5.994999885559082,6.039999961853027,5.859803676605225,1259400
2016-06-07,6.054999828338623,6.09499979019165,6.034999847412109,6.09499979019165,5.913162708282471,1370600
2016-06-08,6.114999771118164,6.119999885559082,6.079999923706055,6.105000019073486,5.9228644371032715,344400
2016-06-09,6.059999942779541,6.090000152587891,6.039999961853027,6.070000171661377,5.888909339904785,915600
2016-06-10,6.045000076293945,6.059999942779541,6.025000095367432,6.050000190734863,5.869506359100342,869800
2016-06-13,6.0,6.039999961853027,5.960000038146973,5.980000019073486,5.8015947341918945,505800
2016-06-14,6.0,6.010000228881836,5.954999923706055,5.980000019073486,5.8015947341918945,745400
2016-06-15,5.980000019073486,6.014999866485596,5.960000038146973,5.989999771118164,5.811295509338379,1196200
2016-06-16,5.980000019073486,6.014999866485596,5.960000038146973,6.0,5.820997714996338,681600
2016-06-17,6.0,6.010000228881836,5.974999904632568,5.994999885559082,5.816145896911621,1352600
2016-06-20,6.074999809265137,6.135000228881836,6.074999809265137,6.09499979019165,5.913162708282471,496200
2016-06-21,6.114999771118164,6.135000228881836,6.070000171661377,6.099999904632568,5.918014049530029,517400
2016-06-22,6.119999885559082,6.159999847412109,6.105000019073486,6.125,5.942267894744873,447600
2016-06-23,6.184999942779541,6.195000171661377,6.15500020980835,6.159999847412109,5.976223945617676,642800
2016-06-24,5.925000190734863,6.0,5.914999961853027,5.934999942779541,5.757936477661133,879600
2016-06-27,5.900000095367432,5.90500020980835,5.835000038146973,5.864999771118164,5.690023899078369,1117000
2016-06-28,5.889999866485596,5.949999809265137,5.875,5.949999809265137,5.772487640380859,1205800
2016-06-29,6.039999961853027,6.085000038146973,6.010000228881836,6.070000171661377,5.888909339904785,788000
2016-06-30,6.090000152587891,6.184999942779541,6.019999980926514,6.179999828338623,5.995627403259277,1441600
2016-07-01,6.170000076293945,6.179999828338623,6.15500020980835,6.164999961853027,5.981074333190918,352600
2016-07-05,6.139999866485596,6.139999866485596,6.090000152587891,6.125,5.942267894744873,690400
2016-07-06,6.090000152587891,6.105000019073486,6.045000076293945,6.090000152587891,5.908312797546387,1221800
2016-07-07,6.070000171661377,6.114999771118164,6.045000076293945,6.059999942779541,5.88645601272583,721800
2016-07-08,6.099999904632568,6.125,6.079999923706055,6.125,5.949594974517822,571000
2016-07-11,6.175000190734863,6.215000152587891,6.164999961853027,6.204999923706055,6.027304649353027,513400
2016-07-12,6.224999904632568,6.235000133514404,6.184999942779541,6.230000019073486,6.05158805847168,1078000
2016-07-13,6.235000133514404,6.235000133514404,6.184999942779541,6.21999979019165,6.041874408721924,961600
2016-07-14,6.210000038146973,6.230000019073486,6.175000190734863,6.175000190734863,5.998162746429443,848800
2016-07-15,6.025000095367432,6.070000171661377,5.949999809265137,5.974999904632568,5.803890705108643,2048000
2016-07-18,5.949999809265137,5.96999979019165,5.900000095367432,5.925000190734863,5.75532341003418,919000
2016-07-19,5.724999904632568,5.775000095367432,5.514999866485596,5.519999980926514,5.3619208335876465,2699600
2016-07-20,5.675000190734863,5.815000057220459,5.675000190734863,5.735000133514404,5.570764064788818,1738200
2016-07-21,5.75,5.78000020980835,5.664999961853027,5.664999961853027,5.502768039703369,1256200
2016-07-22,5.679999828338623,5.679999828338623,5.614999771118164,5.625,5.463913917541504,909600
2016-07-25,5.659999847412109,5.710000038146973,5.650000095367432,5.664999961853027,5.502768039703369,1010800
2016-07-26,5.670000076293945,5.715000152587891,5.659999847412109,5.684999942779541,5.522196292877197,1133000
2016-07-27,5.730000019073486,5.744999885559082,5.704999923706055,5.71999979019165,5.556192874908447,1416600
2016-07-28,5.760000228881836,5.795000076293945,5.735000133514404,5.760000228881836,5.595048427581787,1612400
2016-07-29,5.760000228881836,5.764999866485596,5.650000095367432,5.670000076293945,5.507625579833984,1010600
2016-08-01,5.755000114440918,5.815000057220459,5.75,5.784999847412109,5.619332313537598,2283800
2016-08-02,5.769999980926514,5.775000095367432,5.695000171661377,5.699999809265137,5.536766052246094,842600
2016-08-03,5.679999828338623,5.690000057220459,5.650000095367432,5.679999828338623,5.51733922958374,829200
2016-08-04,5.670000076293945,5.695000171661377,5.664999961853027,5.684999942779541,5.522196292877197,683400
2016-08-05,5.695000171661377,5.735000133514404,5.679999828338623,5.695000171661377,5.531909465789795,536600
2016-08-08,5.699999809265137,5.724999904632568,5.675000190734863,5.684999942779541,5.522196292877197,739800
2016-08-09,5.670000076293945,5.699999809265137,5.639999866485596,5.644999980926514,5.483341217041016,1671000
2016-08-10,5.625,5.644999980926514,5.610000133514404,5.630000114440918,5.468770980834961,893600
2016-08-11,5.630000114440918,5.675000190734863,5.630000114440918,5.664999961853027,5.502768039703369,662000
2016-08-12,5.650000095367432,5.699999809265137,5.625,5.644999980926514,5.483341217041016,277800
2016-08-15,5.670000076293945,5.679999828338623,5.650000095367432,5.664999961853027,5.502768039703369,448600
2016-08-16,5.644999980926514,5.650000095367432,5.605000019073486,5.614999771118164,5.4542012214660645,510000
2016-08-17,5.570000171661377,5.585000038146973,5.485000133514404,5.519999980926514,5.3619208335876465,1404400
2016-08-18,5.5,5.5,5.445000171661377,5.460000038146973,5.3036394119262695,1296400
2016-08-19,5.409999847412109,5.434999942779541,5.389999866485596,5.40500020980835,5.250214576721191,959000
2016-08-22,5.375,5.380000114440918,5.309999942779541,5.329999923706055,5.177362442016602,1282000
2016-08-23,5.364999771118164,5.400000095367432,5.360000133514404,5.375,5.221073150634766,1851000
2016-08-24,5.380000114440918,5.380000114440918,5.295000076293945,5.300000190734863,5.148221015930176,917000
2016-08-25,5.244999885559082,5.28000020980835,5.215000152587891,5.239999771118164,5.089939117431641,1402000
2016-08-26,5.179999828338623,5.215000152587891,5.144999980926514,5.175000190734863,5.026800632476807,1724600
2016-08-29,5.150000095367432,5.159999847412109,5.085000038146973,5.085000038146973,4.939378261566162,1417000
2016-08-30,5.119999885559082,5.179999828338623,5.090000152587891,5.105000019073486,4.958805561065674,1017600
2016-08-31,5.114999771118164,5.164999961853027,5.079999923706055,5.159999847412109,5.012230396270752,1843600
2016-09-01,5.130000114440918,5.150000095367432,5.105000019073486,5.135000228881836,4.987946510314941,1472200
2016-09-02,5.15500020980835,5.204999923706055,5.15500020980835,5.195000171661377,5.046228408813477,1154400
2016-09-06,5.204999923706055,5.210000038146973,5.139999866485596,5.170000076293945,5.021944522857666,905000
2016-09-07,5.175000190734863,5.179999828338623,5.09499979019165,5.110000133514404,4.963662147521973,870400
2016-09-08,5.079999923706055,5.099999904632568,5.014999866485596,5.019999980926514,4.876239776611328,1578000
2016-09-09,5.005000114440918,5.014999866485596,4.90500020980835,4.909999847412109,4.769389629364014,2236800
2016-09-12,4.965000152587891,4.974999904632568,4.920000076293945,4.949999809265137,4.808243751525879,1588200
2016-09-13,4.900000095367432,4.929999828338623,4.855000019073486,4.864999771118164,4.725678443908691,1886000
2016-09-14,4.880000114440918,4.920000076293945,4.860000133514404,4.875,4.735392093658447,1748800
2016-09-15,4.875,4.934999942779541,4.860000133514404,4.90500020980835,4.764533042907715,1645800
2016-09-16,4.889999866485596,4.909999847412109,4.84499979019165,4.84499979019165,4.706251621246338,1726200
2016-09-19,4.875,4.954999923706055,4.869999885559082,4.934999942779541,4.793674468994141,1664600
2016-09-20,4.949999809265137,4.985000133514404,4.909999847412109,4.909999847412109,4.769389629364014,1060600
2016-09-21,4.940000057220459,4.940000057220459,4.875,4.90500020980835,4.764533042907715,2349600
2016-09-22,4.934999942779541,4.949999809265137,4.900000095367432,4.920000076293945,4.7791032791137695,2116000
2016-09-23,4.900000095367432,4.965000152587891,4.875,4.885000228881836,4.745105743408203,1903600
2016-09-26,4.889999866485596,4.914999961853027,4.855000019073486,4.875,4.735392093658447,2005200
2016-09-27,4.914999961853027,4.954999923706055,4.894999980926514,4.914999961853027,4.774246692657471,1877400
2016-09-28,4.920000076293945,4.934999942779541,4.875,4.889999866485596,4.749963283538818,1259800
2016-09-29,4.885000228881836,4.954999923706055,4.855000019073486,4.889999866485596,4.749963283538818,2998800
2016-09-30,4.929999828338623,4.940000057220459,4.849999904632568,4.855000019073486,4.7159647941589355,2082400
2016-10-03,4.894999980926514,4.894999980926514,4.840000152587891,4.864999771118164,4.725678443908691,2071800
2016-10-04,4.864999771118164,4.90500020980835,4.829999923706055,4.84499979019165,4.706251621246338,1408800
2016-10-05,4.835000038146973,4.875,4.835000038146973,4.860000133514404,4.720821857452393,1227600
2016-10-06,4.860000133514404,4.889999866485596,4.84499979019165,4.875,4.735392093658447,1086000
2016-10-07,4.875,4.880000114440918,4.849999904632568,4.869999885559082,4.730535984039307,1051800
2016-10-10,4.894999980926514,4.920000076293945,4.885000228881836,4.909999847412109,4.769389629364014,534400
2016-10-11,4.909999847412109,4.929999828338623,4.84499979019165,4.849999904632568,4.7111077308654785,1261000
2016-10-12,4.860000133514404,4.864999771118164,4.824999809265137,4.84499979019165,4.706251621246338,1381400
2016-10-13,4.815000057220459,4.965000152587891,4.815000057220459,4.954999923706055,4.813101768493652,2271200
2016-10-14,4.90500020980835,4.90500020980835,4.860000133514404,4.880000114440918,4.740248680114746,1464400
2016-10-17,4.860000133514404,4.909999847412109,4.860000133514404,4.900000095367432,4.759676933288574,2092200
2016-10-18,5.019999980926514,5.045000076293945,4.989999771118164,4.994999885559082,4.851954936981201,1819600
2016-10-19,5.085000038146973,5.09499979019165,5.025000095367432,5.03000020980835,4.885953426361084,2062200
2016-10-20,5.074999809265137,5.074999809265137,4.920000076293945,4.960000038146973,4.817957878112793,1873200
2016-10-21,4.945000171661377,4.945000171661377,4.880000114440918,4.889999866485596,4.749963283538818,1590800
2016-10-24,4.820000171661377,4.869999885559082,4.809999942779541,4.864999771118164,4.725678443908691,2067800
2016-10-25,4.864999771118164,4.864999771118164,4.824999809265137,4.84499979019165,4.706251621246338,1738600
2016-10-26,4.775000095367432,4.820000171661377,4.755000114440918,4.789999961853027,4.652826309204102,1596400
2016-10-27,4.724999904632568,4.75,4.710000038146973,4.724999904632568,4.589687347412109,2454800
2016-10-28,4.739999771118164,4.820000171661377,4.730000019073486,4.815000057220459,4.677110195159912,2364600
2016-10-31,4.829999923706055,4.840000152587891,4.815000057220459,4.835000038146973,4.696537494659424,1527200
2016-11-01,4.804999828338623,4.829999923706055,4.78000020980835,4.824999809265137,4.686823844909668,2370600
2016-11-02,4.795000076293945,4.820000171661377,4.75,4.78000020980835,4.643113136291504,710800
2016-11-03,4.715000152587891,4.739999771118164,4.695000171661377,4.704999923706055,4.570260047912598,1133000
2016-11-04,4.704999923706055,4.784999847412109,4.695000171661377,4.735000133514404,4.599400997161865,1290600
2016-11-07,4.760000228881836,4.835000038146973,4.744999885559082,4.835000038146973,4.696537494659424,3032400
2016-11-08,4.764999866485596,4.800000190734863,4.744999885559082,4.769999980926514,4.633398532867432,1634600
2016-11-09,4.695000171661377,4.730000019073486,4.625,4.71999979019165,4.584831237792969,1663400
2016-11-10,4.699999809265137,4.755000114440918,4.65500020980835,4.695000171661377,4.560547351837158,1817600
2016-11-11,4.670000076293945,4.695000171661377,4.630000114440918,4.639999866485596,4.507122039794922,1314200
2016-11-14,4.650000095367432,4.670000076293945,4.545000076293945,4.605000019073486,4.473124027252197,1317600
2016-11-15,4.639999866485596,4.679999828338623,4.574999809265137,4.639999866485596,4.507122039794922,2578200
2016-11-16,4.605000019073486,4.724999904632568,4.605000019073486,4.679999828338623,4.545976161956787,1487000
2016-11-17,4.670000076293945,4.670000076293945,4.614999771118164,4.639999866485596,4.507122039794922,1073400
2016-11-18,4.635000228881836,4.650000095367432,4.614999771118164,4.619999885559082,4.487695217132568,719600
2016-11-21,4.635000228881836,4.690000057220459,4.599999904632568,4.635000228881836,4.502265930175781,827400
2016-11-22,4.659999847412109,4.695000171661377,4.639999866485596,4.679999828338623,4.545976161956787,1151600
2016-11-23,4.659999847412109,4.724999904632568,4.644999980926514,4.699999809265137,4.565403938293457,1281000
2016-11-25,4.739999771118164,4.855000019073486,4.739999771118164,4.849999904632568,4.7111077308654785,721000
2016-11-28,4.824999809265137,4.829999923706055,4.764999866485596,4.800000190734863,4.662540435791016,1210000
2016-11-29,4.800000190734863,4.800000190734863,4.760000228881836,4.789999961853027,4.652826309204102,847200
2016-11-30,4.784999847412109,4.860000133514404,4.784999847412109,4.795000076293945,4.6576828956604,3884400
2016-12-01,4.804999828338623,4.815000057220459,4.71999979019165,4.735000133514404,4.599400997161865,1620000
2016-12-02,4.71999979019165,4.71999979019165,4.635000228881836,4.664999961853027,4.531406402587891,1211400
2016-12-05,4.690000057220459,4.695000171661377,4.614999771118164,4.635000228881836,4.502265930175781,1150400
2016-12-06,4.664999961853027,4.684999942779541,4.630000114440918,4.670000076293945,4.536262035369873,1263600
2016-12-07,4.65500020980835,4.735000133514404,4.635000228881836,4.715000152587891,4.57997465133667,1611200
2016-12-08,4.71999979019165,4.735000133514404,4.65500020980835,4.675000190734863,4.5411200523376465,1684400
2016-12-09,4.684999942779541,4.704999923706055,4.625,4.670000076293945,4.536262035369873,2441400
2016-12-12,4.625,4.704999923706055,4.619999885559082,4.675000190734863,4.5411200523376465,830200
2016-12-13,4.710000038146973,4.815000057220459,4.710000038146973,4.809999942779541,4.672253608703613,1231000
2016-12-14,4.800000190734863,4.824999809265137,4.715000152587891,4.71999979019165,4.584831237792969,1254600
2016-12-15,4.71999979019165,4.849999904632568,4.710000038146973,4.809999942779541,4.672253608703613,2336000
2016-12-16,4.795000076293945,4.804999828338623,4.769999980926514,4.804999828338623,4.6673970222473145,3378800
2016-12-19,4.795000076293945,4.820000171661377,4.760000228881836,4.815000057220459,4.677110195159912,746000
2016-12-20,4.840000152587891,4.84499979019165,4.800000190734863,4.809999942779541,4.672253608703613,852800
2016-12-21,4.789999961853027,4.849999904632568,4.764999866485596,4.789999961853027,4.652826309204102,1292000
2016-12-22,4.764999866485596,4.784999847412109,4.710000038146973,4.764999866485596,4.628542423248291,855800
2016-12-23,4.724999904632568,4.784999847412109,4.724999904632568,4.775000095367432,4.638256549835205,762600
2016-12-27,4.789999961853027,4.829999923706055,4.784999847412109,4.804999828338623,4.6673970222473145,658000
2016-12-28,4.809999942779541,4.820000171661377,4.744999885559082,4.764999866485596,4.628542423248291,533200
2016-12-29,4.784999847412109,4.815000057220459,4.769999980926514,4.800000190734863,4.662540435791016,767600
2016-12-30,4.804999828338623,4.849999904632568,4.804999828338623,4.840000152587891,4.7013936042785645,596200
2017-01-03,4.789999961853027,4.840000152587891,4.730000019073486,4.764999866485596,4.628542423248291,1772000
2017-01-04,4.795000076293945,4.900000095367432,4.795000076293945,4.885000228881836,4.745105743408203,786600
2017-01-05,4.894999980926514,4.929999828338623,4.885000228881836,4.920000076293945,4.7791032791137695,808400
2017-01-06,4.84499979019165,4.900000095367432,4.795000076293945,4.889999866485596,4.749963283538818,1326200
2017-01-09,4.90500020980835,4.90500020980835,4.860000133514404,4.875,4.735392093658447,653400
2017-01-10,4.900000095367432,4.90500020980835,4.855000019073486,4.875,4.735392093658447,907400
2017-01-11,4.875,4.929999828338623,4.860000133514404,4.925000190734863,4.783959865570068,832800
2017-01-12,4.940000057220459,4.940000057220459,4.875,4.90500020980835,4.764533042907715,651200
2017-01-13,4.90500020980835,4.914999961853027,4.860000133514404,4.880000114440918,4.740248680114746,763200
2017-01-17,4.869999885559082,4.989999771118164,4.849999904632568,4.954999923706055,4.813101768493652,1116400
2017-01-18,4.960000038146973,4.960000038146973,4.84499979019165,4.880000114440918,4.740248680114746,1143200
2017-01-19,4.869999885559082,4.914999961853027,4.849999904632568,4.880000114440918,4.740248680114746,701400
2017-01-20,4.880000114440918,4.920000076293945,4.815000057220459,4.864999771118164,4.725678443908691,460200
2017-01-23,4.875,4.889999866485596,4.824999809265137,4.840000152587891,4.7013936042785645,917600
2017-01-24,4.875,4.889999866485596,4.795000076293945,4.885000228881836,4.745105743408203,936800
2017-01-25,4.894999980926514,4.900000095367432,4.690000057220459,4.809999942779541,4.672253608703613,1242000
2017-01-26,4.815000057220459,4.849999904632568,4.735000133514404,4.75,4.613971710205078,1397800
2017-01-27,4.75,4.815000057220459,4.735000133514404,4.760000228881836,4.623685836791992,1005400
2017-01-30,4.71999979019165,4.71999979019165,4.635000228881836,4.650000095367432,4.516835689544678,1526200
2017-01-31,4.635000228881836,4.635000228881836,4.565000057220459,4.614999771118164,4.482838153839111,1316600
2017-02-01,4.630000114440918,4.635000228881836,4.5,4.525000095367432,4.4092698097229,2347400
2017-02-02,4.53000020980835,4.585000038146973,4.510000228881836,4.545000076293945,4.428757190704346,1196400
2017-02-03,4.590000152587891,4.599999904632568,4.545000076293945,4.565000057220459,4.448245525360107,1092400
2017-02-06,4.574999809265137,4.579999923706055,4.525000095367432,4.545000076293945,4.428757190704346,1582000
2017-02-07,4.554999828338623,4.579999923706055,4.510000228881836,4.570000171661377,4.453118324279785,1107800
2017-02-08,4.585000038146973,4.590000152587891,4.554999828338623,4.570000171661377,4.453118324279785,1097400
2017-02-09,4.599999904632568,4.71999979019165,4.599999904632568,4.675000190734863,4.5554327964782715,1051000
2017-02-10,4.664999961853027,4.690000057220459,4.650000095367432,4.670000076293945,4.550560474395752,915200
2017-02-13,4.710000038146973,4.75,4.704999923706055,4.724999904632568,4.604153633117676,608800
2017-02-14,4.724999904632568,4.784999847412109,4.724999904632568,4.78000020980835,4.657747745513916,902200
2017-02-15,4.760000228881836,4.815000057220459,4.739999771118164,4.809999942779541,4.6869797706604,825600
2017-02-16,4.835000038146973,4.84499979019165,4.820000171661377,4.829999923706055,4.70646858215332,593400
2017-02-17,4.815000057220459,4.824999809265137,4.755000114440918,4.760000228881836,4.638259410858154,732200
2017-02-21,4.744999885559082,4.809999942779541,4.739999771118164,4.809999942779541,4.6869797706604,947600
2017-02-22,4.78000020980835,4.815000057220459,4.75,4.800000190734863,4.6772356033325195,681400
2017-02-23,4.90500020980835,4.90500020980835,4.835000038146973,4.869999885559082,4.745445251464844,1100000
2017-02-24,4.824999809265137,4.894999980926514,4.824999809265137,4.894999980926514,4.769805908203125,578200
2017-02-27,4.894999980926514,4.920000076293945,4.855000019073486,4.914999961853027,4.789294242858887,603400
2017-02-28,4.894999980926514,4.894999980926514,4.860000133514404,4.889999866485596,4.764934062957764,1520000
2017-03-01,4.900000095367432,4.949999809265137,4.875,4.940000057220459,4.813655853271484,1252200
2017-03-02,4.909999847412109,4.960000038146973,4.894999980926514,4.945000171661377,4.818527698516846,802200
2017-03-03,4.949999809265137,4.96999979019165,4.925000190734863,4.929999828338623,4.803909778594971,574000
2017-03-06,4.90500020980835,4.934999942779541,4.860000133514404,4.925000190734863,4.799038887023926,777400
2017-03-07,4.934999942779541,4.949999809265137,4.889999866485596,4.929999828338623,4.803909778594971,893800
2017-03-08,4.929999828338623,4.954999923706055,4.90500020980835,4.929999828338623,4.803909778594971,941600
2017-03-09,4.909999847412109,4.909999847412109,4.864999771118164,4.885000228881836,4.760061740875244,647600
2017-03-10,4.920000076293945,4.985000133514404,4.909999847412109,4.974999904632568,4.84775972366333,773000
2017-03-13,5.005000114440918,5.065000057220459,4.945000171661377,4.989999771118164,4.8623762130737305,1121800
2017-03-14,4.985000133514404,5.03000020980835,4.96999979019165,5.005000114440918,4.876992702484131,1381000
2017-03-15,5.005000114440918,5.005000114440918,4.864999771118164,4.900000095367432,4.7746782302856445,2573000
2017-03-16,4.945000171661377,5.110000133514404,4.945000171661377,5.099999904632568,4.969563007354736,1664400
2017-03-17,5.105000019073486,5.130000114440918,5.0,5.014999866485596,4.8867363929748535,2208000
2017-03-20,4.994999885559082,5.025000095367432,4.949999809265137,4.980000019073486,4.852631568908691,1022200
2017-03-21,5.019999980926514,5.070000171661377,4.980000019073486,4.985000133514404,4.857503890991211,705000
2017-03-22,4.985000133514404,5.070000171661377,4.985000133514404,5.045000076293945,4.9159698486328125,673600
2017-03-23,5.09499979019165,5.114999771118164,5.070000171661377,5.099999904632568,4.969563007354736,917200
2017-03-24,5.119999885559082,5.119999885559082,5.079999923706055,5.079999923706055,4.950074672698975,483800
2017-03-27,5.054999828338623,5.110000133514404,5.054999828338623,5.110000133514404,4.979307174682617,777000
2017-03-28,5.125,5.170000076293945,5.099999904632568,5.119999885559082,4.989051818847656,781000
2017-03-29,5.114999771118164,5.144999980926514,5.079999923706055,5.125,4.993923187255859,917800
2017-03-30,5.144999980926514,5.170000076293945,5.125,5.135000228881836,5.003667831420898,806200
2017-03-31,5.150000095367432,5.204999923706055,5.105000019073486,5.114999771118164,4.984179496765137,2027400
2017-04-03,5.085000038146973,5.114999771118164,5.005000114440918,5.034999847412109,4.906225681304932,1539200
2017-04-04,5.034999847412109,5.045000076293945,4.985000133514404,5.0,4.8721208572387695,924400
2017-04-05,5.03000020980835,5.079999923706055,5.005000114440918,5.070000171661377,4.940330505371094,2059400
2017-04-06,5.079999923706055,5.090000152587891,5.010000228881836,5.03000020980835,4.90135383605957,1644200
2017-04-07,5.034999847412109,5.054999828338623,5.010000228881836,5.034999847412109,4.906225681304932,1281200
2017-04-10,5.0,5.010000228881836,4.954999923706055,4.960000038146973,4.83314323425293,944200
2017-04-11,5.0,5.010000228881836,4.920000076293945,4.960000038146973,4.83314323425293,1395200
2017-04-12,4.945000171661377,4.945000171661377,4.855000019073486,4.889999866485596,4.764934062957764,1732800
2017-04-13,4.809999942779541,4.885000228881836,4.78000020980835,4.815000057220459,4.69185209274292,1748600
2017-04-17,4.809999942779541,4.889999866485596,4.809999942779541,4.84499979019165,4.7210845947265625,687800
2017-04-18,4.840000152587891,4.885000228881836,4.804999828338623,4.860000133514404,4.735701560974121,1430000
2017-04-19,4.900000095367432,4.929999828338623,4.885000228881836,4.914999961853027,4.789294242858887,1161400
2017-04-20,4.914999961853027,4.945000171661377,4.894999980926514,4.925000190734863,4.799038887023926,1186000
2017-04-21,4.840000152587891,4.914999961853027,4.815000057220459,4.849999904632568,4.725956439971924,742200
2017-04-24,4.880000114440918,4.894999980926514,4.855000019073486,4.889999866485596,4.764934062957764,1002800
2017-04-25,4.985000133514404,4.994999885559082,4.840000152587891,4.84499979019165,4.7210845947265625,2675800
2017-04-26,4.84499979019165,4.945000171661377,4.784999847412109,4.875,4.750317096710205,1958400
2017-04-27,4.900000095367432,4.925000190734863,4.885000228881836,4.914999961853027,4.789294242858887,1740400
2017-04-28,4.929999828338623,4.940000057220459,4.885000228881836,4.925000190734863,4.799038887023926,1637000
2017-05-01,4.920000076293945,4.965000152587891,4.914999961853027,4.945000171661377,4.818527698516846,1045200
2017-05-02,4.960000038146973,5.014999866485596,4.949999809265137,4.980000019073486,4.852631568908691,2282200
2017-05-03,4.980000019073486,5.014999866485596,4.945000171661377,4.965000152587891,4.838015556335449,958200
2017-05-04,4.994999885559082,5.0,4.974999904632568,4.974999904632568,4.84775972366333,944000
2017-05-05,4.965000152587891,5.010000228881836,4.945000171661377,4.974999904632568,4.84775972366333,922000
2017-05-08,5.014999866485596,5.079999923706055,4.960000038146973,5.065000057220459,4.935457706451416,1245000
2017-05-09,5.074999809265137,5.110000133514404,5.065000057220459,5.099999904632568,4.969563007354736,1192600
2017-05-10,5.079999923706055,5.090000152587891,5.019999980926514,5.045000076293945,4.9159698486328125,1351800
2017-05-11,5.005000114440918,5.074999809265137,5.005000114440918,5.054999828338623,4.925713539123535,1173400
2017-05-12,5.065000057220459,5.090000152587891,5.065000057220459,5.074999809265137,4.945201396942139,625600
2017-05-15,5.105000019073486,5.135000228881836,5.074999809265137,5.135000228881836,5.003667831420898,751200
2017-05-16,5.15500020980835,5.239999771118164,5.139999866485596,5.21999979019165,5.086493015289307,1545400
2017-05-17,5.164999961853027,5.179999828338623,5.110000133514404,5.125,4.993923187255859,1624600
2017-05-18,5.139999866485596,5.195000171661377,5.139999866485596,5.190000057220459,5.057260513305664,939200
2017-05-19,5.199999809265137,5.224999904632568,5.15500020980835,5.224999904632568,5.091366291046143,1302800
2017-05-22,5.21999979019165,5.235000133514404,5.195000171661377,5.224999904632568,5.091366291046143,582200
2017-05-23,5.255000114440918,5.300000190734863,5.235000133514404,5.255000114440918,5.120597839355469,913600
2017-05-24,5.255000114440918,5.320000171661377,5.255000114440918,5.300000190734863,5.164447784423828,1147400
2017-05-25,5.389999866485596,5.449999809265137,5.360000133514404,5.434999942779541,5.295994281768799,1466200
2017-05-26,5.425000190734863,5.445000171661377,5.394999980926514,5.429999828338623,5.2911224365234375,1338000
2017-05-30,5.40500020980835,5.434999942779541,5.389999866485596,5.409999847412109,5.271634578704834,3240600
2017-05-31,5.409999847412109,5.429999828338623,5.360000133514404,5.389999866485596,5.252146244049072,1886000
2017-06-01,5.445000171661377,5.460000038146973,5.369999885559082,5.460000038146973,5.320355415344238,1550600
2017-06-02,5.550000190734863,5.550000190734863,5.369999885559082,5.40500020980835,5.266761779785156,1174400
2017-06-05,5.454999923706055,5.5,5.434999942779541,5.480000019073486,5.339844226837158,1130200
2017-06-06,5.505000114440918,5.505000114440918,5.454999923706055,5.46999979019165,5.330099582672119,1305800
2017-06-07,5.210000038146973,5.429999828338623,5.210000038146973,5.429999828338623,5.2911224365234375,6470800
2017-06-08,5.414999961853027,5.420000076293945,5.360000133514404,5.40500020980835,5.266761779785156,1906600
2017-06-09,5.355000019073486,5.375,5.159999847412109,5.224999904632568,5.091366291046143,4149000
2017-06-12,4.775000095367432,5.195000171661377,4.75,5.195000171661377,5.0621337890625,3298800
2017-06-13,5.190000057220459,5.204999923706055,5.09499979019165,5.114999771118164,4.984179496765137,1826600
2017-06-14,5.119999885559082,5.139999866485596,5.034999847412109,5.070000171661377,4.940330505371094,1821400
2017-06-15,5.034999847412109,5.054999828338623,4.960000038146973,5.03000020980835,4.90135383605957,2928800
2017-06-16,4.989999771118164,5.0,4.885000228881836,4.909999847412109,4.784421920776367,3727600
2017-06-19,4.925000190734863,4.929999828338623,4.889999866485596,4.920000076293945,4.794166564941406,2251400
2017-06-20,4.900000095367432,4.980000019073486,4.889999866485596,4.945000171661377,4.818527698516846,1776800
2017-06-21,4.989999771118164,4.989999771118164,4.835000038146973,4.985000133514404,4.857503890991211,2782000
2017-06-22,5.03000020980835,5.090000152587891,4.96999979019165,5.070000171661377,4.940330505371094,1703400
2017-06-23,5.070000171661377,5.099999904632568,5.050000190734863,5.090000152587891,4.9598188400268555,1280600
2017-06-26,5.070000171661377,5.139999866485596,5.070000171661377,5.119999885559082,4.989051818847656,1011200
2017-06-27,5.090000152587891,5.099999904632568,5.059999942779541,5.099999904632568,4.969563007354736,935300
2017-06-28,5.099999904632568,5.139999866485596,5.079999923706055,5.099999904632568,4.969563007354736,451500
2017-06-29,5.099999904632568,5.190000057220459,5.079999923706055,5.130000114440918,4.998795509338379,967800
2017-06-30,5.150000095367432,5.21999979019165,5.150000095367432,5.199999809265137,5.067004680633545,1058800
2017-07-03,5.21999979019165,5.25,5.190000057220459,5.210000038146973,5.076749324798584,360600
2017-07-05,5.210000038146973,5.230000019073486,5.139999866485596,5.210000038146973,5.076749324798584,948700
2017-07-06,5.230000019073486,5.25,5.150000095367432,5.179999828338623,5.047516345977783,614900
2017-07-07,5.179999828338623,5.210000038146973,5.070000171661377,5.159999847412109,5.0280280113220215,1175300
2017-07-10,5.210000038146973,5.340000152587891,5.210000038146973,5.289999961853027,5.154703617095947,2109400
2017-07-11,5.289999961853027,5.289999961853027,5.150000095367432,5.25,5.115726470947266,1164700
2017-07-12,5.269999980926514,5.349999904632568,5.260000228881836,5.340000152587891,5.203424453735352,884700
2017-07-13,5.300000190734863,5.349999904632568,5.230000019073486,5.349999904632568,5.213168621063232,1111800
2017-07-14,5.349999904632568,5.440000057220459,5.340000152587891,5.429999828338623,5.2911224365234375,1177800
2017-07-17,5.429999828338623,5.519999980926514,5.429999828338623,5.46999979019165,5.330099582672119,1066000
2017-07-18,5.460000038146973,5.5,5.440000057220459,5.46999979019165,5.330099582672119,863100
2017-07-19,5.460000038146973,5.46999979019165,5.360000133514404,5.440000057220459,5.300867557525635,905900
2017-07-20,5.480000019073486,5.789999961853027,5.480000019073486,5.75,5.602938652038574,1960400
2017-07-21,5.760000228881836,6.150000095367432,5.739999771118164,6.050000190734863,5.895266056060791,3697300
2017-07-24,6.039999961853027,6.079999923706055,5.989999771118164,6.010000228881836,5.856288909912109,1942100
2017-07-25,6.019999980926514,6.130000114440918,6.0,6.119999885559082,5.963475227355957,1414400
2017-07-26,6.159999847412109,6.199999809265137,6.139999866485596,6.159999847412109,6.002452373504639,1670600
2017-07-27,6.199999809265137,6.230000019073486,6.050000190734863,6.119999885559082,5.963475227355957,1435300
2017-07-28,6.099999904632568,6.170000076293945,6.039999961853027,6.099999904632568,5.943986892700195,1389000
2017-07-31,6.059999942779541,6.179999828338623,6.059999942779541,6.150000095367432,5.992708206176758,1138900
2017-08-01,6.190000057220459,6.400000095367432,6.190000057220459,6.369999885559082,6.207081317901611,1746200
2017-08-02,6.369999885559082,6.380000114440918,6.269999980926514,6.340000152587891,6.177849292755127,1172400
2017-08-03,6.320000171661377,6.320000171661377,6.28000020980835,6.300000190734863,6.138871192932129,641700
2017-08-04,6.289999961853027,6.300000190734863,6.199999809265137,6.21999979019165,6.060917377471924,1336200
2017-08-07,6.230000019073486,6.25,6.090000152587891,6.110000133514404,5.953731060028076,1728500
2017-08-08,6.079999923706055,6.210000038146973,6.079999923706055,6.139999866485596,5.982964038848877,1195800
2017-08-09,6.110000133514404,6.159999847412109,6.110000133514404,6.150000095367432,5.992708206176758,1078500
2017-08-10,6.130000114440918,6.21999979019165,6.130000114440918,6.130000114440918,5.973219871520996,1608700
2017-08-11,6.159999847412109,6.21999979019165,6.150000095367432,6.159999847412109,6.002452373504639,1418100
2017-08-14,6.190000057220459,6.21999979019165,6.079999923706055,6.119999885559082,5.963475227355957,1428100
2017-08-15,6.119999885559082,6.159999847412109,6.099999904632568,6.130000114440918,5.973219871520996,632700
2017-08-16,6.139999866485596,6.179999828338623,6.079999923706055,6.090000152587891,5.9342427253723145,1930800
2017-08-17,6.119999885559082,6.119999885559082,5.940000057220459,5.960000038146973,5.807567596435547,2115000
2017-08-18,6.070000171661377,6.079999923706055,5.960000038146973,5.960000038146973,5.807567596435547,1332200
2017-08-21,6.0,6.0,5.909999847412109,5.960000038146973,5.807567596435547,1046600
2017-08-22,5.96999979019165,6.010000228881836,5.949999809265137,6.0,5.84654426574707,782100
2017-08-23,6.0,6.010000228881836,5.980000019073486,6.0,5.84654426574707,657800
2017-08-24,6.0,6.019999980926514,5.96999979019165,5.989999771118164,5.836800575256348,740000
2017-08-25,6.0,6.050000190734863,5.929999828338623,5.960000038146973,5.807567596435547,1144700
2017-08-28,6.019999980926514,6.050000190734863,5.920000076293945,5.940000057220459,5.788078784942627,1289300
2017-08-29,5.909999847412109,6.010000228881836,5.909999847412109,5.920000076293945,5.768590450286865,1437000
2017-08-30,5.940000057220459,5.949999809265137,5.909999847412109,5.940000057220459,5.788078784942627,1059200
2017-08-31,6.0,6.03000020980835,5.929999828338623,5.940000057220459,5.788078784942627,1356500
2017-09-01,5.949999809265137,5.989999771118164,5.889999866485596,5.920000076293945,5.768590450286865,1036400
2017-09-05,5.929999828338623,5.960000038146973,5.869999885559082,5.920000076293945,5.768590450286865,1586000
2017-09-06,5.929999828338623,6.03000020980835,5.920000076293945,5.980000019073486,5.827056884765625,1550000
2017-09-07,5.980000019073486,6.039999961853027,5.980000019073486,5.989999771118164,5.836800575256348,1513200
2017-09-08,5.989999771118164,5.989999771118164,5.900000095367432,5.980000019073486,5.827056884765625,1318600
2017-09-11,6.039999961853027,6.039999961853027,5.960000038146973,5.980000019073486,5.827056884765625,1181300
2017-09-12,5.96999979019165,5.989999771118164,5.960000038146973,5.96999979019165,5.817311763763428,936900
2017-09-13,5.940000057220459,6.0,5.940000057220459,6.0,5.84654426574707,2201200
2017-09-14,5.889999866485596,5.909999847412109,5.570000171661377,5.699999809265137,5.5542168617248535,4124700
2017-09-15,5.710000038146973,5.809999942779541,5.690000057220459,5.800000190734863,5.651659965515137,1540500
2017-09-18,5.71999979019165,5.769999980926514,5.670000076293945,5.760000228881836,5.612682819366455,2124500
2017-09-19,5.769999980926514,5.78000020980835,5.630000114440918,5.650000095367432,5.505496501922607,1193700
2017-09-20,5.710000038146973,5.75,5.559999942779541,5.630000114440918,5.4860076904296875,1812400
2017-09-21,5.659999847412109,5.659999847412109,5.599999904632568,5.619999885559082,5.476263523101807,1003500
2017-09-22,5.670000076293945,5.710000038146973,5.639999866485596,5.679999828338623,5.53472900390625,1225100
2017-09-25,5.619999885559082,5.670000076293945,5.599999904632568,5.619999885559082,5.476263523101807,1097600
2017-09-26,5.579999923706055,5.610000133514404,5.550000190734863,5.599999904632568,5.456774711608887,1404700
2017-09-27,5.579999923706055,5.619999885559082,5.5,5.610000133514404,5.466518402099609,2288100
2017-09-28,5.590000152587891,5.670000076293945,5.579999923706055,5.639999866485596,5.495751857757568,1180600
2017-09-29,5.610000133514404,5.699999809265137,5.579999923706055,5.679999828338623,5.53472900390625,1874500
2017-10-02,5.659999847412109,5.679999828338623,5.579999923706055,5.659999847412109,5.51524019241333,2082100
2017-10-03,5.650000095367432,5.650000095367432,5.590000152587891,5.619999885559082,5.476263523101807,994900
2017-10-04,5.639999866485596,5.650000095367432,5.53000020980835,5.53000020980835,5.388565540313721,1817400
2017-10-05,5.559999942779541,5.559999942779541,5.46999979019165,5.5,5.35933256149292,1340800
2017-10-06,5.53000020980835,5.550000190734863,5.46999979019165,5.489999771118164,5.349587917327881,904700
2017-10-09,5.539999961853027,5.570000171661377,5.480000019073486,5.5,5.35933256149292,982600
2017-10-10,5.5,5.519999980926514,5.480000019073486,5.5,5.35933256149292,732300
2017-10-11,5.539999961853027,5.570000171661377,5.5,5.5,5.35933256149292,1012700
2017-10-12,5.550000190734863,5.559999942779541,5.489999771118164,5.519999980926514,5.378820419311523,1124200
2017-10-13,5.559999942779541,5.630000114440918,5.53000020980835,5.550000190734863,5.408053874969482,916100
2017-10-16,5.53000020980835,5.550000190734863,5.420000076293945,5.460000038146973,5.320355415344238,1366000
2017-10-17,5.5,5.510000228881836,5.28000020980835,5.369999885559082,5.232657432556152,3162000
2017-10-18,5.489999771118164,5.489999771118164,5.340000152587891,5.380000114440918,5.242401599884033,1817100
2017-10-19,5.360000133514404,5.380000114440918,5.300000190734863,5.340000152587891,5.203424453735352,1788100
2017-10-20,5.349999904632568,5.480000019073486,5.329999923706055,5.429999828338623,5.2911224365234375,790900
2017-10-23,5.480000019073486,5.480000019073486,5.400000095367432,5.429999828338623,5.2911224365234375,736900
2017-10-24,5.440000057220459,5.449999809265137,5.289999961853027,5.309999942779541,5.174191951751709,1864200
2017-10-25,5.329999923706055,5.380000114440918,5.25,5.260000228881836,5.125471115112305,2286200
2017-10-26,5.300000190734863,5.300000190734863,5.170000076293945,5.170000076293945,5.0377726554870605,1984800
2017-10-27,5.190000057220459,5.210000038146973,5.059999942779541,5.179999828338623,5.047516345977783,3629900
2017-10-30,5.179999828338623,5.269999980926514,5.159999847412109,5.239999771118164,5.105981826782227,1688800
2017-10-31,5.239999771118164,5.380000114440918,5.239999771118164,5.360000133514404,5.2229132652282715,1092200
2017-11-01,5.360000133514404,5.369999885559082,5.199999809265137,5.210000038146973,5.076749324798584,1450200
2017-11-02,5.25,5.25,5.130000114440918,5.179999828338623,5.047516345977783,1219200
2017-11-03,5.190000057220459,5.210000038146973,5.119999885559082,5.130000114440918,4.998795509338379,1732300
2017-11-06,5.190000057220459,5.230000019073486,5.110000133514404,5.119999885559082,4.989051818847656,1386000
2017-11-07,5.199999809265137,5.260000228881836,5.050000190734863,5.050000190734863,4.920841217041016,3092600
2017-11-08,5.099999904632568,5.110000133514404,5.070000171661377,5.090000152587891,4.9598188400268555,2041900
2017-11-09,5.130000114440918,5.130000114440918,5.070000171661377,5.070000171661377,4.940330505371094,1481800
2017-11-10,5.070000171661377,5.090000152587891,5.010000228881836,5.03000020980835,4.90135383605957,860500
2017-11-13,5.03000020980835,5.099999904632568,4.949999809265137,5.090000152587891,4.9598188400268555,2084300
2017-11-14,5.070000171661377,5.179999828338623,5.03000020980835,5.170000076293945,5.0377726554870605,1871800
2017-11-15,5.090000152587891,5.139999866485596,5.090000152587891,5.119999885559082,4.989051818847656,1118100
2017-11-16,5.170000076293945,5.300000190734863,5.139999866485596,5.269999980926514,5.135214805603027,2033900
2017-11-17,5.300000190734863,5.300000190734863,5.25,5.28000020980835,5.144960403442383,1151900
2017-11-20,5.25,5.349999904632568,5.25,5.329999923706055,5.1936798095703125,1808900
2017-11-21,5.300000190734863,5.340000152587891,5.300000190734863,5.340000152587891,5.203424453735352,1364400
2017-11-22,5.300000190734863,5.300000190734863,5.25,5.28000020980835,5.144960403442383,870000
2017-11-24,5.289999961853027,5.309999942779541,5.25,5.260000228881836,5.125471115112305,365800
2017-11-27,5.309999942779541,5.320000171661377,5.28000020980835,5.300000190734863,5.164447784423828,1080100
2017-11-28,5.340000152587891,5.349999904632568,5.309999942779541,5.309999942779541,5.174191951751709,1062700
2017-11-29,5.349999904632568,5.46999979019165,5.300000190734863,5.320000171661377,5.183935165405273,1742000
2017-11-30,5.309999942779541,5.400000095367432,5.28000020980835,5.389999866485596,5.252146244049072,3612600
2017-12-01,5.300000190734863,5.340000152587891,5.039999961853027,5.150000095367432,5.018283843994141,2364000
2017-12-04,5.199999809265137,5.199999809265137,5.099999904632568,5.119999885559082,4.989051818847656,1010900
2017-12-05,5.099999904632568,5.199999809265137,5.079999923706055,5.179999828338623,5.047516345977783,1894100
2017-12-06,5.139999866485596,5.170000076293945,5.139999866485596,5.159999847412109,5.0280280113220215,706900
2017-12-07,5.170000076293945,5.179999828338623,5.119999885559082,5.170000076293945,5.0377726554870605,436400
2017-12-08,5.199999809265137,5.239999771118164,5.179999828338623,5.239999771118164,5.105981826782227,610300
2017-12-11,5.269999980926514,5.380000114440918,5.260000228881836,5.360000133514404,5.2229132652282715,937100
2017-12-12,5.300000190734863,5.320000171661377,5.239999771118164,5.300000190734863,5.164447784423828,845700
2017-12-13,5.309999942779541,5.369999885559082,5.309999942779541,5.340000152587891,5.203424453735352,1266800
2017-12-14,5.380000114440918,5.400000095367432,5.329999923706055,5.360000133514404,5.2229132652282715,1184500
2017-12-15,5.369999885559082,5.389999866485596,5.320000171661377,5.329999923706055,5.1936798095703125,3432000
2017-12-18,5.380000114440918,5.550000190734863,5.380000114440918,5.519999980926514,5.378820419311523,2111500
2017-12-19,5.480000019073486,5.619999885559082,5.429999828338623,5.590000152587891,5.447031021118164,2417600
2017-12-20,5.599999904632568,5.610000133514404,5.559999942779541,5.570000171661377,5.427542686462402,769700
2017-12-21,5.579999923706055,5.619999885559082,5.510000228881836,5.519999980926514,5.378820419311523,782900
2017-12-22,5.590000152587891,5.590000152587891,5.480000019073486,5.5,5.35933256149292,985400
2017-12-26,5.5,5.519999980926514,5.460000038146973,5.46999979019165,5.330099582672119,245900
2017-12-27,5.5,5.5,5.420000076293945,5.440000057220459,5.300867557525635,420600
2017-12-28,5.449999809265137,5.480000019073486,5.349999904632568,5.409999847412109,5.271634578704834,1110700
2017-12-29,5.46999979019165,5.5,5.460000038146973,5.46999979019165,5.330099582672119,512500
2018-01-02,5.5,5.710000038146973,5.489999771118164,5.710000038146973,5.563961982727051,1676400
2018-01-03,5.679999828338623,5.710000038146973,5.570000171661377,5.670000076293945,5.524984359741211,1508000
2018-01-04,5.679999828338623,5.730000019073486,5.630000114440918,5.650000095367432,5.505496501922607,1610400
2018-01-05,5.650000095367432,5.679999828338623,5.519999980926514,5.559999942779541,5.417798042297363,1210100
2018-01-08,5.559999942779541,5.690000057220459,5.550000190734863,5.670000076293945,5.524984359741211,970300
2018-01-09,5.679999828338623,5.699999809265137,5.630000114440918,5.699999809265137,5.5542168617248535,675100
2018-01-10,5.760000228881836,5.809999942779541,5.71999979019165,5.809999942779541,5.661404132843018,806900
2018-01-11,5.71999979019165,5.760000228881836,5.659999847412109,5.71999979019165,5.573705196380615,713300
2018-01-12,5.699999809265137,5.739999771118164,5.679999828338623,5.679999828338623,5.53472900390625,654700
2018-01-16,5.840000152587891,5.989999771118164,5.809999942779541,5.929999828338623,5.778334617614746,1868200
2018-01-17,5.940000057220459,5.940000057220459,5.769999980926514,5.880000114440918,5.729613304138184,1417400
2018-01-18,5.860000133514404,5.880000114440918,5.760000228881836,5.769999980926514,5.622426986694336,781300
2018-01-19,5.820000171661377,5.880000114440918,5.559999942779541,5.610000133514404,5.466518402099609,1231100
2018-01-22,5.460000038146973,5.539999961853027,5.329999923706055,5.460000038146973,5.320355415344238,4587700
2018-01-23,5.440000057220459,5.440000057220459,5.369999885559082,5.420000076293945,5.281378746032715,920100
2018-01-24,5.409999847412109,5.510000228881836,5.349999904632568,5.510000228881836,5.369076251983643,1942600
2018-01-25,5.519999980926514,5.579999923706055,5.489999771118164,5.559999942779541,5.417798042297363,1270800
2018-01-26,5.590000152587891,5.650000095367432,5.550000190734863,5.639999866485596,5.495751857757568,1602400
2018-01-29,5.590000152587891,5.590000152587891,5.510000228881836,5.559999942779541,5.417798042297363,1965300
2018-01-30,5.510000228881836,5.510000228881836,5.429999828338623,5.480000019073486,5.339844226837158,2609200
2018-01-31,5.46999979019165,5.539999961853027,5.420000076293945,5.489999771118164,5.365253448486328,1587400
2018-02-01,5.449999809265137,5.510000228881836,5.409999847412109,5.510000228881836,5.384799480438232,1710300
2018-02-02,5.460000038146973,5.5,5.389999866485596,5.460000038146973,5.335935592651367,1654000
2018-02-05,5.400000095367432,5.480000019073486,5.28000020980835,5.300000190734863,5.179570198059082,2158300
2018-02-06,5.230000019073486,5.380000114440918,5.179999828338623,5.329999923706055,5.208889007568359,1522900
2018-02-07,5.269999980926514,5.309999942779541,5.170000076293945,5.210000038146973,5.091615676879883,2133600
2018-02-08,5.25,5.25,5.090000152587891,5.099999904632568,4.9841156005859375,1640900
2018-02-09,5.130000114440918,5.25,5.119999885559082,5.21999979019165,5.101387977600098,2630400
2018-02-12,5.25,5.400000095367432,5.25,5.320000171661377,5.199116230010986,3617900
2018-02-13,5.380000114440918,5.380000114440918,5.320000171661377,5.360000133514404,5.238207817077637,1982200
2018-02-14,5.349999904632568,5.489999771118164,5.320000171661377,5.480000019073486,5.355480194091797,1416900
2018-02-15,5.480000019073486,5.550000190734863,5.480000019073486,5.550000190734863,5.423890113830566,683700
2018-02-16,5.550000190734863,5.579999923706055,5.46999979019165,5.579999923706055,5.4532084465026855,1272700
2018-02-20,5.53000020980835,5.599999904632568,5.510000228881836,5.539999961853027,5.414117336273193,769100
2018-02-21,5.570000171661377,5.570000171661377,5.429999828338623,5.429999828338623,5.306615829467773,945600
2018-02-22,5.480000019073486,5.510000228881836,5.449999809265137,5.460000038146973,5.335935592651367,1138600
2018-02-23,5.53000020980835,5.539999961853027,5.460000038146973,5.53000020980835,5.40434455871582,573600
2018-02-26,5.519999980926514,5.539999961853027,5.440000057220459,5.449999809265137,5.326162338256836,715900
2018-02-27,5.449999809265137,5.519999980926514,5.449999809265137,5.449999809265137,5.326162338256836,1004500
2018-02-28,5.489999771118164,5.550000190734863,5.440000057220459,5.510000228881836,5.384799480438232,1265400
2018-03-01,5.510000228881836,5.53000020980835,5.320000171661377,5.409999847412109,5.287071704864502,1225300
2018-03-02,5.360000133514404,5.440000057220459,5.349999904632568,5.429999828338623,5.306615829467773,523600
2018-03-05,5.409999847412109,5.510000228881836,5.400000095367432,5.489999771118164,5.365253448486328,484800
2018-03-06,5.5,5.539999961853027,5.460000038146973,5.489999771118164,5.365253448486328,821900
2018-03-07,5.510000228881836,5.519999980926514,5.449999809265137,5.480000019073486,5.355480194091797,641000
2018-03-08,5.480000019073486,5.5,5.420000076293945,5.449999809265137,5.326162338256836,607900
2018-03-09,5.460000038146973,5.480000019073486,5.420000076293945,5.460000038146973,5.335935592651367,527000
2018-03-12,5.489999771118164,5.789999961853027,5.489999771118164,5.769999980926514,5.638890266418457,1810600
2018-03-13,5.829999923706055,5.900000095367432,5.760000228881836,5.78000020980835,5.6486639976501465,1704500
2018-03-14,5.78000020980835,5.800000190734863,5.550000190734863,5.630000114440918,5.502072334289551,1877600
2018-03-15,5.650000095367432,5.71999979019165,5.619999885559082,5.650000095367432,5.521617889404297,1775900
2018-03-16,5.630000114440918,5.730000019073486,5.559999942779541,5.570000171661377,5.443436145782471,1770300
2018-03-19,5.53000020980835,5.53000020980835,5.230000019073486,5.289999961853027,5.169797420501709,3004000
2018-03-20,5.329999923706055,5.369999885559082,5.059999942779541,5.210000038146973,5.091615676879883,5403200
2018-03-21,5.21999979019165,5.309999942779541,5.170000076293945,5.199999809265137,5.08184289932251,1880400
2018-03-22,5.190000057220459,5.190000057220459,5.070000171661377,5.070000171661377,4.95479679107666,3679200
2018-03-23,5.079999923706055,5.260000228881836,5.079999923706055,5.159999847412109,5.042751789093018,1864300
2018-03-26,5.119999885559082,5.230000019073486,5.099999904632568,5.21999979019165,5.101387977600098,1645000
2018-03-27,5.170000076293945,5.239999771118164,5.090000152587891,5.119999885559082,5.003660678863525,1396300
2018-03-28,5.190000057220459,5.199999809265137,5.099999904632568,5.119999885559082,5.003660678863525,1182600
2018-03-29,5.139999866485596,5.25,5.110000133514404,5.159999847412109,5.042751789093018,1315300
2018-04-02,5.210000038146973,5.369999885559082,5.170000076293945,5.210000038146973,5.091615676879883,1373500
2018-04-03,5.21999979019165,5.260000228881836,5.150000095367432,5.21999979019165,5.101387977600098,958500
2018-04-04,5.150000095367432,5.239999771118164,5.130000114440918,5.239999771118164,5.120934009552002,476000
2018-04-05,5.199999809265137,5.289999961853027,5.190000057220459,5.230000019073486,5.111160755157471,627000
2018-04-06,5.199999809265137,5.239999771118164,5.159999847412109,5.179999828338623,5.0622968673706055,809900
2018-04-09,5.230000019073486,5.320000171661377,5.230000019073486,5.260000228881836,5.140479564666748,1563600
2018-04-10,5.25,5.360000133514404,5.239999771118164,5.28000020980835,5.160025596618652,857600
2018-04-11,5.239999771118164,5.360000133514404,5.239999771118164,5.320000171661377,5.199116230010986,783900
2018-04-12,5.329999923706055,5.420000076293945,5.309999942779541,5.349999904632568,5.228433609008789,1161300
2018-04-13,5.400000095367432,5.449999809265137,5.159999847412109,5.179999828338623,5.0622968673706055,1737600
2018-04-16,5.210000038146973,5.369999885559082,5.210000038146973,5.289999961853027,5.169797420501709,1499200
2018-04-17,5.28000020980835,5.329999923706055,5.239999771118164,5.329999923706055,5.208889007568359,790300
2018-04-18,5.360000133514404,5.360000133514404,5.210000038146973,5.230000019073486,5.111160755157471,2105600
2018-04-19,5.230000019073486,5.269999980926514,5.199999809265137,5.260000228881836,5.140479564666748,915800
2018-04-20,5.28000020980835,5.309999942779541,5.239999771118164,5.269999980926514,5.150251865386963,581900
2018-04-23,5.269999980926514,5.289999961853027,5.130000114440918,5.199999809265137,5.08184289932251,1240200
2018-04-24,5.110000133514404,5.210000038146973,5.110000133514404,5.150000095367432,5.0329790115356445,800600
2018-04-25,5.010000228881836,5.070000171661377,4.860000133514404,4.880000114440918,4.769113540649414,2096200
2018-04-26,4.869999885559082,4.940000057220459,4.739999771118164,4.739999771118164,4.63229513168335,2327500
2018-04-27,4.800000190734863,4.820000171661377,4.730000019073486,4.75,4.642068386077881,927900
2018-04-30,4.789999961853027,4.829999923706055,4.769999980926514,4.78000020980835,4.67138671875,573100
2018-05-01,4.769999980926514,4.78000020980835,4.710000038146973,4.760000228881836,4.651841163635254,561200
2018-05-02,4.760000228881836,4.789999961853027,4.699999809265137,4.71999979019165,4.612749099731445,1003200
2018-05-03,4.71999979019165,4.71999979019165,4.599999904632568,4.679999828338623,4.573658466339111,1087800
2018-05-04,4.639999866485596,4.670000076293945,4.539999961853027,4.639999866485596,4.534567356109619,1213400
2018-05-07,4.639999866485596,4.760000228881836,4.639999866485596,4.739999771118164,4.63229513168335,786300
2018-05-08,4.690000057220459,4.730000019073486,4.630000114440918,4.659999847412109,4.554112911224365,1527800
2018-05-09,4.639999866485596,4.670000076293945,4.579999923706055,4.670000076293945,4.563885688781738,870000
2018-05-10,4.659999847412109,4.699999809265137,4.630000114440918,4.670000076293945,4.563885688781738,992100
2018-05-11,4.659999847412109,4.690000057220459,4.639999866485596,4.679999828338623,4.573658466339111,546200
2018-05-14,4.679999828338623,4.800000190734863,4.670000076293945,4.679999828338623,4.573658466339111,707500
2018-05-15,4.639999866485596,4.650000095367432,4.570000171661377,4.619999885559082,4.515022277832031,546300
2018-05-16,4.659999847412109,4.670000076293945,4.630000114440918,4.670000076293945,4.563885688781738,414700
2018-05-17,4.659999847412109,4.679999828338623,4.619999885559082,4.630000114440918,4.524795055389404,623100
2018-05-18,4.590000152587891,4.650000095367432,4.570000171661377,4.590000152587891,4.485703468322754,1634900
2018-05-21,4.550000190734863,4.570000171661377,4.510000228881836,4.539999961853027,4.436839580535889,750100
2018-05-22,4.559999942779541,4.659999847412109,4.519999980926514,4.619999885559082,4.515022277832031,1306500
2018-05-23,4.579999923706055,4.630000114440918,4.5,4.619999885559082,4.515022277832031,695200
2018-05-24,4.619999885559082,4.630000114440918,4.53000020980835,4.590000152587891,4.485703468322754,518200
2018-05-25,4.610000133514404,4.630000114440918,4.570000171661377,4.599999904632568,4.495476245880127,529500
2018-05-29,4.559999942779541,4.599999904632568,4.53000020980835,4.559999942779541,4.456385135650635,718700
2018-05-30,4.519999980926514,4.590000152587891,4.5,4.550000190734863,4.446612358093262,595900
2018-05-31,4.550000190734863,4.610000133514404,4.550000190734863,4.599999904632568,4.495476245880127,1440700
2018-06-01,4.619999885559082,4.619999885559082,4.590000152587891,4.599999904632568,4.495476245880127,373500
2018-06-04,4.639999866485596,4.639999866485596,4.570000171661377,4.610000133514404,4.505249500274658,869300
2018-06-05,4.559999942779541,4.590000152587891,4.53000020980835,4.550000190734863,4.446612358093262,806200
2018-06-06,4.619999885559082,4.679999828338623,4.590000152587891,4.650000095367432,4.54434061050415,537200
2018-06-07,4.610000133514404,4.71999979019165,4.610000133514404,4.699999809265137,4.593204498291016,897300
2018-06-08,4.679999828338623,4.730000019073486,4.639999866485596,4.71999979019165,4.612749099731445,652600
2018-06-11,4.730000019073486,4.849999904632568,4.710000038146973,4.789999961853027,4.681159019470215,1815600
2018-06-12,4.760000228881836,4.920000076293945,4.760000228881836,4.920000076293945,4.808204650878906,1016700
2018-06-13,4.920000076293945,4.920000076293945,4.829999923706055,4.889999866485596,4.778886795043945,1486800
2018-06-14,4.860000133514404,4.860000133514404,4.730000019073486,4.760000228881836,4.651841163635254,1452900
2018-06-15,4.760000228881836,4.860000133514404,4.75,4.849999904632568,4.739796161651611,4593800
2018-06-18,4.849999904632568,4.880000114440918,4.71999979019165,4.829999923706055,4.720250129699707,1762400
2018-06-19,4.75,4.840000152587891,4.710000038146973,4.800000190734863,4.690932273864746,1168000
2018-06-20,4.710000038146973,4.760000228881836,4.710000038146973,4.739999771118164,4.63229513168335,602700
2018-06-21,4.710000038146973,4.78000020980835,4.639999866485596,4.75,4.642068386077881,880400
2018-06-22,4.690000057220459,4.829999923706055,4.690000057220459,4.800000190734863,4.690932273864746,1113700
2018-06-25,4.760000228881836,4.820000171661377,4.730000019073486,4.78000020980835,4.67138671875,1024600
2018-06-26,4.71999979019165,4.909999847412109,4.71999979019165,4.900000095367432,4.788660049438477,1986600
2018-06-27,4.889999866485596,4.920000076293945,4.809999942779541,4.860000133514404,4.749568939208984,2688200
2018-06-28,4.820000171661377,4.860000133514404,4.75,4.800000190734863,4.690932273864746,1412900
2018-06-29,4.840000152587891,4.840000152587891,4.78000020980835,4.789999961853027,4.681159019470215,1402500
2018-07-02,4.769999980926514,4.800000190734863,4.710000038146973,4.760000228881836,4.651841163635254,1486400
2018-07-03,4.78000020980835,4.800000190734863,4.75,4.75,4.642068386077881,826900
2018-07-05,4.809999942779541,4.920000076293945,4.75,4.869999885559082,4.759340763092041,702400
2018-07-06,4.849999904632568,4.909999847412109,4.849999904632568,4.909999847412109,4.798432350158691,729700
2018-07-09,4.920000076293945,4.989999771118164,4.840000152587891,4.849999904632568,4.739796161651611,1057100
2018-07-10,4.909999847412109,5.059999942779541,4.909999847412109,5.050000190734863,4.9352521896362305,1314800
2018-07-11,5.010000228881836,5.150000095367432,4.989999771118164,5.03000020980835,4.915705680847168,1085400
2018-07-12,5.099999904632568,5.130000114440918,5.050000190734863,5.059999942779541,4.945023536682129,1078600
2018-07-13,5.050000190734863,5.079999923706055,5.039999961853027,5.059999942779541,4.945023536682129,559800
2018-07-16,5.179999828338623,5.179999828338623,5.03000020980835,5.059999942779541,4.945023536682129,878900
2018-07-17,5.070000171661377,5.159999847412109,5.070000171661377,5.139999866485596,5.023205757141113,1033200
2018-07-18,5.110000133514404,5.159999847412109,5.099999904632568,5.130000114440918,5.013433456420898,842500
2018-07-19,5.090000152587891,5.179999828338623,5.050000190734863,5.150000095367432,5.0329790115356445,1355900
2018-07-20,5.199999809265137,5.28000020980835,5.199999809265137,5.230000019073486,5.111160755157471,776200
2018-07-23,5.070000171661377,5.079999923706055,4.920000076293945,5.050000190734863,4.9352521896362305,1345100
2018-07-24,5.070000171661377,5.110000133514404,4.909999847412109,5.079999923706055,4.964569568634033,2538300
2018-07-25,5.090000152587891,5.159999847412109,5.090000152587891,5.159999847412109,5.042751789093018,655600
2018-07-26,5.119999885559082,5.179999828338623,5.110000133514404,5.139999866485596,5.023205757141113,1374200
2018-07-27,5.150000095367432,5.150000095367432,5.050000190734863,5.090000152587891,4.974342346191406,677400
2018-07-30,5.090000152587891,5.090000152587891,5.03000020980835,5.059999942779541,4.945023536682129,642300
2018-07-31,5.099999904632568,5.099999904632568,4.980000019073486,5.059999942779541,4.945023536682129,1441800
2018-08-01,5.090000152587891,5.110000133514404,5.039999961853027,5.059999942779541,4.945023536682129,678300
2018-08-02,5.070000171661377,5.079999923706055,5.03000020980835,5.070000171661377,4.95479679107666,886100
2018-08-03,5.079999923706055,5.130000114440918,5.079999923706055,5.090000152587891,4.974342346191406,904600
2018-08-06,5.070000171661377,5.139999866485596,5.070000171661377,5.099999904632568,4.9841156005859375,625200
2018-08-07,5.139999866485596,5.150000095367432,5.090000152587891,5.099999904632568,4.9841156005859375,598200
2018-08-08,5.110000133514404,5.230000019073486,5.079999923706055,5.079999923706055,4.964569568634033,898700
2018-08-09,5.099999904632568,5.130000114440918,5.090000152587891,5.099999904632568,4.9841156005859375,504600
2018-08-10,5.059999942779541,5.079999923706055,5.019999980926514,5.070000171661377,4.95479679107666,1002700
2018-08-13,5.079999923706055,5.139999866485596,5.079999923706055,5.119999885559082,5.003660678863525,1029800
2018-08-14,5.119999885559082,5.130000114440918,5.090000152587891,5.130000114440918,5.013433456420898,871800
2018-08-15,5.050000190734863,5.110000133514404,5.050000190734863,5.070000171661377,4.95479679107666,891700
2018-08-16,5.039999961853027,5.079999923706055,4.949999809265137,4.989999771118164,4.876614570617676,1320700
2018-08-17,4.949999809265137,5.03000020980835,4.949999809265137,5.010000228881836,4.896160125732422,1053000
2018-08-20,5.070000171661377,5.139999866485596,5.050000190734863,5.070000171661377,4.95479679107666,588800
2018-08-21,5.130000114440918,5.130000114440918,5.090000152587891,5.090000152587891,4.974342346191406,996800
2018-08-22,5.099999904632568,5.130000114440918,5.059999942779541,5.099999904632568,4.9841156005859375,1040200
2018-08-23,5.079999923706055,5.119999885559082,5.010000228881836,5.050000190734863,4.9352521896362305,773900
2018-08-24,5.090000152587891,5.21999979019165,5.050000190734863,5.190000057220459,5.072070121765137,1329800
2018-08-27,5.210000038146973,5.21999979019165,5.150000095367432,5.159999847412109,5.042751789093018,552100
2018-08-28,5.170000076293945,5.179999828338623,5.119999885559082,5.170000076293945,5.052524566650391,365800
2018-08-29,5.150000095367432,5.170000076293945,5.139999866485596,5.159999847412109,5.042751789093018,200000
2018-08-30,5.210000038146973,5.210000038146973,5.110000133514404,5.119999885559082,5.003660678863525,474000
2018-08-31,5.159999847412109,5.239999771118164,5.150000095367432,5.150000095367432,5.0329790115356445,1809200
2018-09-04,5.320000171661377,5.320000171661377,5.170000076293945,5.239999771118164,5.120934009552002,657100
2018-09-05,5.320000171661377,5.360000133514404,5.28000020980835,5.309999942779541,5.189342975616455,761300
2018-09-06,5.320000171661377,5.360000133514404,5.300000190734863,5.340000152587891,5.218661785125732,894800
2018-09-07,5.360000133514404,5.400000095367432,5.289999961853027,5.300000190734863,5.179570198059082,905600
2018-09-10,5.360000133514404,5.440000057220459,5.320000171661377,5.340000152587891,5.218661785125732,1237500
2018-09-11,5.340000152587891,5.369999885559082,5.289999961853027,5.340000152587891,5.218661785125732,839000
2018-09-12,5.400000095367432,5.400000095367432,5.349999904632568,5.360000133514404,5.238207817077637,1696700
2018-09-13,5.389999866485596,5.449999809265137,5.380000114440918,5.409999847412109,5.287071704864502,1844100
2018-09-14,5.420000076293945,5.429999828338623,5.329999923706055,5.329999923706055,5.208889007568359,677300
2018-09-17,5.320000171661377,5.320000171661377,5.239999771118164,5.260000228881836,5.140479564666748,679000
2018-09-18,5.239999771118164,5.349999904632568,5.239999771118164,5.320000171661377,5.199116230010986,851700
2018-09-19,5.329999923706055,5.349999904632568,5.28000020980835,5.320000171661377,5.199116230010986,996100
2018-09-20,5.349999904632568,5.360000133514404,5.309999942779541,5.329999923706055,5.208889007568359,1197000
2018-09-21,5.349999904632568,5.360000133514404,5.309999942779541,5.329999923706055,5.208889007568359,3522000
2018-09-24,5.25,5.340000152587891,5.25,5.320000171661377,5.199116230010986,831500
2018-09-25,5.260000228881836,5.380000114440918,5.25,5.369999885559082,5.247979640960693,865400
2018-09-26,5.199999809265137,5.340000152587891,5.199999809265137,5.28000020980835,5.160025596618652,1620200
2018-09-27,5.21999979019165,5.28000020980835,5.190000057220459,5.210000038146973,5.091615676879883,1106700
2018-09-28,5.25,5.260000228881836,5.179999828338623,5.210000038146973,5.091615676879883,554100
2018-10-01,5.28000020980835,5.28000020980835,5.210000038146973,5.239999771118164,5.120934009552002,938200
2018-10-02,5.25,5.25,5.179999828338623,5.199999809265137,5.08184289932251,544300
2018-10-03,5.21999979019165,5.25,5.170000076293945,5.230000019073486,5.111160755157471,1668000
2018-10-04,5.190000057220459,5.190000057220459,5.110000133514404,5.130000114440918,5.013433456420898,365500
2018-10-05,5.159999847412109,5.179999828338623,5.099999904632568,5.130000114440918,5.013433456420898,639300
2018-10-08,5.059999942779541,5.099999904632568,5.010000228881836,5.039999961853027,4.925478458404541,672600
2018-10-09,5.039999961853027,5.059999942779541,5.0,5.010000228881836,4.896160125732422,667800
2018-10-10,4.96999979019165,4.980000019073486,4.880000114440918,4.900000095367432,4.788660049438477,1121800
2018-10-11,4.909999847412109,5.059999942779541,4.889999866485596,4.949999809265137,4.837523460388184,1893300
2018-10-12,5.03000020980835,5.099999904632568,5.019999980926514,5.050000190734863,4.9352521896362305,962400
2018-10-15,5.059999942779541,5.079999923706055,5.010000228881836,5.019999980926514,4.905932903289795,1764000
2018-10-16,5.050000190734863,5.150000095367432,5.050000190734863,5.079999923706055,4.964569568634033,1641000
2018-10-17,5.090000152587891,5.130000114440918,5.019999980926514,5.039999961853027,4.925478458404541,1071700
2018-10-18,5.050000190734863,5.090000152587891,5.019999980926514,5.050000190734863,4.9352521896362305,1073200
2018-10-19,5.070000171661377,5.110000133514404,5.059999942779541,5.099999904632568,4.9841156005859375,666700
2018-10-22,5.090000152587891,5.130000114440918,5.059999942779541,5.130000114440918,5.013433456420898,559900
2018-10-23,4.940000057220459,4.96999979019165,4.909999847412109,4.949999809265137,4.837523460388184,948700
2018-10-24,4.900000095367432,4.980000019073486,4.840000152587891,4.880000114440918,4.769113540649414,972800
2018-10-25,5.050000190734863,5.130000114440918,5.019999980926514,5.119999885559082,5.003660678863525,870800
2018-10-26,5.059999942779541,5.199999809265137,5.039999961853027,5.110000133514404,4.993887901306152,718100
2018-10-29,5.199999809265137,5.260000228881836,5.150000095367432,5.199999809265137,5.08184289932251,806700
2018-10-30,5.190000057220459,5.199999809265137,5.119999885559082,5.159999847412109,5.042751789093018,479300
2018-10-31,5.179999828338623,5.230000019073486,5.170000076293945,5.170000076293945,5.052524566650391,923200
2018-11-01,5.21999979019165,5.269999980926514,5.139999866485596,5.25,5.130706310272217,680300
2018-11-02,5.119999885559082,5.159999847412109,5.050000190734863,5.059999942779541,4.945023536682129,652700
2018-11-05,5.099999904632568,5.139999866485596,5.099999904632568,5.099999904632568,4.9841156005859375,824800
2018-11-06,5.130000114440918,5.170000076293945,5.130000114440918,5.159999847412109,5.042751789093018,519700
2018-11-07,5.199999809265137,5.199999809265137,5.059999942779541,5.139999866485596,5.023205757141113,905500
2018-11-08,5.119999885559082,5.139999866485596,5.039999961853027,5.050000190734863,4.9352521896362305,875300
2018-11-09,5.070000171661377,5.110000133514404,5.010000228881836,5.059999942779541,4.945023536682129,780300
2018-11-12,5.050000190734863,5.059999942779541,5.010000228881836,5.039999961853027,4.925478458404541,626600
2018-11-13,5.070000171661377,5.150000095367432,5.03000020980835,5.139999866485596,5.023205757141113,1825500
2018-11-14,5.099999904632568,5.210000038146973,5.099999904632568,5.170000076293945,5.052524566650391,1274600
2018-11-15,5.139999866485596,5.289999961853027,5.130000114440918,5.28000020980835,5.160025596618652,791100
2018-11-16,5.25,5.340000152587891,5.210000038146973,5.260000228881836,5.140479564666748,775500
2018-11-19,5.320000171661377,5.340000152587891,5.210000038146973,5.28000020980835,5.160025596618652,1315700
2018-11-20,5.139999866485596,5.190000057220459,5.050000190734863,5.070000171661377,4.95479679107666,1143500
2018-11-21,5.050000190734863,5.119999885559082,5.050000190734863,5.119999885559082,5.003660678863525,593200
2018-11-23,5.050000190734863,5.099999904632568,5.039999961853027,5.079999923706055,4.964569568634033,593300
2018-11-26,5.170000076293945,5.170000076293945,5.090000152587891,5.099999904632568,4.9841156005859375,822900
2018-11-27,5.050000190734863,5.079999923706055,5.019999980926514,5.039999961853027,4.925478458404541,383800
2018-11-28,5.019999980926514,5.139999866485596,5.019999980926514,5.119999885559082,5.003660678863525,518700
2018-11-29,5.139999866485596,5.170000076293945,5.079999923706055,5.090000152587891,4.974342346191406,726900
2018-11-30,5.239999771118164,5.260000228881836,5.210000038146973,5.21999979019165,5.101387977600098,1891700
2018-12-03,5.28000020980835,5.340000152587891,5.190000057220459,5.239999771118164,5.120934009552002,933400
2018-12-04,5.320000171661377,5.360000133514404,5.25,5.25,5.130706310272217,864400
2018-12-06,5.239999771118164,5.25,5.119999885559082,5.210000038146973,5.091615676879883,1229600
2018-12-07,5.190000057220459,5.260000228881836,5.150000095367432,5.150000095367432,5.0329790115356445,548500
2018-12-10,5.050000190734863,5.079999923706055,4.96999979019165,5.070000171661377,4.95479679107666,834100
2018-12-11,5.139999866485596,5.139999866485596,5.019999980926514,5.050000190734863,4.9352521896362305,911500
2018-12-12,5.130000114440918,5.150000095367432,5.090000152587891,5.110000133514404,4.993887901306152,631000
2018-12-13,5.239999771118164,5.320000171661377,5.230000019073486,5.320000171661377,5.199116230010986,887200
2018-12-14,5.170000076293945,5.210000038146973,5.150000095367432,5.190000057220459,5.072070121765137,684900
2018-12-17,5.260000228881836,5.260000228881836,5.130000114440918,5.179999828338623,5.0622968673706055,1544600
2018-12-18,5.289999961853027,5.289999961853027,5.159999847412109,5.170000076293945,5.052524566650391,1209600
2018-12-19,5.300000190734863,5.340000152587891,5.230000019073486,5.230000019073486,5.111160755157471,1368600
2018-12-20,5.25,5.260000228881836,5.079999923706055,5.139999866485596,5.023205757141113,2404700
2018-12-21,5.070000171661377,5.079999923706055,4.929999828338623,4.929999828338623,4.8179779052734375,5079900
2018-12-24,4.989999771118164,5.059999942779541,4.949999809265137,4.949999809265137,4.837523460388184,883900
2018-12-26,5.0,5.079999923706055,4.960000038146973,5.079999923706055,4.964569568634033,1666300
2018-12-27,5.010000228881836,5.119999885559082,5.010000228881836,5.099999904632568,4.9841156005859375,868900
2018-12-28,5.139999866485596,5.190000057220459,5.110000133514404,5.139999866485596,5.023205757141113,855200
2018-12-31,5.150000095367432,5.159999847412109,5.099999904632568,5.130000114440918,5.013433456420898,316600
2019-01-02,5.070000171661377,5.159999847412109,5.070000171661377,5.110000133514404,4.993887901306152,466800
2019-01-03,5.070000171661377,5.090000152587891,5.019999980926514,5.050000190734863,4.9352521896362305,676500
2019-01-04,5.050000190734863,5.079999923706055,5.019999980926514,5.059999942779541,4.945023536682129,1356100
2019-01-07,5.070000171661377,5.110000133514404,5.039999961853027,5.059999942779541,4.945023536682129,659700
2019-01-08,5.070000171661377,5.110000133514404,5.039999961853027,5.110000133514404,4.993887901306152,617100
2019-01-09,5.110000133514404,5.170000076293945,5.070000171661377,5.130000114440918,5.013433456420898,710900
2019-01-10,5.059999942779541,5.099999904632568,5.019999980926514,5.090000152587891,4.974342346191406,350100
2019-01-11,5.079999923706055,5.170000076293945,5.059999942779541,5.119999885559082,5.003660678863525,486300
2019-01-14,4.889999866485596,4.920000076293945,4.829999923706055,4.900000095367432,4.788660049438477,900000
2019-01-15,5.099999904632568,5.139999866485596,5.059999942779541,5.119999885559082,5.003660678863525,626500
2019-01-16,5.179999828338623,5.210000038146973,5.159999847412109,5.159999847412109,5.042751789093018,513200
2019-01-17,5.150000095367432,5.260000228881836,5.139999866485596,5.239999771118164,5.120934009552002,492200
2019-01-18,5.329999923706055,5.389999866485596,5.28000020980835,5.340000152587891,5.218661785125732,979400
2019-01-22,5.340000152587891,5.369999885559082,5.300000190734863,5.349999904632568,5.228433609008789,669100
2019-01-23,5.369999885559082,5.440000057220459,5.369999885559082,5.429999828338623,5.306615829467773,759400
2019-01-24,5.460000038146973,5.46999979019165,5.420000076293945,5.429999828338623,5.306615829467773,649400
2019-01-25,5.480000019073486,5.5,5.429999828338623,5.460000038146973,5.335935592651367,775600
2019-01-28,5.429999828338623,5.5,5.380000114440918,5.5,5.388844013214111,750700
2019-01-29,5.570000171661377,5.570000171661377,5.449999809265137,5.5,5.388844013214111,822300
2019-01-30,5.420000076293945,5.539999961853027,5.400000095367432,5.519999980926514,5.408440113067627,895300
2019-01-31,5.619999885559082,5.71999979019165,5.590000152587891,5.690000057220459,5.575004577636719,1451900
2019-02-01,5.670000076293945,5.730000019073486,5.619999885559082,5.630000114440918,5.516217231750488,1881100
2019-02-04,5.630000114440918,5.659999847412109,5.579999923706055,5.650000095367432,5.535811901092529,791700
2019-02-05,5.630000114440918,5.670000076293945,5.610000133514404,5.630000114440918,5.516217231750488,706200
2019-02-06,5.650000095367432,5.670000076293945,5.619999885559082,5.650000095367432,5.535811901092529,1407900
2019-02-07,5.650000095367432,5.679999828338623,5.630000114440918,5.659999847412109,5.545609951019287,756800
2019-02-08,5.650000095367432,5.659999847412109,5.619999885559082,5.659999847412109,5.545609951019287,924200
2019-02-11,5.690000057220459,5.690000057220459,5.619999885559082,5.639999866485596,5.5260138511657715,571700
2019-02-12,5.699999809265137,5.75,5.690000057220459,5.75,5.633791923522949,731200
2019-02-13,5.75,5.769999980926514,5.730000019073486,5.739999771118164,5.623992919921875,603400
2019-02-14,5.730000019073486,5.769999980926514,5.710000038146973,5.760000228881836,5.643589496612549,593100
2019-02-15,5.730000019073486,5.730000019073486,5.650000095367432,5.670000076293945,5.555407524108887,971800
2019-02-19,5.53000020980835,5.53000020980835,5.349999904632568,5.53000020980835,5.418237686157227,1119300
2019-02-20,5.650000095367432,5.670000076293945,5.599999904632568,5.610000133514404,5.496620178222656,1122600
2019-02-21,5.630000114440918,5.659999847412109,5.590000152587891,5.650000095367432,5.535811901092529,989900
2019-02-22,5.690000057220459,5.730000019073486,5.690000057220459,5.699999809265137,5.584802150726318,660500
2019-02-25,5.789999961853027,5.800000190734863,5.739999771118164,5.78000020980835,5.663185119628906,851600
2019-02-26,5.75,5.789999961853027,5.739999771118164,5.769999980926514,5.65338659286499,1099300
2019-02-27,5.650000095367432,5.670000076293945,5.630000114440918,5.659999847412109,5.545609951019287,533500
2019-02-28,5.550000190734863,5.610000133514404,5.539999961853027,5.599999904632568,5.486822605133057,1337000
2019-03-01,5.650000095367432,5.659999847412109,5.590000152587891,5.639999866485596,5.5260138511657715,631200
2019-03-04,5.639999866485596,5.659999847412109,5.579999923706055,5.630000114440918,5.516217231750488,361100
2019-03-05,5.539999961853027,5.610000133514404,5.53000020980835,5.590000152587891,5.477025032043457,598100
2019-03-06,5.409999847412109,5.639999866485596,5.409999847412109,5.5,5.388844013214111,1675700
2019-03-07,5.449999809265137,5.449999809265137,5.260000228881836,5.260000228881836,5.1536946296691895,1115600
2019-03-08,5.239999771118164,5.28000020980835,5.179999828338623,5.28000020980835,5.173290729522705,1094000
2019-03-11,5.329999923706055,5.409999847412109,5.309999942779541,5.380000114440918,5.271268844604492,755400
2019-03-12,5.380000114440918,5.46999979019165,5.360000133514404,5.400000095367432,5.290864944458008,674800
2019-03-13,5.389999866485596,5.409999847412109,5.309999942779541,5.320000171661377,5.212481498718262,821300
2019-03-14,5.300000190734863,5.320000171661377,5.230000019073486,5.28000020980835,5.173290729522705,945700
2019-03-15,4.099999904632568,4.099999904632568,4.03000020980835,4.03000020980835,3.9485528469085693,2563100
2019-03-18,4.090000152587891,4.090000152587891,3.9700000286102295,4.010000228881836,3.928957223892212,1620600
2019-03-19,4.0,4.070000171661377,3.9800000190734863,4.019999980926514,3.9387550354003906,1288800
2019-03-20,4.050000190734863,4.110000133514404,4.050000190734863,4.099999904632568,4.0171380043029785,1136000
2019-03-21,4.099999904632568,4.110000133514404,4.070000171661377,4.110000133514404,4.0269365310668945,1055200
2019-03-22,4.070000171661377,4.079999923706055,4.0,4.010000228881836,3.928957223892212,977700
2019-03-25,3.9800000190734863,4.0,3.940000057220459,3.9600000381469727,3.87996768951416,980400
2019-03-26,3.9600000381469727,3.990000009536743,3.950000047683716,3.990000009536743,3.9093613624572754,730600
2019-03-27,3.9800000190734863,4.0,3.930000066757202,3.940000057220459,3.8603718280792236,1707000
2019-03-28,3.950000047683716,3.9800000190734863,3.930000066757202,3.9600000381469727,3.87996768951416,458000
2019-03-29,3.9600000381469727,3.990000009536743,3.950000047683716,3.9800000190734863,3.8995633125305176,623300
2019-04-01,4.059999942779541,4.059999942779541,4.010000228881836,4.050000190734863,3.968148946762085,492700
2019-04-02,4.059999942779541,4.079999923706055,4.039999961853027,4.050000190734863,3.968148946762085,886200
2019-04-03,4.079999923706055,4.090000152587891,4.039999961853027,4.050000190734863,3.968148946762085,351600
2019-04-04,4.019999980926514,4.039999961853027,4.0,4.019999980926514,3.9387550354003906,709700
2019-04-05,4.019999980926514,4.090000152587891,4.010000228881836,4.070000171661377,3.9877450466156006,605100
2019-04-08,4.050000190734863,4.119999885559082,4.050000190734863,4.099999904632568,4.0171380043029785,1024200
2019-04-09,4.199999809265137,4.289999961853027,4.199999809265137,4.260000228881836,4.173904895782471,2026200
2019-04-10,4.349999904632568,4.360000133514404,4.260000228881836,4.300000190734863,4.213095664978027,1885400
2019-04-11,4.320000171661377,4.340000152587891,4.28000020980835,4.309999942779541,4.222893714904785,1653500
2019-04-12,4.340000152587891,4.340000152587891,4.300000190734863,4.329999923706055,4.242490291595459,831600
2019-04-15,4.409999847412109,4.420000076293945,4.340000152587891,4.389999866485596,4.3012776374816895,1531300
2019-04-16,4.300000190734863,4.340000152587891,4.21999979019165,4.239999771118164,4.154307842254639,1634300
2019-04-17,4.230000019073486,4.300000190734863,4.230000019073486,4.25,4.1641058921813965,830400
2019-04-18,4.329999923706055,4.409999847412109,4.329999923706055,4.389999866485596,4.3012776374816895,1803500
2019-04-22,4.389999866485596,4.429999828338623,4.340000152587891,4.409999847412109,4.320872783660889,768400
2019-04-23,4.429999828338623,4.46999979019165,4.420000076293945,4.46999979019165,4.379660606384277,1617400
2019-04-24,4.480000019073486,4.480000019073486,4.420000076293945,4.440000057220459,4.35026741027832,898400
2019-04-25,4.480000019073486,4.480000019073486,4.429999828338623,4.460000038146973,4.3698625564575195,649500
2019-04-26,4.460000038146973,4.510000228881836,4.449999809265137,4.489999771118164,4.399256229400635,1338200
2019-04-29,4.510000228881836,4.53000020980835,4.489999771118164,4.53000020980835,4.438447952270508,636600
2019-04-30,4.550000190734863,4.599999904632568,4.519999980926514,4.570000171661377,4.477639675140381,1030800
2019-05-01,4.559999942779541,4.590000152587891,4.550000190734863,4.550000190734863,4.458043575286865,734100
2019-05-02,4.510000228881836,4.550000190734863,4.46999979019165,4.489999771118164,4.399256229400635,1366500
2019-05-03,4.480000019073486,4.510000228881836,4.369999885559082,4.409999847412109,4.320872783660889,2322900
2019-05-06,4.389999866485596,4.5,4.369999885559082,4.489999771118164,4.399256229400635,783500
2019-05-07,4.46999979019165,4.489999771118164,4.409999847412109,4.449999809265137,4.3600640296936035,1149000
2019-05-08,4.460000038146973,4.559999942779541,4.409999847412109,4.550000190734863,4.458043575286865,3600900
2019-05-09,4.489999771118164,4.510000228881836,4.429999828338623,4.5,4.409054279327393,1725200
2019-05-10,4.5,4.519999980926514,4.449999809265137,4.510000228881836,4.418851852416992,1541700
2019-05-13,4.460000038146973,4.460000038146973,4.360000133514404,4.400000095367432,4.311075210571289,2915000
2019-05-14,4.389999866485596,4.400000095367432,4.360000133514404,4.380000114440918,4.291479110717773,1924500
2019-05-15,4.349999904632568,4.440000057220459,4.349999904632568,4.420000076293945,4.3306708335876465,2296500
2019-05-16,4.429999828338623,4.519999980926514,4.429999828338623,4.5,4.409054279327393,3687900
2019-05-17,4.46999979019165,4.510000228881836,4.449999809265137,4.46999979019165,4.379660606384277,1673900
2019-05-20,4.550000190734863,4.630000114440918,4.510000228881836,4.579999923706055,4.4874372482299805,2515100
2019-05-21,4.539999961853027,4.539999961853027,4.440000057220459,4.480000019073486,4.389457702636719,1670100
2019-05-22,4.429999828338623,4.510000228881836,4.429999828338623,4.460000038146973,4.3698625564575195,1393900
2019-05-23,4.440000057220459,4.440000057220459,4.400000095367432,4.420000076293945,4.3306708335876465,816600
2019-05-24,4.460000038146973,4.480000019073486,4.420000076293945,4.440000057220459,4.35026741027832,1153000
2019-05-28,4.440000057220459,4.460000038146973,4.340000152587891,4.340000152587891,4.252287864685059,7518800
2019-05-29,4.400000095367432,4.420000076293945,4.340000152587891,4.400000095367432,4.311075210571289,2670100
2019-05-30,4.420000076293945,4.46999979019165,4.420000076293945,4.449999809265137,4.3600640296936035,1349800
2019-05-31,4.400000095367432,4.46999979019165,4.400000095367432,4.420000076293945,4.3306708335876465,877500
2019-06-03,4.489999771118164,4.539999961853027,4.440000057220459,4.440000057220459,4.35026741027832,1310100
2019-06-04,4.5,4.550000190734863,4.429999828338623,4.480000019073486,4.389457702636719,981600
2019-06-05,4.519999980926514,4.519999980926514,4.429999828338623,4.449999809265137,4.3600640296936035,1207200
2019-06-06,4.440000057220459,4.460000038146973,4.420000076293945,4.449999809265137,4.3600640296936035,981900
2019-06-07,4.510000228881836,4.550000190734863,4.510000228881836,4.510000228881836,4.418851852416992,760600
2019-06-10,4.550000190734863,4.559999942779541,4.460000038146973,4.489999771118164,4.399256229400635,1141100
2019-06-11,4.519999980926514,4.550000190734863,4.510000228881836,4.519999980926514,4.42864990234375,882900
2019-06-12,4.510000228881836,4.550000190734863,4.510000228881836,4.53000020980835,4.438447952270508,294300
2019-06-13,4.539999961853027,4.610000133514404,4.53000020980835,4.599999904632568,4.507033348083496,1165700
2019-06-14,4.570000171661377,4.599999904632568,4.550000190734863,4.559999942779541,4.467841148376465,1190500
2019-06-17,4.550000190734863,4.570000171661377,4.480000019073486,4.5,4.409054279327393,3518600
2019-06-18,4.53000020980835,4.53000020980835,4.489999771118164,4.510000228881836,4.418851852416992,2532800
2019-06-19,4.449999809265137,4.449999809265137,4.329999923706055,4.380000114440918,4.291479110717773,3154600
2019-06-20,4.369999885559082,4.389999866485596,4.349999904632568,4.369999885559082,4.281681060791016,2347000
2019-06-21,4.329999923706055,4.369999885559082,4.320000171661377,4.320000171661377,4.232692241668701,14511500
2019-06-24,4.309999942779541,4.360000133514404,4.309999942779541,4.329999923706055,4.242490291595459,1483600
2019-06-25,4.340000152587891,4.380000114440918,4.320000171661377,4.329999923706055,4.242490291595459,947500
2019-06-26,4.360000133514404,4.380000114440918,4.340000152587891,4.349999904632568,4.262085437774658,969200
2019-06-27,4.309999942779541,4.349999904632568,4.309999942779541,4.329999923706055,4.242490291595459,1253500
2019-06-28,4.300000190734863,4.349999904632568,4.289999961853027,4.329999923706055,4.242490291595459,1821300
2019-07-01,4.349999904632568,4.369999885559082,4.309999942779541,4.320000171661377,4.232692241668701,914300
2019-07-02,4.360000133514404,4.420000076293945,4.349999904632568,4.400000095367432,4.311075210571289,1466400
2019-07-03,4.349999904632568,4.380000114440918,4.340000152587891,4.380000114440918,4.291479110717773,610600
2019-07-05,4.260000228881836,4.289999961853027,4.239999771118164,4.289999961853027,4.203298091888428,1375600
2019-07-08,4.210000038146973,4.230000019073486,4.159999847412109,4.159999847412109,4.075925350189209,2149000
2019-07-09,4.150000095367432,4.170000076293945,4.130000114440918,4.159999847412109,4.075925350189209,1803100
2019-07-10,4.210000038146973,4.230000019073486,4.139999866485596,4.179999828338623,4.095520973205566,2477000
2019-07-11,4.179999828338623,4.21999979019165,4.159999847412109,4.21999979019165,4.1347126960754395,2714100
2019-07-12,4.139999866485596,4.199999809265137,4.130000114440918,4.199999809265137,4.115117073059082,2098900
2019-07-15,4.170000076293945,4.190000057220459,4.110000133514404,4.179999828338623,4.095520973205566,2843000
2019-07-16,4.139999866485596,4.190000057220459,4.139999866485596,4.170000076293945,4.085723400115967,2083800
2019-07-17,4.190000057220459,4.239999771118164,4.130000114440918,4.139999866485596,4.056329727172852,2282100
2019-07-18,4.289999961853027,4.289999961853027,4.210000038146973,4.260000228881836,4.173904895782471,2109800
2019-07-19,4.21999979019165,4.239999771118164,4.159999847412109,4.170000076293945,4.085723400115967,1813100
2019-07-22,4.179999828338623,4.210000038146973,4.170000076293945,4.179999828338623,4.095520973205566,971700
2019-07-23,4.179999828338623,4.21999979019165,4.179999828338623,4.190000057220459,4.105318546295166,691100
2019-07-24,4.199999809265137,4.210000038146973,4.179999828338623,4.179999828338623,4.095520973205566,678300
2019-07-25,4.159999847412109,4.170000076293945,4.139999866485596,4.139999866485596,4.056329727172852,939700
2019-07-26,4.170000076293945,4.179999828338623,4.150000095367432,4.159999847412109,4.075925350189209,1132000
2019-07-29,4.150000095367432,4.170000076293945,4.139999866485596,4.170000076293945,4.085723400115967,529500
2019-07-30,4.150000095367432,4.150000095367432,4.090000152587891,4.090000152587891,4.007339954376221,657500
2019-07-31,4.150000095367432,4.190000057220459,4.03000020980835,4.090000152587891,4.007339954376221,1708100
2019-08-01,4.170000076293945,4.239999771118164,4.139999866485596,4.150000095367432,4.066127777099609,2253300
2019-08-02,4.070000171661377,4.070000171661377,4.010000228881836,4.03000020980835,3.9485528469085693,1368800
2019-08-05,3.9800000190734863,3.990000009536743,3.890000104904175,3.9200000762939453,3.840775966644287,1046900
2019-08-06,3.9200000762939453,3.9700000286102295,3.9200000762939453,3.950000047683716,3.8701694011688232,1037900
2019-08-07,3.9700000286102295,3.9700000286102295,3.950000047683716,3.9700000286102295,3.8897652626037598,1285800
2019-08-08,4.03000020980835,4.03000020980835,3.9700000286102295,4.019999980926514,3.9387550354003906,1019800
2019-08-09,4.0,4.0,3.9600000381469727,3.9700000286102295,3.8897652626037598,916700
2019-08-12,3.930000066757202,4.0,3.930000066757202,3.9700000286102295,3.8897652626037598,780900
2019-08-13,3.9100000858306885,3.930000066757202,3.869999885559082,3.9100000858306885,3.8309781551361084,1540100
2019-08-14,3.799999952316284,3.809999942779541,3.759999990463257,3.7699999809265137,3.693807601928711,1113600
2019-08-15,3.799999952316284,3.809999942779541,3.7699999809265137,3.7799999713897705,3.7036054134368896,724100
2019-08-16,3.759999990463257,3.8299999237060547,3.759999990463257,3.799999952316284,3.723201274871826,973300
2019-08-19,3.8399999141693115,3.8399999141693115,3.759999990463257,3.759999990463257,3.684009552001953,1700300
2019-08-20,3.7799999713897705,3.819999933242798,3.759999990463257,3.759999990463257,3.684009552001953,992700
2019-08-21,3.7899999618530273,3.799999952316284,3.759999990463257,3.7799999713897705,3.7036054134368896,604500
2019-08-22,3.7699999809265137,3.7799999713897705,3.7200000286102295,3.7300000190734863,3.654615640640259,1351800
2019-08-23,3.759999990463257,3.7899999618530273,3.7100000381469727,3.7100000381469727,3.6350202560424805,1721200
2019-08-26,3.7100000381469727,3.7100000381469727,3.6600000858306885,3.6700000762939453,3.5958282947540283,876800
2019-08-27,3.7200000286102295,3.7300000190734863,3.7100000381469727,3.7100000381469727,3.6350202560424805,869500
2019-08-28,3.680000066757202,3.7200000286102295,3.6700000762939453,3.6700000762939453,3.5958282947540283,718000
2019-08-29,3.700000047683716,3.75,3.690000057220459,3.7300000190734863,3.654615640640259,837100
2019-08-30,3.799999952316284,3.819999933242798,3.75,3.819999933242798,3.7427966594696045,830200
2019-09-03,3.7699999809265137,3.7799999713897705,3.700000047683716,3.7100000381469727,3.6350202560424805,1410500
2019-09-04,3.7799999713897705,3.7799999713897705,3.740000009536743,3.759999990463257,3.684009552001953,631700
2019-09-05,3.75,3.8299999237060547,3.740000009536743,3.8299999237060547,3.7525949478149414,1771800
2019-09-06,3.799999952316284,3.809999942779541,3.740000009536743,3.740000009536743,3.6644134521484375,2000900
2019-09-09,3.7799999713897705,3.809999942779541,3.7799999713897705,3.7899999618530273,3.7134029865264893,748000
2019-09-10,3.7899999618530273,3.809999942779541,3.7699999809265137,3.7799999713897705,3.7036054134368896,674000
2019-09-11,3.7200000286102295,3.7200000286102295,3.6600000858306885,3.680000066757202,3.6056265830993652,1504300
2019-09-12,3.7200000286102295,3.7300000190734863,3.6700000762939453,3.690000057220459,3.615424394607544,1143100
2019-09-13,3.7300000190734863,3.740000009536743,3.680000066757202,3.740000009536743,3.6644134521484375,872900
2019-09-16,3.7100000381469727,3.7100000381469727,3.6700000762939453,3.6700000762939453,3.5958282947540283,537300
2019-09-17,3.6500000953674316,3.690000057220459,3.640000104904175,3.680000066757202,3.6056265830993652,1248400
2019-09-18,3.7100000381469727,3.7300000190734863,3.680000066757202,3.700000047683716,3.6252219676971436,958900
2019-09-19,3.6600000858306885,3.680000066757202,3.619999885559082,3.640000104904175,3.5664350986480713,1533700
2019-09-20,3.7200000286102295,3.75,3.680000066757202,3.7200000286102295,3.6448183059692383,1499400
2019-09-23,3.6500000953674316,3.6500000953674316,3.5999999046325684,3.640000104904175,3.5664350986480713,1019000
2019-09-24,3.6700000762939453,3.6700000762939453,3.559999942779541,3.5999999046325684,3.527243137359619,1905900
2019-09-25,3.609999895095825,3.609999895095825,3.569999933242798,3.5899999141693115,3.5174453258514404,615800
2019-09-26,3.5999999046325684,3.619999885559082,3.569999933242798,3.619999885559082,3.5468389987945557,861600
2019-09-27,3.640000104904175,3.640000104904175,3.5899999141693115,3.609999895095825,3.5370407104492188,1531000
2019-09-30,3.6600000858306885,3.6600000858306885,3.619999885559082,3.6500000953674316,3.576232671737671,603600
2019-10-01,3.559999942779541,3.569999933242798,3.5199999809265137,3.559999942779541,3.4880518913269043,1056500
2019-10-02,3.5199999809265137,3.5799999237060547,3.509999990463257,3.5799999237060547,3.5076470375061035,1223200
2019-10-03,3.609999895095825,3.630000114440918,3.5799999237060547,3.5899999141693115,3.5174453258514404,2740700
2019-10-04,3.630000114440918,3.6700000762939453,3.609999895095825,3.6500000953674316,3.576232671737671,1344300
2019-10-07,3.630000114440918,3.6600000858306885,3.609999895095825,3.6500000953674316,3.576232671737671,1370900
2019-10-08,3.5999999046325684,3.6600000858306885,3.5999999046325684,3.6500000953674316,3.576232671737671,2063200
2019-10-09,3.6500000953674316,3.6600000858306885,3.630000114440918,3.640000104904175,3.5664350986480713,811700
2019-10-10,3.6500000953674316,3.680000066757202,3.619999885559082,3.630000114440918,3.5566370487213135,909500
2019-10-11,3.700000047683716,3.700000047683716,3.6600000858306885,3.6600000858306885,3.5860307216644287,715600
2019-10-14,3.690000057220459,3.7200000286102295,3.6700000762939453,3.690000057220459,3.615424394607544,1138700
2019-10-15,3.799999952316284,3.8499999046325684,3.6700000762939453,3.690000057220459,3.615424394607544,2811800
2019-10-16,3.7699999809265137,3.809999942779541,3.75,3.7799999713897705,3.7036054134368896,1600300
2019-10-17,3.7899999618530273,3.809999942779541,3.7799999713897705,3.799999952316284,3.723201274871826,1308700
2019-10-18,3.7699999809265137,3.819999933242798,3.7699999809265137,3.799999952316284,3.723201274871826,777100
2019-10-21,3.7699999809265137,3.8299999237060547,3.7699999809265137,3.809999942779541,3.732999086380005,944400
2019-10-22,3.809999942779541,3.859999895095825,3.809999942779541,3.8299999237060547,3.7525949478149414,1122700
2019-10-23,3.8499999046325684,3.869999885559082,3.8399999141693115,3.8399999141693115,3.76239275932312,1413400
2019-10-24,3.799999952316284,3.8399999141693115,3.799999952316284,3.8299999237060547,3.7525949478149414,3080300
2019-10-25,3.859999895095825,3.9600000381469727,3.8399999141693115,3.940000057220459,3.8603718280792236,2666300
2019-10-28,3.940000057220459,3.940000057220459,3.9100000858306885,3.9200000762939453,3.840775966644287,1336000
2019-10-29,3.9000000953674316,3.940000057220459,3.890000104904175,3.890000104904175,3.811382293701172,2054000
2019-10-30,3.859999895095825,3.890000104904175,3.8499999046325684,3.8499999046325684,3.772190809249878,1226700
2019-10-31,3.930000066757202,3.990000009536743,3.9100000858306885,3.9800000190734863,3.8995633125305176,1668300
2019-11-01,4.0,4.0,3.940000057220459,3.9600000381469727,3.87996768951416,1122100
2019-11-04,3.9200000762939453,3.9700000286102295,3.9100000858306885,3.9700000286102295,3.8897652626037598,924200
2019-11-05,3.9800000190734863,3.9800000190734863,3.940000057220459,3.9600000381469727,3.87996768951416,550400
2019-11-06,3.9200000762939453,3.940000057220459,3.890000104904175,3.890000104904175,3.811382293701172,623800
2019-11-07,3.930000066757202,3.9700000286102295,3.930000066757202,3.9700000286102295,3.8897652626037598,1782200
2019-11-08,3.890000104904175,3.930000066757202,3.890000104904175,3.930000066757202,3.850574016571045,947100
2019-11-11,3.9100000858306885,3.9200000762939453,3.890000104904175,3.9100000858306885,3.8309781551361084,312900
2019-11-12,3.9100000858306885,3.940000057220459,3.890000104904175,3.940000057220459,3.8603718280792236,1862300
2019-11-13,3.869999885559082,3.890000104904175,3.8499999046325684,3.859999895095825,3.7819883823394775,1099800
2019-11-14,3.8499999046325684,3.890000104904175,3.8399999141693115,3.859999895095825,3.7819883823394775,2363000
2019-11-15,3.880000114440918,3.9100000858306885,3.869999885559082,3.869999885559082,3.7917864322662354,619700
2019-11-18,3.8299999237060547,3.8299999237060547,3.759999990463257,3.7899999618530273,3.7134029865264893,1197100
2019-11-19,3.819999933242798,3.8299999237060547,3.7699999809265137,3.7799999713897705,3.7036054134368896,531400
2019-11-20,3.7699999809265137,3.809999942779541,3.759999990463257,3.7699999809265137,3.693807601928711,578200
2019-11-21,3.7300000190734863,3.75,3.6500000953674316,3.6600000858306885,3.5860307216644287,2828500
2019-11-22,3.6500000953674316,3.6500000953674316,3.609999895095825,3.640000104904175,3.5664350986480713,800300
2019-11-25,3.7100000381469727,3.7100000381469727,3.6500000953674316,3.680000066757202,3.6056265830993652,645800
2019-11-26,3.630000114440918,3.6700000762939453,3.619999885559082,3.640000104904175,3.5664350986480713,2368300
2019-11-27,3.680000066757202,3.690000057220459,3.6500000953674316,3.680000066757202,3.6056265830993652,656800
2019-11-29,3.630000114440918,3.640000104904175,3.619999885559082,3.630000114440918,3.5566370487213135,531600
2019-12-02,3.5999999046325684,3.640000104904175,3.5999999046325684,3.640000104904175,3.5664350986480713,668500
2019-12-03,3.5999999046325684,3.630000114440918,3.5899999141693115,3.609999895095825,3.5370407104492188,1928000
2019-12-04,3.6600000858306885,3.680000066757202,3.6500000953674316,3.680000066757202,3.6056265830993652,571000
2019-12-05,3.700000047683716,3.700000047683716,3.6600000858306885,3.6700000762939453,3.5958282947540283,713000
2019-12-06,3.6600000858306885,3.6700000762939453,3.6500000953674316,3.6500000953674316,3.576232671737671,694400
2019-12-09,3.6500000953674316,3.6700000762939453,3.630000114440918,3.630000114440918,3.5566370487213135,545100
2019-12-10,3.630000114440918,3.680000066757202,3.609999895095825,3.6700000762939453,3.5958282947540283,616500
2019-12-11,3.680000066757202,3.690000057220459,3.6500000953674316,3.6600000858306885,3.5860307216644287,786600
2019-12-12,3.6700000762939453,3.700000047683716,3.619999885559082,3.680000066757202,3.6056265830993652,2190200
2019-12-13,3.700000047683716,3.740000009536743,3.690000057220459,3.7100000381469727,3.6350202560424805,1414400
2019-12-16,3.700000047683716,3.759999990463257,3.700000047683716,3.759999990463257,3.684009552001953,1973000
2019-12-17,3.740000009536743,3.799999952316284,3.740000009536743,3.799999952316284,3.723201274871826,2234300
2019-12-18,3.8299999237060547,3.8399999141693115,3.7699999809265137,3.7799999713897705,3.7036054134368896,2412600
2019-12-19,3.7699999809265137,3.799999952316284,3.759999990463257,3.7899999618530273,3.7134029865264893,1053900
2019-12-20,3.8399999141693115,3.890000104904175,3.819999933242798,3.859999895095825,3.7819883823394775,3172900
2019-12-23,3.859999895095825,3.880000114440918,3.8299999237060547,3.8299999237060547,3.7525949478149414,527400
2019-12-24,3.8399999141693115,3.8399999141693115,3.809999942779541,3.819999933242798,3.7427966594696045,116300
2019-12-26,3.799999952316284,3.819999933242798,3.7899999618530273,3.799999952316284,3.723201274871826,647900
2019-12-27,3.759999990463257,3.7799999713897705,3.75,3.759999990463257,3.684009552001953,322600
2019-12-30,3.759999990463257,3.7799999713897705,3.740000009536743,3.75,3.6742119789123535,376400
2019-12-31,3.7200000286102295,3.75,3.7200000286102295,3.75,3.6742119789123535,324100
2020-01-02,3.75,3.7799999713897705,3.740000009536743,3.759999990463257,3.684009552001953,524800
2020-01-03,3.7799999713897705,3.809999942779541,3.75,3.7899999618530273,3.7134029865264893,417900
2020-01-06,3.809999942779541,3.8499999046325684,3.7799999713897705,3.8499999046325684,3.772190809249878,727200
2020-01-07,3.869999885559082,3.869999885559082,3.8399999141693115,3.8499999046325684,3.772190809249878,1034000
2020-01-08,3.869999885559082,3.880000114440918,3.8499999046325684,3.859999895095825,3.7819883823394775,908700
2020-01-09,3.8499999046325684,3.869999885559082,3.819999933242798,3.8499999046325684,3.772190809249878,890800
2020-01-10,3.8499999046325684,3.869999885559082,3.8399999141693115,3.869999885559082,3.7917864322662354,634100
2020-01-13,3.9000000953674316,3.940000057220459,3.890000104904175,3.9200000762939453,3.840775966644287,631700
2020-01-14,3.869999885559082,3.930000066757202,3.7699999809265137,3.930000066757202,3.850574016571045,2246100
2020-01-15,3.7799999713897705,3.8299999237060547,3.75,3.759999990463257,3.684009552001953,1279400
2020-01-16,3.7799999713897705,3.8299999237060547,3.7799999713897705,3.799999952316284,3.723201274871826,685700
2020-01-17,3.8299999237060547,3.8499999046325684,3.799999952316284,3.8299999237060547,3.7525949478149414,807200
2020-01-21,3.7799999713897705,3.799999952316284,3.7699999809265137,3.7799999713897705,3.7036054134368896,865600
2020-01-22,3.7899999618530273,3.7899999618530273,3.7699999809265137,3.7899999618530273,3.7134029865264893,468800
2020-01-23,3.799999952316284,3.799999952316284,3.75,3.7899999618530273,3.7134029865264893,594100
2020-01-24,3.7799999713897705,3.799999952316284,3.7699999809265137,3.799999952316284,3.7370054721832275,507100
2020-01-27,3.7200000286102295,3.75,3.700000047683716,3.740000009536743,3.67799973487854,299000
2020-01-28,3.7200000286102295,3.7699999809265137,3.7200000286102295,3.759999990463257,3.6976685523986816,663600
2020-01-29,3.740000009536743,3.7799999713897705,3.740000009536743,3.759999990463257,3.6976685523986816,372100
2020-01-30,3.700000047683716,3.700000047683716,3.680000066757202,3.700000047683716,3.6386630535125732,565100
2020-01-31,3.609999895095825,3.630000114440918,3.5999999046325684,3.630000114440918,3.569823741912842,596900
2020-02-03,3.5799999237060547,3.6500000953674316,3.559999942779541,3.630000114440918,3.569823741912842,813500
2020-02-04,3.6500000953674316,3.7100000381469727,3.6500000953674316,3.700000047683716,3.6386630535125732,656200
2020-02-05,3.700000047683716,3.740000009536743,3.690000057220459,3.740000009536743,3.67799973487854,664300
2020-02-06,3.690000057220459,3.75,3.680000066757202,3.75,3.6878345012664795,614100
2020-02-07,3.7200000286102295,3.759999990463257,3.7200000286102295,3.740000009536743,3.67799973487854,492300
2020-02-10,3.7200000286102295,3.740000009536743,3.700000047683716,3.7200000286102295,3.658331871032715,516900
2020-02-11,3.700000047683716,3.7799999713897705,3.700000047683716,3.75,3.6878345012664795,1691600
2020-02-12,3.7799999713897705,3.819999933242798,3.759999990463257,3.809999942779541,3.746839761734009,862500
2020-02-13,3.7899999618530273,3.8299999237060547,3.759999990463257,3.7899999618530273,3.727170944213867,1226700
2020-02-14,3.7799999713897705,3.819999933242798,3.7799999713897705,3.799999952316284,3.7370054721832275,723400
2020-02-18,3.759999990463257,3.809999942779541,3.759999990463257,3.799999952316284,3.7370054721832275,421300
2020-02-19,3.799999952316284,3.8499999046325684,3.799999952316284,3.8299999237060547,3.766508102416992,600500
2020-02-20,3.7699999809265137,3.8299999237060547,3.7699999809265137,3.819999933242798,3.756673574447632,858100
2020-02-21,3.8499999046325684,3.8499999046325684,3.799999952316284,3.809999942779541,3.746839761734009,1269300
2020-02-24,3.740000009536743,3.7799999713897705,3.7100000381469727,3.7100000381469727,3.6484975814819336,913800
2020-02-25,3.75,3.759999990463257,3.6500000953674316,3.6600000858306885,3.5993263721466064,1018200
2020-02-26,3.6600000858306885,3.690000057220459,3.630000114440918,3.640000104904175,3.579658031463623,691700
2020-02-27,3.5399999618530273,3.609999895095825,3.5199999809265137,3.559999942779541,3.5009841918945312,1550000
2020-02-28,3.450000047683716,3.4700000286102295,3.369999885559082,3.450000047683716,3.3928074836730957,2347100
2020-03-02,3.3299999237060547,3.509999990463257,3.3299999237060547,3.490000009536743,3.4321444034576416,1987600
2020-03-03,3.450000047683716,3.5399999618530273,3.450000047683716,3.490000009536743,3.4321444034576416,2370700
2020-03-04,3.5199999809265137,3.5899999141693115,3.5,3.559999942779541,3.5009841918945312,1098900
2020-03-05,3.5199999809265137,3.569999933242798,3.509999990463257,3.5199999809265137,3.4616472721099854,1468400
2020-03-06,3.5,3.5399999618530273,3.450000047683716,3.509999990463257,3.451812982559204,1028200
2020-03-09,3.25,3.359999895095825,3.190000057220459,3.25,3.1961233615875244,2546100
2020-03-10,3.380000114440918,3.380000114440918,3.2200000286102295,3.299999952316284,3.2452940940856934,1487400
2020-03-11,3.259999990463257,3.2799999713897705,3.119999885559082,3.140000104904175,3.087946891784668,2140400
2020-03-12,2.819999933242798,2.930000066757202,2.819999933242798,2.880000114440918,2.832257032394409,2012200
2020-03-13,3.0199999809265137,3.0999999046325684,2.9100000858306885,3.059999942779541,3.009272813796997,2258200
2020-03-16,2.7300000190734863,2.9000000953674316,2.7300000190734863,2.759999990463257,2.7142462730407715,1148400
2020-03-17,2.759999990463257,2.8399999141693115,2.680000066757202,2.7799999713897705,2.733914613723755,1345200
2020-03-18,2.5999999046325684,2.7200000286102295,2.5999999046325684,2.630000114440918,2.5864012241363525,1341300
2020-03-19,2.5199999809265137,2.6500000953674316,2.5199999809265137,2.569999933242798,2.527395725250244,2983800
2020-03-20,2.7699999809265137,2.7799999713897705,2.640000104904175,2.6600000858306885,2.615903854370117,2111700
2020-03-23,2.609999895095825,2.7200000286102295,2.5399999618530273,2.690000057220459,2.645406484603882,1445000
2020-03-24,2.700000047683716,2.819999933242798,2.680000066757202,2.7200000286102295,2.6749093532562256,1759200
2020-03-25,2.7300000190734863,2.8499999046325684,2.700000047683716,2.7899999618530273,2.743748664855957,1255600
2020-03-26,2.8399999141693115,3.009999990463257,2.8399999141693115,3.0,2.9502673149108887,1658100
2020-03-27,2.9100000858306885,3.0299999713897705,2.880000114440918,2.9700000286102295,2.920764923095703,2537000
2020-03-30,2.950000047683716,3.0199999809265137,2.940000057220459,3.009999990463257,2.960101842880249,1169700
2020-03-31,3.0899999141693115,3.140000104904175,3.0299999713897705,3.0999999046325684,3.048609733581543,2072500
2020-04-01,2.9200000762939453,3.049999952316284,2.9100000858306885,3.0199999809265137,2.9699361324310303,1225800
2020-04-02,3.0,3.0799999237060547,2.9800000190734863,3.0199999809265137,2.9699361324310303,970700
2020-04-03,2.880000114440918,2.930000066757202,2.8399999141693115,2.9200000762939453,2.871593713760376,769300
2020-04-06,2.9600000381469727,3.059999942779541,2.950000047683716,3.059999942779541,3.009272813796997,1544200
2020-04-07,3.049999952316284,3.200000047683716,3.049999952316284,3.0899999141693115,3.038775682449341,1634900
2020-04-08,3.0899999141693115,3.1700000762939453,3.0899999141693115,3.130000114440918,3.0781126022338867,930400
2020-04-09,3.1600000858306885,3.190000057220459,3.069999933242798,3.0999999046325684,3.048609733581543,1044200
2020-04-13,3.0399999618530273,3.0799999237060547,3.009999990463257,3.0399999618530273,2.9896044731140137,741500
2020-04-14,3.059999942779541,3.1700000762939453,3.059999942779541,3.0999999046325684,3.048609733581543,1467600
2020-04-15,3.0199999809265137,3.109999895095825,2.819999933242798,3.069999933242798,3.019106864929199,1999200
2020-04-16,3.0399999618530273,3.140000104904175,3.0199999809265137,3.059999942779541,3.009272813796997,1803600
2020-04-17,3.0999999046325684,3.0999999046325684,2.9600000381469727,3.0299999713897705,2.9797699451446533,1421300
2020-04-20,2.950000047683716,3.0199999809265137,2.950000047683716,2.9600000381469727,2.910930633544922,1188400
2020-04-21,2.9700000286102295,2.9700000286102295,2.8499999046325684,2.890000104904175,2.8420910835266113,1142100
2020-04-22,2.950000047683716,2.9800000190734863,2.9200000762939453,2.940000057220459,2.8912620544433594,2145500
2020-04-23,2.9800000190734863,3.0399999618530273,2.9800000190734863,3.0,2.9502673149108887,766500
2020-04-24,2.950000047683716,2.990000009536743,2.9100000858306885,2.940000057220459,2.8912620544433594,551300
2020-04-27,3.0,3.0299999713897705,2.990000009536743,2.990000009536743,2.9404332637786865,1110700
2020-04-28,3.0199999809265137,3.0399999618530273,2.9800000190734863,2.990000009536743,2.9404332637786865,1352600
2020-04-29,2.930000066757202,3.2100000381469727,2.930000066757202,3.1600000858306885,3.1076149940490723,2446100
2020-04-30,3.299999952316284,3.4000000953674316,3.25,3.2899999618530273,3.235459804534912,2180400
2020-05-01,3.2300000190734863,3.2300000190734863,3.109999895095825,3.190000057220459,3.137117624282837,1198700
2020-05-04,3.200000047683716,3.240000009536743,3.1700000762939453,3.2100000381469727,3.1567859649658203,1022800
2020-05-05,3.190000057220459,3.240000009536743,3.0899999141693115,3.119999885559082,3.0682780742645264,542700
2020-05-06,3.130000114440918,3.1600000858306885,3.0299999713897705,3.049999952316284,2.999438524246216,1277600
2020-05-07,3.0199999809265137,3.0799999237060547,3.009999990463257,3.009999990463257,2.960101842880249,1260400
2020-05-08,3.059999942779541,3.0999999046325684,3.049999952316284,3.0899999141693115,3.038775682449341,637500
2020-05-11,3.0899999141693115,3.0899999141693115,3.009999990463257,3.0199999809265137,2.9699361324310303,1005900
2020-05-12,3.0799999237060547,3.0999999046325684,3.0299999713897705,3.0299999713897705,2.9797699451446533,1564200
2020-05-13,3.059999942779541,3.059999942779541,2.8499999046325684,2.869999885559082,2.8224222660064697,894400
2020-05-14,2.890000104904175,2.930000066757202,2.7899999618530273,2.9200000762939453,2.871593713760376,1720400
2020-05-15,2.9000000953674316,2.930000066757202,2.869999885559082,2.9100000858306885,2.8617594242095947,671500
2020-05-18,2.950000047683716,2.9600000381469727,2.9000000953674316,2.930000066757202,2.8814280033111572,756600
2020-05-19,2.940000057220459,2.9600000381469727,2.819999933242798,2.890000104904175,2.8420910835266113,1684800
2020-05-20,2.940000057220459,2.9800000190734863,2.9100000858306885,2.930000066757202,2.8814280033111572,1136900
2020-05-21,2.9600000381469727,3.0199999809265137,2.9600000381469727,3.0,2.9502673149108887,575800
2020-05-22,2.9800000190734863,2.990000009536743,2.9200000762939453,2.9600000381469727,2.910930633544922,900000
2020-05-26,2.990000009536743,3.049999952316284,2.9600000381469727,2.9600000381469727,2.910930633544922,1625900
2020-05-27,3.0999999046325684,3.119999885559082,3.0199999809265137,3.119999885559082,3.0682780742645264,1805900
2020-05-28,3.119999885559082,3.130000114440918,3.0299999713897705,3.059999942779541,3.009272813796997,1271300
2020-05-29,3.200000047683716,3.359999895095825,3.180000066757202,3.309999942779541,3.2551286220550537,2389900
2020-06-01,3.3499999046325684,3.369999885559082,3.319999933242798,3.3399999141693115,3.2846312522888184,848000
2020-06-02,3.369999885559082,3.390000104904175,3.3499999046325684,3.390000104904175,3.3338024616241455,619400
2020-06-03,3.3399999141693115,3.369999885559082,3.309999942779541,3.359999895095825,3.3042993545532227,715900
2020-06-04,3.380000114440918,3.4000000953674316,3.299999952316284,3.309999942779541,3.2551286220550537,1023200
2020-06-05,3.369999885559082,3.390000104904175,3.319999933242798,3.3299999237060547,3.274796724319458,1267900
2020-06-08,3.4100000858306885,3.4800000190734863,3.369999885559082,3.4700000286102295,3.412476062774658,1254300
2020-06-09,3.380000114440918,3.390000104904175,3.2699999809265137,3.319999933242798,3.2649624347686768,928100
2020-06-10,3.359999895095825,3.359999895095825,3.259999990463257,3.2799999713897705,3.22562575340271,745500
2020-06-11,3.2300000190734863,3.2300000190734863,3.119999885559082,3.119999885559082,3.0682780742645264,1473800
2020-06-12,3.109999895095825,3.180000066757202,3.0799999237060547,3.1500000953674316,3.097780704498291,733000
2020-06-15,3.1500000953674316,3.380000114440918,3.140000104904175,3.359999895095825,3.3042993545532227,1982200
2020-06-16,3.299999952316284,3.359999895095825,3.240000009536743,3.3499999046325684,3.2944653034210205,2497800
2020-06-17,3.369999885559082,3.440000057220459,3.319999933242798,3.369999885559082,3.314133644104004,1883900
2020-06-18,3.3499999046325684,3.359999895095825,3.309999942779541,3.3399999141693115,3.2846312522888184,922700
2020-06-19,3.359999895095825,3.4000000953674316,3.2799999713897705,3.299999952316284,3.2452940940856934,4038600
2020-06-22,3.259999990463257,3.2899999618530273,3.240000009536743,3.25,3.1961233615875244,1211700
2020-06-23,3.319999933242798,3.3299999237060547,3.2300000190734863,3.240000009536743,3.186288595199585,2129500
2020-06-24,3.240000009536743,3.240000009536743,3.1600000858306885,3.190000057220459,3.137117624282837,1252100
2020-06-25,3.190000057220459,3.2699999809265137,3.1700000762939453,3.259999990463257,3.2059571743011475,1049900
2020-06-26,3.3299999237060547,3.3299999237060547,3.259999990463257,3.2699999809265137,3.2157914638519287,1149400
2020-06-29,3.25,3.2799999713897705,3.2100000381469727,3.2699999809265137,3.2157914638519287,663100
2020-06-30,3.259999990463257,3.319999933242798,3.2300000190734863,3.309999942779541,3.2551286220550537,744700
2020-07-01,3.2799999713897705,3.2899999618530273,3.240000009536743,3.259999990463257,3.2059571743011475,634400
2020-07-02,3.3299999237060547,3.369999885559082,3.319999933242798,3.359999895095825,3.3042993545532227,730600
2020-07-06,3.390000104904175,3.390000104904175,3.319999933242798,3.3499999046325684,3.2944653034210205,1178800
2020-07-07,3.3499999046325684,3.4000000953674316,3.3499999046325684,3.369999885559082,3.314133644104004,690700
2020-07-08,3.359999895095825,3.369999885559082,3.2799999713897705,3.2899999618530273,3.235459804534912,970200
2020-07-09,3.309999942779541,3.3299999237060547,3.2699999809265137,3.309999942779541,3.2551286220550537,776000
2020-07-10,3.319999933242798,3.359999895095825,3.2899999618530273,3.359999895095825,3.3042993545532227,538100
2020-07-13,3.359999895095825,3.430000066757202,3.359999895095825,3.390000104904175,3.3338024616241455,859300
2020-07-14,3.4000000953674316,3.490000009536743,3.380000114440918,3.490000009536743,3.4321444034576416,1217800
2020-07-15,3.869999885559082,3.9000000953674316,3.7899999618530273,3.8499999046325684,3.7861766815185547,2816600
2020-07-16,3.8299999237060547,3.8299999237060547,3.7899999618530273,3.809999942779541,3.746839761734009,1150300
2020-07-17,3.799999952316284,3.8499999046325684,3.7899999618530273,3.809999942779541,3.746839761734009,1036600
2020-07-20,3.9000000953674316,3.9600000381469727,3.890000104904175,3.950000047683716,3.884518623352051,990000
2020-07-21,3.9700000286102295,4.010000228881836,3.9200000762939453,3.9200000762939453,3.8550162315368652,1081300
2020-07-22,3.890000104904175,3.930000066757202,3.859999895095825,3.9100000858306885,3.845181941986084,1057900
2020-07-23,3.9100000858306885,3.930000066757202,3.869999885559082,3.890000104904175,3.8255136013031006,521200
2020-07-24,3.930000066757202,3.9700000286102295,3.9000000953674316,3.9600000381469727,3.894353151321411,912700
2020-07-27,3.940000057220459,4.019999980926514,3.930000066757202,3.9700000286102295,3.9041872024536133,1123100
2020-07-28,4.010000228881836,4.059999942779541,4.0,4.019999980926514,3.9533584117889404,897700
2020-07-29,4.059999942779541,4.190000057220459,4.039999961853027,4.170000076293945,4.100871562957764,1570800
2020-07-30,4.159999847412109,4.300000190734863,4.159999847412109,4.269999980926514,4.199213981628418,798100
2020-07-31,4.199999809265137,4.340000152587891,4.190000057220459,4.320000171661377,4.248385429382324,3014300
2020-08-03,4.239999771118164,4.289999961853027,4.210000038146973,4.260000228881836,4.189380168914795,677700
2020-08-04,4.230000019073486,4.329999923706055,4.21999979019165,4.28000020980835,4.209048748016357,1121700
2020-08-05,4.289999961853027,4.320000171661377,4.25,4.260000228881836,4.189380168914795,1115600
2020-08-06,4.28000020980835,4.340000152587891,4.28000020980835,4.289999961853027,4.2188825607299805,931600
2020-08-07,4.230000019073486,4.269999980926514,4.199999809265137,4.210000038146973,4.140209197998047,760000
2020-08-10,4.21999979019165,4.25,4.199999809265137,4.230000019073486,4.159877300262451,517500
2020-08-11,4.28000020980835,4.300000190734863,4.239999771118164,4.25,4.179544925689697,665300
2020-08-12,4.25,4.25,4.190000057220459,4.210000038146973,4.140209197998047,502100
2020-08-13,4.21999979019165,4.309999942779541,4.190000057220459,4.289999961853027,4.2188825607299805,1384100
2020-08-14,4.239999771118164,4.239999771118164,4.179999828338623,4.210000038146973,4.140209197998047,766500
2020-08-17,4.28000020980835,4.320000171661377,4.260000228881836,4.309999942779541,4.238550662994385,605500
2020-08-18,4.320000171661377,4.340000152587891,4.289999961853027,4.300000190734863,4.2287163734436035,622200
2020-08-19,4.269999980926514,4.320000171661377,4.260000228881836,4.269999980926514,4.199213981628418,777200
2020-08-20,4.190000057220459,4.25,4.190000057220459,4.239999771118164,4.169710636138916,636600
2020-08-21,4.210000038146973,4.230000019073486,4.170000076293945,4.21999979019165,4.150042533874512,536700
2020-08-24,4.260000228881836,4.28000020980835,4.210000038146973,4.269999980926514,4.199213981628418,691700
2020-08-25,4.230000019073486,4.25,4.199999809265137,4.230000019073486,4.159877300262451,813300
2020-08-26,4.25,4.260000228881836,4.210000038146973,4.230000019073486,4.159877300262451,585000
2020-08-27,4.269999980926514,4.269999980926514,4.230000019073486,4.260000228881836,4.189380168914795,383700
2020-08-28,4.300000190734863,4.309999942779541,4.260000228881836,4.309999942779541,4.238550662994385,680300
2020-08-31,4.28000020980835,4.380000114440918,4.239999771118164,4.300000190734863,4.2287163734436035,539600
2020-09-01,4.309999942779541,4.329999923706055,4.28000020980835,4.28000020980835,4.209048748016357,735100
2020-09-02,4.309999942779541,4.380000114440918,4.289999961853027,4.329999923706055,4.2582197189331055,761300
2020-09-03,4.400000095367432,4.409999847412109,4.269999980926514,4.300000190734863,4.2287163734436035,1078700
2020-09-04,4.28000020980835,4.309999942779541,4.21999979019165,4.309999942779541,4.238550662994385,1055500
2020-09-08,4.309999942779541,4.340000152587891,4.260000228881836,4.28000020980835,4.209048748016357,663400
2020-09-09,4.349999904632568,4.389999866485596,4.309999942779541,4.349999904632568,4.27788782119751,1129000
2020-09-10,4.389999866485596,4.409999847412109,4.300000190734863,4.329999923706055,4.2582197189331055,684000
2020-09-11,4.400000095367432,4.480000019073486,4.400000095367432,4.429999828338623,4.356561183929443,1268700
2020-09-14,4.590000152587891,4.630000114440918,4.550000190734863,4.610000133514404,4.5335774421691895,2133600
2020-09-15,4.639999866485596,4.690000057220459,4.610000133514404,4.650000095367432,4.5729146003723145,1281700
2020-09-16,4.730000019073486,4.75,4.690000057220459,4.71999979019165,4.641753673553467,780900
2020-09-17,4.690000057220459,4.889999866485596,4.670000076293945,4.829999923706055,4.749930381774902,2453400
2020-09-18,4.869999885559082,4.920000076293945,4.75,4.75,4.671257495880127,2804000
2020-09-21,4.739999771118164,4.75,4.670000076293945,4.730000019073486,4.651588439941406,929500
2020-09-22,4.739999771118164,4.800000190734863,4.699999809265137,4.760000228881836,4.681091785430908,1898900
2020-09-23,4.769999980926514,4.78000020980835,4.71999979019165,4.71999979019165,4.641753673553467,1572400
2020-09-24,4.639999866485596,4.650000095367432,4.570000171661377,4.590000152587891,4.513908863067627,1736300
2020-09-25,4.690000057220459,4.75,4.679999828338623,4.730000019073486,4.651588439941406,1438400
2020-09-28,4.690000057220459,4.71999979019165,4.630000114440918,4.670000076293945,4.592582702636719,1519800
2020-09-29,4.639999866485596,4.690000057220459,4.630000114440918,4.639999866485596,4.563080310821533,1753300
2020-09-30,4.71999979019165,4.760000228881836,4.699999809265137,4.699999809265137,4.6220855712890625,2043000
2020-10-01,4.730000019073486,4.730000019073486,4.639999866485596,4.679999828338623,4.6024169921875,1360200
2020-10-02,4.650000095367432,4.659999847412109,4.619999885559082,4.630000114440918,4.55324649810791,1452700
2020-10-05,4.940000057220459,4.960000038146973,4.880000114440918,4.900000095367432,4.818769931793213,3064600
2020-10-06,4.869999885559082,4.889999866485596,4.739999771118164,4.760000228881836,4.681091785430908,2987900
2020-10-07,4.929999828338623,5.059999942779541,4.869999885559082,4.96999979019165,4.887609481811523,3755300
2020-10-08,5.28000020980835,5.320000171661377,5.179999828338623,5.230000019073486,5.143299579620361,2652100
2020-10-09,5.420000076293945,5.5,5.389999866485596,5.400000095367432,5.310481548309326,3254700
2020-10-12,5.449999809265137,5.460000038146973,5.389999866485596,5.409999847412109,5.320315361022949,2213600
2020-10-13,5.340000152587891,5.380000114440918,5.170000076293945,5.289999961853027,5.202304363250732,3259300
2020-10-14,5.079999923706055,5.159999847412109,5.050000190734863,5.110000133514404,5.025289058685303,2363700
2020-10-15,5.0,5.070000171661377,4.96999979019165,5.03000020980835,4.946615219116211,2269100
2020-10-16,4.980000019073486,5.03000020980835,4.980000019073486,5.010000228881836,4.926946640014648,1450500
2020-10-19,5.010000228881836,5.050000190734863,4.980000019073486,4.980000019073486,4.897443771362305,1479200
2020-10-20,5.03000020980835,5.079999923706055,5.010000228881836,5.050000190734863,4.966283798217773,1866200
2020-10-21,5.010000228881836,5.039999961853027,5.0,5.0,4.917112350463867,1823200
2020-10-22,5.019999980926514,5.050000190734863,5.0,5.019999980926514,4.936781406402588,1744300
2020-10-23,5.0,5.050000190734863,4.980000019073486,5.039999961853027,4.956449508666992,1275700
2020-10-26,4.949999809265137,4.96999979019165,4.920000076293945,4.929999828338623,4.848272323608398,1491800
2020-10-27,4.909999847412109,4.940000057220459,4.860000133514404,4.909999847412109,4.828604221343994,1559800
2020-10-28,4.849999904632568,4.869999885559082,4.809999942779541,4.829999923706055,4.749930381774902,1693300
2020-10-29,4.880000114440918,4.880000114440918,4.829999923706055,4.869999885559082,4.789267063140869,1648300
2020-10-30,4.869999885559082,4.900000095367432,4.789999961853027,4.840000152587891,4.759764671325684,1905700
2020-11-02,4.809999942779541,4.809999942779541,4.760000228881836,4.769999980926514,4.690924644470215,1013800
2020-11-03,4.800000190734863,4.880000114440918,4.78000020980835,4.849999904632568,4.769598960876465,1459100
2020-11-04,4.940000057220459,5.0,4.909999847412109,4.989999771118164,4.907278060913086,997900
2020-11-05,5.050000190734863,5.159999847412109,5.019999980926514,5.130000114440918,5.044957637786865,2377200
2020-11-06,5.090000152587891,5.139999866485596,5.079999923706055,5.110000133514404,5.025289058685303,1117100
2020-11-09,5.21999979019165,5.28000020980835,5.059999942779541,5.079999923706055,4.995786190032959,1060600
2020-11-10,5.03000020980835,5.03000020980835,4.880000114440918,4.920000076293945,4.838438987731934,1579100
2020-11-11,4.989999771118164,5.079999923706055,4.960000038146973,5.059999942779541,4.9761176109313965,1221900
2020-11-12,5.039999961853027,5.039999961853027,4.960000038146973,4.96999979019165,4.887609481811523,960400
2020-11-13,5.0,5.070000171661377,4.96999979019165,5.059999942779541,4.9761176109313965,989900
2020-11-16,5.050000190734863,5.099999904632568,5.03000020980835,5.099999904632568,5.0154547691345215,736100
2020-11-17,5.099999904632568,5.110000133514404,5.050000190734863,5.079999923706055,4.995786190032959,895100
2020-11-18,5.070000171661377,5.079999923706055,5.03000020980835,5.059999942779541,4.9761176109313965,989700
2020-11-19,5.039999961853027,5.050000190734863,4.980000019073486,4.989999771118164,4.907278060913086,962700
2020-11-20,5.039999961853027,5.090000152587891,5.039999961853027,5.059999942779541,4.9761176109313965,1028800
2020-11-23,5.150000095367432,5.170000076293945,5.090000152587891,5.119999885559082,5.035122394561768,1142100
2020-11-24,5.130000114440918,5.130000114440918,5.090000152587891,5.130000114440918,5.044957637786865,860800
2020-11-25,5.079999923706055,5.090000152587891,5.03000020980835,5.079999923706055,4.995786190032959,587200
2020-11-27,5.059999942779541,5.110000133514404,5.050000190734863,5.099999904632568,5.0154547691345215,599100
2020-11-30,5.110000133514404,5.170000076293945,5.050000190734863,5.150000095367432,5.064626216888428,1453700
2020-12-01,5.21999979019165,5.260000228881836,5.199999809265137,5.230000019073486,5.143299579620361,1017800
2020-12-02,5.409999847412109,5.5,5.360000133514404,5.369999885559082,5.280979156494141,2681700
2020-12-03,5.320000171661377,5.329999923706055,5.260000228881836,5.269999980926514,5.182636737823486,1415000
2020-12-04,5.300000190734863,5.340000152587891,5.28000020980835,5.320000171661377,5.231807708740234,1185500
2020-12-07,5.300000190734863,5.349999904632568,5.289999961853027,5.340000152587891,5.251476764678955,1252500
2020-12-08,5.360000133514404,5.429999828338623,5.360000133514404,5.380000114440918,5.290812969207764,1120000
2020-12-09,5.369999885559082,5.420000076293945,5.269999980926514,5.309999942779541,5.221973896026611,2071200
2020-12-10,5.28000020980835,5.369999885559082,5.260000228881836,5.320000171661377,5.231807708740234,1464900
2020-12-11,5.289999961853027,5.329999923706055,5.28000020980835,5.309999942779541,5.221973896026611,628100
2020-12-14,5.28000020980835,5.300000190734863,5.25,5.25,5.162967681884766,1440900
2020-12-15,5.320000171661377,5.420000076293945,5.260000228881836,5.409999847412109,5.320315361022949,1722100
2020-12-16,5.420000076293945,5.440000057220459,5.320000171661377,5.380000114440918,5.290812969207764,2152400
2020-12-17,5.400000095367432,5.519999980926514,5.400000095367432,5.440000057220459,5.349818706512451,2084200
2020-12-18,5.46999979019165,5.510000228881836,5.360000133514404,5.400000095367432,5.310481548309326,3431400
2020-12-21,5.28000020980835,5.289999961853027,5.050000190734863,5.260000228881836,5.172802448272705,1779900
2020-12-22,5.360000133514404,5.5,5.349999904632568,5.480000019073486,5.38915491104126,1937500
2020-12-23,5.679999828338623,5.739999771118164,5.570000171661377,5.579999923706055,5.487497329711914,2002400
2020-12-24,5.610000133514404,5.619999885559082,5.559999942779541,5.599999904632568,5.507165908813477,502600
2020-12-28,5.610000133514404,5.639999866485596,5.539999961853027,5.579999923706055,5.487497329711914,1291200
2020-12-29,5.579999923706055,5.639999866485596,5.579999923706055,5.590000152587891,5.497331619262695,777800
2020-12-30,5.630000114440918,5.650000095367432,5.590000152587891,5.639999866485596,5.546502113342285,673900
2020-12-31,5.670000076293945,5.670000076293945,5.619999885559082,5.650000095367432,5.556336879730225,1047200
2021-01-04,5.78000020980835,5.809999942779541,5.670000076293945,5.730000019073486,5.635011196136475,1905400
2021-01-05,5.880000114440918,5.960000038146973,5.860000133514404,5.880000114440918,5.782524108886719,2811800
2021-01-06,5.869999885559082,6.119999885559082,5.840000152587891,6.070000171661377,5.969374656677246,3956800
2021-01-07,6.0,6.010000228881836,5.909999847412109,5.960000038146973,5.861197471618652,1804800
2021-01-08,6.239999771118164,6.320000171661377,6.21999979019165,6.300000190734863,6.195561408996582,2502100
2021-01-11,6.420000076293945,6.449999809265137,6.369999885559082,6.380000114440918,6.274235248565674,2502800
2021-01-12,6.579999923706055,6.630000114440918,6.480000019073486,6.519999980926514,6.411914348602295,3118500
2021-01-13,6.610000133514404,6.639999866485596,6.349999904632568,6.449999809265137,6.343074798583984,3024000
2021-01-14,6.489999771118164,6.71999979019165,6.480000019073486,6.53000020980835,6.421748638153076,2716800
2021-01-15,6.420000076293945,6.420000076293945,6.329999923706055,6.389999866485596,6.284069538116455,2482000
2021-01-19,6.349999904632568,6.349999904632568,6.269999980926514,6.329999923706055,6.225064754486084,2760000
2021-01-20,6.460000038146973,6.579999923706055,6.460000038146973,6.570000171661377,6.461086750030518,2674500
2021-01-21,6.559999942779541,6.590000152587891,6.480000019073486,6.579999923706055,6.470919609069824,2456100
2021-01-22,6.489999771118164,6.559999942779541,6.480000019073486,6.550000190734863,6.4551520347595215,2035400
2021-01-25,6.460000038146973,6.489999771118164,6.369999885559082,6.440000057220459,6.346745014190674,2261300
2021-01-26,6.440000057220459,6.489999771118164,6.409999847412109,6.480000019073486,6.386165142059326,2012900
2021-01-27,6.480000019073486,6.710000038146973,6.480000019073486,6.610000133514404,6.514282703399658,4205600
2021-01-28,6.5,6.559999942779541,6.429999828338623,6.510000228881836,6.415730953216553,2602900
2021-01-29,6.349999904632568,6.360000133514404,6.150000095367432,6.150000095367432,6.060943603515625,4341000
2021-02-01,6.28000020980835,6.380000114440918,6.21999979019165,6.369999885559082,6.27775764465332,2241600
2021-02-02,6.440000057220459,6.489999771118164,6.389999866485596,6.449999809265137,6.356599807739258,1613200
2021-02-03,6.510000228881836,6.53000020980835,6.489999771118164,6.489999771118164,6.396020412445068,2162700
2021-02-04,6.46999979019165,6.5,6.400000095367432,6.449999809265137,6.356599807739258,1606300
2021-02-05,6.429999828338623,6.449999809265137,6.409999847412109,6.429999828338623,6.336888790130615,1242200
2021-02-08,6.510000228881836,6.599999904632568,6.510000228881836,6.590000152587891,6.494572162628174,1982800
2021-02-09,6.599999904632568,6.639999866485596,6.599999904632568,6.639999866485596,6.543848037719727,1345900
2021-02-10,6.610000133514404,6.659999847412109,6.519999980926514,6.579999923706055,6.484716892242432,1219800
2021-02-11,6.599999904632568,6.650000095367432,6.570000171661377,6.619999885559082,6.5241379737854,1337500
2021-02-12,6.690000057220459,6.739999771118164,6.650000095367432,6.730000019073486,6.632544994354248,1581600
2021-02-16,6.650000095367432,6.679999828338623,6.539999961853027,6.579999923706055,6.484716892242432,1760900
2021-02-17,6.519999980926514,6.539999961853027,6.480000019073486,6.489999771118164,6.396020412445068,1656500
2021-02-18,6.53000020980835,6.590000152587891,6.489999771118164,6.579999923706055,6.484716892242432,1892000
2021-02-19,6.539999961853027,6.610000133514404,6.519999980926514,6.559999942779541,6.4650068283081055,1623300
2021-02-22,6.440000057220459,6.460000038146973,6.400000095367432,6.440000057220459,6.346745014190674,1873600
2021-02-23,6.349999904632568,6.349999904632568,6.170000076293945,6.300000190734863,6.208771705627441,3050700
2021-02-24,6.349999904632568,6.389999866485596,6.300000190734863,6.369999885559082,6.27775764465332,2107400
2021-02-25,6.389999866485596,6.400000095367432,6.239999771118164,6.260000228881836,6.169350624084473,2044700
2021-02-26,6.190000057220459,6.239999771118164,6.099999904632568,6.130000114440918,6.041233539581299,3001400
2021-03-01,6.260000228881836,6.400000095367432,6.210000038146973,6.389999866485596,6.297468185424805,2027100
2021-03-02,6.519999980926514,6.559999942779541,6.460000038146973,6.46999979019165,6.376309871673584,1751000
2021-03-03,6.590000152587891,6.599999904632568,6.440000057220459,6.46999979019165,6.376309871673584,2480300
2021-03-04,6.539999961853027,6.690000057220459,6.400000095367432,6.440000057220459,6.346745014190674,3015200
2021-03-05,6.329999923706055,6.380000114440918,6.210000038146973,6.380000114440918,6.287613868713379,2496200
2021-03-08,6.329999923706055,6.349999904632568,6.210000038146973,6.230000019073486,6.1397857666015625,1384500
2021-03-09,6.320000171661377,6.510000228881836,6.320000171661377,6.480000019073486,6.386165142059326,2388900
2021-03-10,6.53000020980835,6.559999942779541,6.480000019073486,6.550000190734863,6.4551520347595215,1723600
2021-03-11,6.550000190734863,6.760000228881836,6.550000190734863,6.730000019073486,6.632544994354248,2671400
2021-03-12,6.579999923706055,6.599999904632568,6.480000019073486,6.539999961853027,6.445295810699463,1337400
2021-03-15,6.550000190734863,6.559999942779541,6.5,6.559999942779541,6.4650068283081055,1211800
2021-03-16,6.570000171661377,6.659999847412109,6.570000171661377,6.639999866485596,6.543848037719727,2409800
2021-03-17,6.480000019073486,6.5,6.369999885559082,6.489999771118164,6.396020412445068,1736600
2021-03-18,6.389999866485596,6.389999866485596,6.269999980926514,6.289999961853027,6.198916435241699,1900500
2021-03-19,6.349999904632568,6.440000057220459,6.309999942779541,6.380000114440918,6.287613868713379,2043200
2021-03-22,6.429999828338623,6.480000019073486,6.400000095367432,6.460000038146973,6.366455078125,973100
2021-03-23,6.440000057220459,6.46999979019165,6.369999885559082,6.380000114440918,6.287613868713379,1193500
2021-03-24,6.369999885559082,6.369999885559082,6.28000020980835,6.340000152587891,6.24819278717041,1820100
2021-03-25,6.230000019073486,6.28000020980835,6.170000076293945,6.260000228881836,6.169350624084473,1969800
2021-03-26,6.300000190734863,6.420000076293945,6.300000190734863,6.409999847412109,6.317178249359131,2340800
2021-03-29,6.400000095367432,6.440000057220459,6.289999961853027,6.289999961853027,6.198916435241699,2161200
2021-03-30,6.400000095367432,6.400000095367432,6.320000171661377,6.389999866485596,6.297468185424805,1732100
2021-03-31,6.380000114440918,6.420000076293945,6.340000152587891,6.340000152587891,6.24819278717041,1824200
2021-04-01,6.409999847412109,6.510000228881836,6.409999847412109,6.5,6.4058756828308105,1784800
2021-04-05,6.599999904632568,6.599999904632568,6.510000228881836,6.539999961853027,6.445295810699463,970500
2021-04-06,6.5,6.579999923706055,6.5,6.53000020980835,6.435441017150879,1008100
2021-04-07,6.590000152587891,6.590000152587891,6.489999771118164,6.539999961853027,6.445295810699463,1485000
2021-04-08,6.599999904632568,6.639999866485596,6.559999942779541,6.590000152587891,6.494572162628174,1363600
2021-04-09,6.670000076293945,6.71999979019165,6.639999866485596,6.71999979019165,6.622689723968506,1303900
2021-04-12,6.460000038146973,6.519999980926514,6.369999885559082,6.380000114440918,6.287613868713379,1276300
2021-04-13,6.300000190734863,6.309999942779541,6.21999979019165,6.260000228881836,6.169350624084473,2585000
2021-04-14,6.289999961853027,6.349999904632568,6.090000152587891,6.099999904632568,6.0116682052612305,2674300
2021-04-15,6.329999923706055,6.559999942779541,6.329999923706055,6.559999942779541,6.4650068283081055,2854900
2021-04-16,6.960000038146973,7.079999923706055,6.920000076293945,6.960000038146973,6.8592143058776855,2672500
2021-04-19,6.980000019073486,7.019999980926514,6.920000076293945,6.960000038146973,6.8592143058776855,1285000
2021-04-20,6.900000095367432,6.96999979019165,6.829999923706055,6.960000038146973,6.8592143058776855,1187400
2021-04-21,6.929999828338623,7.019999980926514,6.900000095367432,7.010000228881836,6.9084906578063965,1989300
2021-04-22,7.170000076293945,7.21999979019165,7.150000095367432,7.170000076293945,7.066174030303955,1667200
2021-04-23,7.130000114440918,7.170000076293945,7.110000133514404,7.170000076293945,7.066174030303955,1240600
2021-04-26,7.199999809265137,7.199999809265137,7.170000076293945,7.190000057220459,7.085884094238281,711100
2021-04-27,7.210000038146973,7.239999771118164,7.179999828338623,7.21999979019165,7.11544942855835,777200
2021-04-28,7.260000228881836,7.289999961853027,7.190000057220459,7.210000038146973,7.105594158172607,1788100
2021-04-29,7.269999980926514,7.320000171661377,7.21999979019165,7.309999942779541,7.204145908355713,924600
2021-04-30,7.320000171661377,7.360000133514404,7.159999847412109,7.159999847412109,7.056318283081055,2104900
2021-05-03,7.170000076293945,7.210000038146973,7.139999866485596,7.199999809265137,7.095738887786865,1240900
2021-05-04,7.119999885559082,7.130000114440918,7.070000171661377,7.130000114440918,7.026752471923828,885300
2021-05-05,7.309999942779541,7.309999942779541,7.210000038146973,7.239999771118164,7.135159492492676,933100
2021-05-06,7.460000038146973,7.53000020980835,7.369999885559082,7.519999980926514,7.411105632781982,3436600
2021-05-07,7.579999923706055,7.599999904632568,7.53000020980835,7.559999942779541,7.450526237487793,1899700
2021-05-10,7.610000133514404,7.690000057220459,7.599999904632568,7.599999904632568,7.489946365356445,2992700
2021-05-11,7.53000020980835,7.619999885559082,7.5,7.550000190734863,7.440670490264893,2541800
2021-05-12,7.409999847412109,7.429999828338623,7.260000228881836,7.289999961853027,7.184436321258545,2128000
2021-05-13,7.300000190734863,7.409999847412109,7.28000020980835,7.349999904632568,7.243566989898682,1753200
2021-05-14,7.340000152587891,7.400000095367432,7.289999961853027,7.389999866485596,7.28298807144165,859000
2021-05-17,7.329999923706055,7.360000133514404,7.289999961853027,7.309999942779541,7.204145908355713,1343100
2021-05-18,7.380000114440918,7.519999980926514,7.380000114440918,7.449999809265137,7.342119216918945,1302500
2021-05-19,7.489999771118164,7.5,7.429999828338623,7.46999979019165,7.3618292808532715,1854400
2021-05-20,7.429999828338623,7.570000171661377,7.429999828338623,7.559999942779541,7.450526237487793,1080300
2021-05-21,7.579999923706055,7.610000133514404,7.519999980926514,7.539999961853027,7.430815696716309,995900
2021-05-24,7.579999923706055,7.639999866485596,7.570000171661377,7.639999866485596,7.529367923736572,708800
2021-05-25,7.659999847412109,7.739999771118164,7.610000133514404,7.610000133514404,7.4998016357421875,980900
2021-05-26,7.789999961853027,7.840000152587891,7.78000020980835,7.829999923706055,7.716615676879883,1249900
2021-05-27,7.929999828338623,7.980000019073486,7.900000095367432,7.920000076293945,7.8053131103515625,2004700
2021-05-28,7.929999828338623,7.980000019073486,7.900000095367432,7.929999828338623,7.8151679039001465,1287700
2021-06-01,7.96999979019165,8.010000228881836,7.920000076293945,8.010000228881836,7.894010066986084,1202000
2021-06-02,8.0,8.130000114440918,7.989999771118164,8.109999656677246,7.992560386657715,2463700
2021-06-03,8.020000457763672,8.029999732971191,7.960000038146973,8.010000228881836,7.894010066986084,3015100
2021-06-04,8.09000015258789,8.100000381469727,8.0600004196167,8.09000015258789,7.972851753234863,789400
2021-06-07,8.140000343322754,8.1899995803833,8.130000114440918,8.1899995803833,8.071403503417969,1094100
2021-06-08,8.1899995803833,8.210000038146973,8.170000076293945,8.199999809265137,8.081258773803711,668900
2021-06-09,8.15999984741211,8.1899995803833,8.119999885559082,8.15999984741211,8.041838645935059,1745200
2021-06-10,8.210000038146973,8.25,8.1899995803833,8.239999771118164,8.120677947998047,821000
2021-06-11,8.239999771118164,8.270000457763672,8.199999809265137,8.270000457763672,8.150245666503906,1556900
2021-06-14,8.300000190734863,8.319999694824219,8.229999542236328,8.25,8.130534172058105,1315500
2021-06-15,8.25,8.260000228881836,8.140000343322754,8.180000305175781,8.061549186706543,1783400
2021-06-16,8.180000305175781,8.180000305175781,8.039999961853027,8.100000381469727,7.982706069946289,2314900
2021-06-17,8.09000015258789,8.119999885559082,8.050000190734863,8.050000190734863,7.933430194854736,2539600
2021-06-18,7.989999771118164,8.020000457763672,7.829999923706055,7.840000152587891,7.726471900939941,7381100
2021-06-21,7.889999866485596,7.949999809265137,7.849999904632568,7.940000057220459,7.825023174285889,1572000
2021-06-22,7.980000019073486,8.09000015258789,7.980000019073486,8.069999694824219,7.953140735626221,2026600
2021-06-23,7.909999847412109,7.909999847412109,7.78000020980835,7.789999961853027,7.6771955490112305,1860200
2021-06-24,7.949999809265137,7.96999979019165,7.869999885559082,7.869999885559082,7.75603723526001,1551900
2021-06-25,7.900000095367432,7.920000076293945,7.809999942779541,7.829999923706055,7.716615676879883,1377800
2021-06-28,7.880000114440918,7.909999847412109,7.829999923706055,7.869999885559082,7.75603723526001,1277400
2021-06-29,7.829999923706055,7.849999904632568,7.75,7.849999904632568,7.736326217651367,1434500
2021-06-30,7.820000171661377,7.880000114440918,7.809999942779541,7.809999942779541,7.696905612945557,1428700
2021-07-01,7.75,7.760000228881836,7.690000057220459,7.710000038146973,7.598353862762451,1082800
2021-07-02,7.739999771118164,7.789999961853027,7.71999979019165,7.760000228881836,7.647630214691162,1194800
2021-07-06,7.739999771118164,7.739999771118164,7.630000114440918,7.670000076293945,7.558933734893799,1073400
2021-07-07,7.699999809265137,7.699999809265137,7.610000133514404,7.670000076293945,7.558933734893799,935000
2021-07-08,7.599999904632568,7.599999904632568,7.480000019073486,7.539999961853027,7.430815696716309,2235500
2021-07-09,7.570000171661377,7.630000114440918,7.559999942779541,7.630000114440918,7.51951265335083,1615300
2021-07-12,7.579999923706055,7.599999904632568,7.539999961853027,7.599999904632568,7.489946365356445,945900
2021-07-13,7.550000190734863,7.559999942779541,7.489999771118164,7.53000020980835,7.420960426330566,1472500
2021-07-14,7.949999809265137,8.149999618530273,7.949999809265137,7.960000038146973,7.844733715057373,2896500
2021-07-15,8.149999618530273,8.199999809265137,7.989999771118164,8.079999923706055,7.962996006011963,4284100
2021-07-16,8.149999618530273,8.239999771118164,8.130000114440918,8.149999618530273,8.031983375549316,2431100
2021-07-19,8.050000190734863,8.109999656677246,8.039999961853027,8.069999694824219,7.953140735626221,2371400
2021-07-20,8.109999656677246,8.220000267028809,8.0,8.210000038146973,8.091113090515137,2176600
2021-07-21,8.210000038146973,8.319999694824219,8.170000076293945,8.279999732971191,8.160099983215332,2065300
2021-07-22,8.369999885559082,8.470000267028809,8.350000381469727,8.350000381469727,8.229086875915527,2010200
2021-07-23,8.5,8.600000381469727,8.5,8.550000190734863,8.426190376281738,1572400
2021-07-26,8.489999771118164,8.520000457763672,8.329999923706055,8.359999656677246,8.238940238952637,2439300
2021-07-27,8.380000114440918,8.380000114440918,8.239999771118164,8.350000381469727,8.229086875915527,2925000
2021-07-28,8.380000114440918,8.449999809265137,8.319999694824219,8.4399995803833,8.317782402038574,1435400
2021-07-29,8.4399995803833,8.449999809265137,8.380000114440918,8.399999618530273,8.278362274169922,1291300
2021-07-30,8.319999694824219,8.390000343322754,8.3100004196167,8.329999923706055,8.209375381469727,4279800
2021-08-02,8.399999618530273,8.470000267028809,8.390000343322754,8.399999618530273,8.278362274169922,957200
2021-08-03,8.479999542236328,8.579999923706055,8.479999542236328,8.569999694824219,8.445899963378906,1516900
2021-08-04,8.5600004196167,8.5600004196167,8.470000267028809,8.529999732971191,8.406479835510254,1716100
2021-08-05,8.5600004196167,8.59000015258789,8.550000190734863,8.569999694824219,8.445899963378906,1113100
2021-08-06,8.520000457763672,8.5600004196167,8.449999809265137,8.479999542236328,8.357203483581543,1315400
2021-08-09,8.5,8.510000228881836,8.449999809265137,8.489999771118164,8.367059707641602,470000
2021-08-10,8.529999732971191,8.550000190734863,8.520000457763672,8.550000190734863,8.426190376281738,845800
2021-08-11,8.550000190734863,8.550000190734863,8.510000228881836,8.529999732971191,8.406479835510254,1035700
2021-08-12,8.539999961853027,8.699999809265137,8.520000457763672,8.699999809265137,8.574017524719238,1819800
2021-08-13,8.779999732971191,8.920000076293945,8.770000457763672,8.859999656677246,8.731701850891113,2073700
2021-08-16,8.819999694824219,8.869999885559082,8.729999542236328,8.850000381469727,8.721846580505371,3132200
2021-08-17,9.0,9.010000228881836,8.880000114440918,8.930000305175781,8.800687789916992,2513100
2021-08-18,8.930000305175781,9.010000228881836,8.850000381469727,8.859999656677246,8.731701850891113,3759700
2021-08-19,8.800000190734863,8.869999885559082,8.760000228881836,8.829999923706055,8.70213508605957,1911000
2021-08-20,8.800000190734863,8.890000343322754,8.779999732971191,8.890000343322754,8.76126766204834,1642200
2021-08-23,8.970000267028809,9.109999656677246,8.970000267028809,9.09000015258789,8.958370208740234,1981400
2021-08-24,9.09000015258789,9.100000381469727,9.020000457763672,9.029999732971191,8.899238586425781,1474400
2021-08-25,9.020000457763672,9.119999885559082,9.0,9.100000381469727,8.968226432800293,1593700
2021-08-26,9.0600004196167,9.0600004196167,8.979999542236328,9.0,8.869673728942871,1121600
2021-08-27,9.09000015258789,9.15999984741211,9.050000190734863,9.130000114440918,8.997791290283203,1599100
2021-08-30,9.140000343322754,9.210000038146973,9.130000114440918,9.1899995803833,9.056922912597656,1068400
2021-08-31,9.300000190734863,9.399999618530273,9.289999961853027,9.34000015258789,9.204751014709473,2981200
2021-09-01,9.350000381469727,9.399999618530273,9.319999694824219,9.34000015258789,9.204751014709473,1935600
2021-09-02,9.430000305175781,9.510000228881836,9.430000305175781,9.489999771118164,9.352578163146973,1009000
2021-09-03,9.569999694824219,9.619999885559082,9.550000190734863,9.600000381469727,9.460986137390137,1991800
2021-09-07,9.770000457763672,9.800000190734863,9.619999885559082,9.640000343322754,9.500407218933105,1699200
2021-09-08,9.5600004196167,9.59000015258789,9.399999618530273,9.40999984741211,9.273736953735352,2612000
2021-09-09,9.520000457763672,9.520000457763672,9.399999618530273,9.420000076293945,9.283592224121094,1153100
2021-09-10,9.470000267028809,9.489999771118164,9.399999618530273,9.460000038146973,9.323012351989746,1499300
2021-09-13,9.5600004196167,9.569999694824219,9.489999771118164,9.520000457763672,9.382144927978516,1905400
2021-09-14,9.550000190734863,9.630000114440918,9.550000190734863,9.550000190734863,9.411709785461426,1903400
2021-09-15,9.600000381469727,9.649999618530273,9.579999923706055,9.640000343322754,9.500407218933105,1776100
2021-09-16,9.489999771118164,9.520000457763672,9.390000343322754,9.470000267028809,9.332867622375488,3061900
2021-09-17,9.430000305175781,9.470000267028809,9.34000015258789,9.34000015258789,9.204751014709473,2672900
2021-09-20,9.25,9.319999694824219,9.180000305175781,9.270000457763672,9.135764122009277,2475600
2021-09-21,9.380000114440918,9.430000305175781,9.380000114440918,9.40999984741211,9.273736953735352,1366400
2021-09-22,9.40999984741211,9.520000457763672,9.40999984741211,9.489999771118164,9.352578163146973,1441300
2021-09-23,9.550000190734863,9.699999809265137,9.539999961853027,9.680000305175781,9.539826393127441,1574000
2021-09-24,9.600000381469727,9.609999656677246,9.539999961853027,9.59000015258789,9.451130867004395,1275300
2021-09-27,9.25,9.260000228881836,9.069999694824219,9.149999618530273,9.017501831054688,3879800
2021-09-28,8.970000267028809,8.970000267028809,8.8100004196167,8.829999923706055,8.70213508605957,2799300
2021-09-29,8.880000114440918,8.970000267028809,8.880000114440918,8.890000343322754,8.76126766204834,1973400
2021-09-30,8.880000114440918,8.960000038146973,8.829999923706055,8.829999923706055,8.70213508605957,2456300
2021-10-01,8.90999984741211,8.989999771118164,8.880000114440918,8.9399995803833,8.810543060302734,2086400
2021-10-04,8.930000305175781,8.960000038146973,8.779999732971191,8.850000381469727,8.721846580505371,2212200
2021-10-05,8.899999618530273,9.010000228881836,8.899999618530273,8.949999809265137,8.820398330688477,1437100
2021-10-06,8.800000190734863,8.800000190734863,8.710000038146973,8.800000190734863,8.672569274902344,1625600
2021-10-07,8.850000381469727,8.970000267028809,8.84000015258789,8.920000076293945,8.79083251953125,1480100
2021-10-08,9.100000381469727,9.119999885559082,8.770000457763672,8.819999694824219,8.692279815673828,4026100
2021-10-11,8.880000114440918,8.920000076293945,8.819999694824219,8.829999923706055,8.70213508605957,2198500
2021-10-12,8.960000038146973,9.010000228881836,8.90999984741211,8.920000076293945,8.79083251953125,2322500
2021-10-13,9.350000381469727,9.65999984741211,9.270000457763672,9.569999694824219,9.431419372558594,3818500
2021-10-14,9.760000228881836,9.800000190734863,9.619999885559082,9.760000228881836,9.618668556213379,2704600
2021-10-15,9.819999694824219,9.930000305175781,9.779999732971191,9.90999984741211,9.766495704650879,2029500
2021-10-18,9.8100004196167,9.880000114440918,9.75,9.880000114440918,9.736930847167969,2056600
2021-10-19,9.949999809265137,9.960000038146973,9.869999885559082,9.949999809265137,9.805917739868164,1424500
2021-10-20,9.859999656677246,9.859999656677246,9.729999542236328,9.75,9.608814239501953,1467300
2021-10-21,9.640000343322754,9.65999984741211,9.569999694824219,9.630000114440918,9.490551948547363,1546800
2021-10-22,9.460000038146973,9.569999694824219,9.449999809265137,9.520000457763672,9.382144927978516,1262500
2021-10-25,9.3100004196167,9.34000015258789,9.25,9.279999732971191,9.145618438720703,1921200
2021-10-26,9.3100004196167,9.319999694824219,9.1899995803833,9.1899995803833,9.056922912597656,1231600
2021-10-27,9.210000038146973,9.229999542236328,9.15999984741211,9.170000076293945,9.037212371826172,1572200
2021-10-28,9.109999656677246,9.140000343322754,9.039999961853027,9.119999885559082,8.987936973571777,1568500
2021-10-29,9.0,9.0,8.920000076293945,8.960000038146973,8.830253601074219,1811000
2021-11-01,9.039999961853027,9.079999923706055,8.970000267028809,8.970000267028809,8.840108871459961,1062400
2021-11-02,8.960000038146973,9.0600004196167,8.949999809265137,9.050000190734863,8.918951034545898,1325200
2021-11-03,9.029999732971191,9.050000190734863,8.960000038146973,9.029999732971191,8.899238586425781,1045700
2021-11-04,9.020000457763672,9.069999694824219,8.960000038146973,8.979999542236328,8.849963188171387,1837000
2021-11-05,9.0,9.050000190734863,8.970000267028809,8.970000267028809,8.840108871459961,1163000
2021-11-08,9.119999885559082,9.210000038146973,9.09000015258789,9.199999809265137,9.066777229309082,2067800
2021-11-09,9.1899995803833,9.1899995803833,9.0600004196167,9.079999923706055,8.948514938354492,1335900
2021-11-10,9.010000228881836,9.020000457763672,8.850000381469727,8.90999984741211,8.780976295471191,2827800
2021-11-11,8.869999885559082,8.970000267028809,8.859999656677246,8.9399995803833,8.810543060302734,1672700
2021-11-12,9.069999694824219,9.1899995803833,9.050000190734863,9.149999618530273,9.017501831054688,1265900
2021-11-15,9.109999656677246,9.140000343322754,9.050000190734863,9.050000190734863,8.918951034545898,840700
2021-11-16,9.0600004196167,9.140000343322754,9.0600004196167,9.09000015258789,8.958370208740234,620500
2021-11-17,9.109999656677246,9.130000114440918,9.069999694824219,9.09000015258789,8.958370208740234,731700
2021-11-18,8.960000038146973,8.989999771118164,8.90999984741211,8.960000038146973,8.830253601074219,876600
2021-11-19,8.970000267028809,9.029999732971191,8.949999809265137,8.989999771118164,8.859818458557129,831800
2021-11-22,8.920000076293945,8.920000076293945,8.680000305175781,8.720000267028809,8.593729019165039,1762700
2021-11-23,8.729999542236328,8.819999694824219,8.6899995803833,8.75,8.623294830322266,1349900
2021-11-24,8.630000114440918,8.729999542236328,8.550000190734863,8.729999542236328,8.603583335876465,1171400
2021-11-26,8.489999771118164,8.539999961853027,8.34000015258789,8.380000114440918,8.258652687072754,1926100
2021-11-29,8.479999542236328,8.59000015258789,8.470000267028809,8.5600004196167,8.43604564666748,1772800
2021-11-30,8.609999656677246,8.710000038146973,8.520000457763672,8.539999961853027,8.41633415222168,3962300
2021-12-01,8.649999618530273,8.649999618530273,8.40999984741211,8.430000305175781,8.307928085327148,2573900
2021-12-02,8.579999923706055,8.770000457763672,8.539999961853027,8.75,8.623294830322266,2848400
2021-12-03,8.699999809265137,8.720000267028809,8.529999732971191,8.59000015258789,8.46561050415039,1443300
2021-12-06,8.430000305175781,8.479999542236328,8.34000015258789,8.449999809265137,8.327638626098633,1081800
2021-12-07,8.529999732971191,8.760000228881836,8.529999732971191,8.720000267028809,8.593729019165039,3381600
2021-12-08,8.729999542236328,8.829999923706055,8.710000038146973,8.760000228881836,8.633149147033691,1362500
2021-12-09,8.760000228881836,8.779999732971191,8.699999809265137,8.710000038146973,8.583873748779297,1076200
2021-12-10,8.649999618530273,8.729999542236328,8.649999618530273,8.670000076293945,8.544452667236328,1608500
2021-12-13,8.65999984741211,8.739999771118164,8.649999618530273,8.649999618530273,8.524742126464844,1144900
2021-12-14,8.5600004196167,8.65999984741211,8.550000190734863,8.619999885559082,8.495176315307617,1937900
2021-12-15,8.550000190734863,8.680000305175781,8.5,8.670000076293945,8.544452667236328,1181900
2021-12-16,8.770000457763672,9.010000228881836,8.75,8.8100004196167,8.682424545288086,2718000
2021-12-17,8.930000305175781,9.069999694824219,8.90999984741211,9.010000228881836,8.879528999328613,2690900
2021-12-20,8.90999984741211,9.020000457763672,8.850000381469727,9.010000228881836,8.879528999328613,1805300
2021-12-21,9.210000038146973,9.3100004196167,9.170000076293945,9.300000190734863,9.165329933166504,1525600
2021-12-22,9.239999771118164,9.420000076293945,9.239999771118164,9.40999984741211,9.273736953735352,1740600
2021-12-23,9.449999809265137,9.479999542236328,9.420000076293945,9.449999809265137,9.31315803527832,1192900
2021-12-27,9.510000228881836,9.640000343322754,9.510000228881836,9.640000343322754,9.500407218933105,783400
2021-12-28,9.65999984741211,9.670000076293945,9.600000381469727,9.630000114440918,9.490551948547363,705600
2021-12-29,9.619999885559082,9.680000305175781,9.600000381469727,9.680000305175781,9.539826393127441,586600
2021-12-30,9.800000190734863,9.859999656677246,9.760000228881836,9.760000228881836,9.618668556213379,953800
2021-12-31,9.729999542236328,9.789999961853027,9.729999542236328,9.760000228881836,9.618668556213379,600800
2022-01-03,9.800000190734863,9.850000381469727,9.710000038146973,9.75,9.608814239501953,1245000
2022-01-04,9.800000190734863,9.800000190734863,9.729999542236328,9.770000457763672,9.628523826599121,1937200
2022-01-05,9.710000038146973,9.760000228881836,9.510000228881836,9.510000228881836,9.372288703918457,1748400
2022-01-06,9.510000228881836,9.65999984741211,9.489999771118164,9.550000190734863,9.411709785461426,2266200
2022-01-07,9.630000114440918,9.65999984741211,9.550000190734863,9.609999656677246,9.470840454101562,2287800
2022-01-10,9.3100004196167,9.390000343322754,9.260000228881836,9.369999885559082,9.234315872192383,2009700
2022-01-11,9.390000343322754,9.529999732971191,9.359999656677246,9.510000228881836,9.372288703918457,2206300
2022-01-12,8.800000190734863,8.930000305175781,8.5600004196167,8.699999809265137,8.574017524719238,8153500
2022-01-13,8.670000076293945,8.880000114440918,8.600000381469727,8.630000114440918,8.505032539367676,5517900
2022-01-14,8.520000457763672,8.619999885559082,8.470000267028809,8.579999923706055,8.455755233764648,4875800
2022-01-18,8.430000305175781,8.449999809265137,8.359999656677246,8.380000114440918,8.258652687072754,4486400
2022-01-19,8.289999961853027,8.319999694824219,8.199999809265137,8.239999771118164,8.120677947998047,5283600
2022-01-20,8.25,8.300000190734863,8.0600004196167,8.09000015258789,7.972851753234863,4018400
2022-01-21,7.960000038146973,8.020000457763672,7.849999904632568,7.860000133514404,7.759610652923584,5229100
2022-01-24,7.550000190734863,7.630000114440918,7.360000133514404,7.619999885559082,7.52267599105835,5225800
2022-01-25,7.519999980926514,7.579999923706055,7.380000114440918,7.400000095367432,7.30548620223999,4767200
2022-01-26,7.449999809265137,7.510000228881836,7.21999979019165,7.309999942779541,7.216634750366211,4842100
2022-01-27,7.25,7.25,7.070000171661377,7.079999923706055,6.989572525024414,3327300
2022-01-28,7.21999979019165,7.409999847412109,7.179999828338623,7.409999847412109,7.315357685089111,5311000
2022-01-31,7.539999961853027,7.710000038146973,7.539999961853027,7.690000057220459,7.5917816162109375,3168400
2022-02-01,7.650000095367432,7.71999979019165,7.619999885559082,7.71999979019165,7.621398448944092,2384400
2022-02-02,7.800000190734863,7.860000133514404,7.769999980926514,7.829999923706055,7.7299933433532715,4147700
2022-02-03,7.650000095367432,7.699999809265137,7.550000190734863,7.550000190734863,7.453569412231445,2832900
2022-02-04,7.559999942779541,7.639999866485596,7.519999980926514,7.599999904632568,7.502931118011475,2518300
2022-02-07,7.480000019073486,7.5,7.400000095367432,7.440000057220459,7.344974517822266,3676100
2022-02-08,7.400000095367432,7.539999961853027,7.340000152587891,7.539999961853027,7.443697452545166,3513700
2022-02-09,7.619999885559082,7.670000076293945,7.579999923706055,7.650000095367432,7.552292346954346,2539800
2022-02-10,7.519999980926514,7.630000114440918,7.460000038146973,7.489999771118164,7.394336223602295,2249600
2022-02-11,7.409999847412109,7.480000019073486,7.25,7.28000020980835,7.187018394470215,1646500
2022-02-14,7.190000057220459,7.210000038146973,7.099999904632568,7.159999847412109,7.068551063537598,2693600
2022-02-15,7.440000057220459,7.480000019073486,7.409999847412109,7.46999979019165,7.37459135055542,2118400
2022-02-16,7.420000076293945,7.480000019073486,7.369999885559082,7.449999809265137,7.354846954345703,1865600
2022-02-17,7.420000076293945,7.449999809265137,7.360000133514404,7.360000133514404,7.26599645614624,1635200
2022-02-18,7.400000095367432,7.440000057220459,7.320000171661377,7.329999923706055,7.236379146575928,3563400
2022-02-22,7.389999866485596,7.570000171661377,7.380000114440918,7.5,7.404208660125732,4657100
2022-02-23,7.539999961853027,7.559999942779541,7.369999885559082,7.369999885559082,7.275868892669678,9707100
2022-02-24,6.980000019073486,7.179999828338623,6.860000133514404,7.179999828338623,7.088294982910156,5729100
2022-02-25,7.28000020980835,7.429999828338623,7.230000019073486,7.429999828338623,7.335102081298828,3473100
2022-02-28,7.320000171661377,7.340000152587891,7.199999809265137,7.289999961853027,7.196890830993652,3578500
2022-03-01,7.239999771118164,7.269999980926514,7.079999923706055,7.110000133514404,7.019189357757568,2991700
2022-03-02,7.210000038146973,7.349999904632568,7.199999809265137,7.320000171661377,7.226507663726807,3965800
2022-03-03,7.360000133514404,7.460000038146973,7.260000228881836,7.300000190734863,7.20676326751709,5393400
2022-03-04,7.309999942779541,7.360000133514404,7.230000019073486,7.320000171661377,7.226507663726807,5152900
2022-03-07,7.300000190734863,7.340000152587891,7.210000038146973,7.239999771118164,7.147528648376465,5158300
2022-03-08,7.349999904632568,7.579999923706055,7.320000171661377,7.480000019073486,7.384463787078857,5691100
2022-03-09,7.619999885559082,7.670000076293945,7.519999980926514,7.599999904632568,7.502931118011475,2883000
2022-03-10,7.460000038146973,7.630000114440918,7.460000038146973,7.570000171661377,7.47331428527832,4038100
2022-03-11,7.619999885559082,7.670000076293945,7.539999961853027,7.539999961853027,7.443697452545166,2362600
2022-03-14,7.690000057220459,7.800000190734863,7.670000076293945,7.690000057220459,7.5917816162109375,2810700
2022-03-15,7.650000095367432,7.690000057220459,7.539999961853027,7.670000076293945,7.572037220001221,3520100
2022-03-16,7.789999961853027,7.960000038146973,7.769999980926514,7.949999809265137,7.848460674285889,2411100
2022-03-17,7.860000133514404,8.0,7.860000133514404,7.940000057220459,7.838588714599609,4110100
2022-03-18,7.869999885559082,8.039999961853027,7.860000133514404,8.029999732971191,7.927438735961914,3009600
2022-03-21,7.900000095367432,7.920000076293945,7.829999923706055,7.880000114440918,7.779355049133301,2379600
2022-03-22,7.960000038146973,8.069999694824219,7.960000038146973,8.0,7.89782190322876,1806000
2022-03-23,7.889999866485596,7.929999828338623,7.820000171661377,7.849999904632568,7.749737739562988,3636100
2022-03-24,7.909999847412109,7.940000057220459,7.849999904632568,7.929999828338623,7.828716278076172,1707600
2022-03-25,7.829999923706055,7.920000076293945,7.820000171661377,7.900000095367432,7.799098968505859,1621500
2022-03-28,7.869999885559082,7.929999828338623,7.849999904632568,7.920000076293945,7.818844318389893,1716900
2022-03-29,8.0,8.050000190734863,7.960000038146973,8.039999961853027,7.93731164932251,2635800
2022-03-30,7.900000095367432,7.909999847412109,7.820000171661377,7.849999904632568,7.749737739562988,2460300
2022-03-31,7.769999980926514,7.800000190734863,7.699999809265137,7.710000038146973,7.6115264892578125,2826600
2022-04-01,7.820000171661377,7.889999866485596,7.769999980926514,7.889999866485596,7.78922700881958,7602100
2022-04-04,8.010000228881836,8.029999732971191,7.909999847412109,7.929999828338623,7.828716278076172,2083500
2022-04-05,7.840000152587891,7.889999866485596,7.800000190734863,7.860000133514404,7.824734687805176,1743000
2022-04-06,7.730000019073486,7.75,7.659999847412109,7.699999809265137,7.665452003479004,2096000
2022-04-07,7.599999904632568,7.610000133514404,7.510000228881836,7.550000190734863,7.516125202178955,2723000
2022-04-08,7.559999942779541,7.650000095367432,7.53000020980835,7.579999923706055,7.545990467071533,1131800
2022-04-11,7.429999828338623,7.480000019073486,7.340000152587891,7.360000133514404,7.326977729797363,3094900
2022-04-12,7.309999942779541,7.360000133514404,7.159999847412109,7.210000038146973,7.1776509284973145,3920400
2022-04-13,7.159999847412109,7.179999828338623,7.03000020980835,7.130000114440918,7.098010063171387,3514400
2022-04-14,7.170000076293945,7.170000076293945,6.980000019073486,7.0,6.968593120574951,3242200
2022-04-18,6.96999979019165,7.0,6.880000114440918,6.900000095367432,6.869041442871094,1847400
2022-04-19,6.769999980926514,6.949999809265137,6.739999771118164,6.949999809265137,6.918817043304443,4189700
2022-04-20,6.989999771118164,7.059999942779541,6.96999979019165,6.989999771118164,6.958637237548828,2529000
2022-04-21,7.03000020980835,7.050000190734863,6.860000133514404,6.869999885559082,6.839176177978516,2226700
2022-04-22,6.869999885559082,6.920000076293945,6.75,6.760000228881836,6.72967004776001,2808900
2022-04-25,6.75,6.860000133514404,6.679999828338623,6.860000133514404,6.829221248626709,3790400
2022-04-26,6.829999923706055,6.829999923706055,6.690000057220459,6.710000038146973,6.679893970489502,2648000
2022-04-27,6.639999866485596,6.739999771118164,6.639999866485596,6.650000095367432,6.6201629638671875,2636400
2022-04-28,6.690000057220459,6.829999923706055,6.679999828338623,6.809999942779541,6.779445171356201,2257200
2022-04-29,6.579999923706055,6.630000114440918,6.440000057220459,6.440000057220459,6.411105632781982,2179900
2022-05-02,6.389999866485596,6.429999828338623,6.309999942779541,6.429999828338623,6.401150226593018,2654300
2022-05-03,6.400000095367432,6.46999979019165,6.380000114440918,6.429999828338623,6.401150226593018,2152300
2022-05-04,6.400000095367432,6.5,6.28000020980835,6.489999771118164,6.460881233215332,5562200
2022-05-05,6.460000038146973,6.480000019073486,6.260000228881836,6.340000152587891,6.311554431915283,3780600
2022-05-06,6.210000038146973,6.28000020980835,6.159999847412109,6.239999771118164,6.212002754211426,2487600
2022-05-09,6.190000057220459,6.230000019073486,6.119999885559082,6.130000114440918,6.102496147155762,2668500
2022-05-10,6.150000095367432,6.260000228881836,6.099999904632568,6.21999979019165,6.192091941833496,3812200
2022-05-11,6.150000095367432,6.199999809265137,6.010000228881836,6.010000228881836,5.983034610748291,3904400
2022-05-12,6.039999961853027,6.230000019073486,6.019999980926514,6.21999979019165,6.192091941833496,3841500
2022-05-13,6.079999923706055,6.190000057220459,6.079999923706055,6.150000095367432,6.122406959533691,4326900
2022-05-16,6.079999923706055,6.099999904632568,6.010000228881836,6.039999961853027,6.012899875640869,3663600
2022-05-17,6.25,6.309999942779541,6.210000038146973,6.28000020980835,6.251823425292969,2174300
2022-05-18,6.170000076293945,6.21999979019165,6.0,6.010000228881836,5.983034610748291,2645500
2022-05-19,5.820000171661377,5.949999809265137,5.78000020980835,5.909999847412109,5.883483409881592,4128800
2022-05-20,5.940000057220459,5.940000057220459,5.829999923706055,5.940000057220459,5.913349151611328,1980900
2022-05-23,6.010000228881836,6.059999942779541,5.940000057220459,6.039999961853027,6.012899875640869,3528900
2022-05-24,5.929999828338623,5.940000057220459,5.820000171661377,5.889999866485596,5.86357307434082,3270300
2022-05-25,5.679999828338623,5.789999961853027,5.679999828338623,5.769999980926514,5.74411153793335,3541100
2022-05-26,5.829999923706055,5.960000038146973,5.800000190734863,5.940000057220459,5.913349151611328,1897500
2022-05-27,6.039999961853027,6.119999885559082,6.039999961853027,6.099999904632568,6.072630882263184,1781800
2022-05-31,6.090000152587891,6.159999847412109,5.960000038146973,5.980000019073486,5.953169345855713,11140800
2022-06-01,6.050000190734863,6.139999866485596,5.949999809265137,6.03000020980835,6.002945423126221,4508400
2022-06-02,6.090000152587891,6.179999828338623,6.059999942779541,6.170000076293945,6.142316818237305,2345300
2022-06-03,6.110000133514404,6.150000095367432,6.039999961853027,6.039999961853027,6.012899875640869,1956300
2022-06-06,6.070000171661377,6.099999904632568,6.010000228881836,6.019999980926514,5.992990016937256,2202600
2022-06-07,5.949999809265137,6.03000020980835,5.920000076293945,6.010000228881836,5.983034610748291,2495600
2022-06-08,6.010000228881836,6.039999961853027,5.960000038146973,5.96999979019165,5.943214416503906,2178500
2022-06-09,5.949999809265137,5.989999771118164,5.869999885559082,5.889999866485596,5.86357307434082,3321800
2022-06-10,5.760000228881836,5.800000190734863,5.690000057220459,5.699999809265137,5.67442512512207,3262500
2022-06-13,5.579999923706055,5.630000114440918,5.550000190734863,5.550000190734863,5.52509880065918,3908000
2022-06-14,5.579999923706055,5.670000076293945,5.579999923706055,5.650000095367432,5.624650001525879,2411200
2022-06-15,5.610000133514404,5.679999828338623,5.550000190734863,5.619999885559082,5.594784259796143,4395400
2022-06-16,5.369999885559082,5.400000095367432,5.300000190734863,5.320000171661377,5.296130657196045,4678600
2022-06-17,5.199999809265137,5.300000190734863,5.179999828338623,5.210000038146973,5.186624526977539,11130000
2022-06-21,5.360000133514404,5.539999961853027,5.360000133514404,5.489999771118164,5.465367317199707,3862600
2022-06-22,5.309999942779541,5.409999847412109,5.260000228881836,5.329999923706055,5.30608606338501,5163100
2022-06-23,5.380000114440918,5.440000057220459,5.340000152587891,5.420000076293945,5.395682334899902,2123300
2022-06-24,5.409999847412109,5.539999961853027,5.400000095367432,5.489999771118164,5.465367317199707,2624700
2022-06-27,5.46999979019165,5.5,5.429999828338623,5.449999809265137,5.425547122955322,3038000
2022-06-28,5.440000057220459,5.440000057220459,5.320000171661377,5.320000171661377,5.296130657196045,3684600
2022-06-29,5.320000171661377,5.360000133514404,5.269999980926514,5.340000152587891,5.316040992736816,3130800
2022-06-30,5.269999980926514,5.349999904632568,5.239999771118164,5.309999942779541,5.28617525100708,2515000
2022-07-01,5.349999904632568,5.429999828338623,5.329999923706055,5.409999847412109,5.385726451873779,1462600
2022-07-05,5.239999771118164,5.309999942779541,5.199999809265137,5.309999942779541,5.28617525100708,2625200
2022-07-06,5.309999942779541,5.389999866485596,5.309999942779541,5.360000133514404,5.335951328277588,3552900
2022-07-07,5.400000095367432,5.460000038146973,5.369999885559082,5.460000038146973,5.435502529144287,3289700
2022-07-08,5.340000152587891,5.349999904632568,5.239999771118164,5.260000228881836,5.236400127410889,4503600
2022-07-11,5.170000076293945,5.199999809265137,5.130000114440918,5.150000095367432,5.126893043518066,3513200
2022-07-12,5.150000095367432,5.179999828338623,5.110000133514404,5.119999885559082,5.097027778625488,3114400
2022-07-13,5.019999980926514,5.139999866485596,5.019999980926514,5.110000133514404,5.087072849273682,3529400
2022-07-14,5.010000228881836,5.010000228881836,4.940000057220459,5.010000228881836,4.987521648406982,4522200
2022-07-15,4.980000019073486,5.050000190734863,4.940000057220459,5.050000190734863,5.027342319488525,3109900
2022-07-18,5.099999904632568,5.150000095367432,5.039999961853027,5.059999942779541,5.037296772003174,2787300
2022-07-19,5.119999885559082,5.190000057220459,5.110000133514404,5.190000057220459,5.166713714599609,2816800
2022-07-20,5.150000095367432,5.150000095367432,5.0,5.070000171661377,5.047252655029297,5910500
2022-07-21,5.130000114440918,5.21999979019165,5.099999904632568,5.210000038146973,5.186624526977539,2996100
2022-07-22,5.150000095367432,5.190000057220459,5.119999885559082,5.139999866485596,5.11693811416626,1830500
2022-07-25,5.190000057220459,5.21999979019165,5.139999866485596,5.179999828338623,5.1567583084106445,3305000
2022-07-26,5.039999961853027,5.070000171661377,4.949999809265137,4.96999979019165,4.947700500488281,5454800
2022-07-27,5.039999961853027,5.170000076293945,5.03000020980835,5.159999847412109,5.136848449707031,3548500
2022-07-28,5.179999828338623,5.260000228881836,5.159999847412109,5.239999771118164,5.216489315032959,3930600
2022-07-29,5.300000190734863,5.329999923706055,5.269999980926514,5.300000190734863,5.276220798492432,3804600
2022-08-01,5.340000152587891,5.400000095367432,5.300000190734863,5.360000133514404,5.335951328277588,2770700
2022-08-02,5.349999904632568,5.440000057220459,5.320000171661377,5.369999885559082,5.3459062576293945,3183700
2022-08-03,5.400000095367432,5.5,5.389999866485596,5.489999771118164,5.465367317199707,2502500
2022-08-04,5.480000019073486,5.510000228881836,5.46999979019165,5.5,5.47532320022583,1819400
2022-08-05,5.480000019073486,5.510000228881836,5.449999809265137,5.480000019073486,5.455412864685059,1305100
2022-08-08,5.440000057220459,5.449999809265137,5.380000114440918,5.429999828338623,5.405636787414551,3014400
2022-08-09,5.400000095367432,5.420000076293945,5.369999885559082,5.369999885559082,5.3459062576293945,2513400
2022-08-10,5.429999828338623,5.480000019073486,5.429999828338623,5.46999979019165,5.445457458496094,1658800
2022-08-11,5.489999771118164,5.489999771118164,5.429999828338623,5.429999828338623,5.405636787414551,1250200
2022-08-12,5.429999828338623,5.539999961853027,5.420000076293945,5.510000228881836,5.485278606414795,4771700
2022-08-15,5.510000228881836,5.53000020980835,5.480000019073486,5.510000228881836,5.485278606414795,1358200
2022-08-16,5.480000019073486,5.489999771118164,5.449999809265137,5.480000019073486,5.455412864685059,1474000
2022-08-17,5.480000019073486,5.53000020980835,5.46999979019165,5.5,5.47532320022583,2011700
2022-08-18,5.429999828338623,5.46999979019165,5.420000076293945,5.429999828338623,5.405636787414551,1524400
2022-08-19,5.400000095367432,5.409999847412109,5.320000171661377,5.329999923706055,5.30608606338501,1155400
2022-08-22,5.21999979019165,5.21999979019165,5.159999847412109,5.190000057220459,5.166713714599609,2308600
2022-08-23,5.199999809265137,5.210000038146973,5.159999847412109,5.190000057220459,5.166713714599609,1984600
2022-08-24,5.199999809265137,5.239999771118164,5.170000076293945,5.179999828338623,5.1567583084106445,1290700
2022-08-25,5.170000076293945,5.199999809265137,5.139999866485596,5.199999809265137,5.176669120788574,807900
2022-08-26,5.190000057220459,5.21999979019165,5.059999942779541,5.059999942779541,5.037296772003174,2041800
2022-08-29,4.989999771118164,5.039999961853027,4.989999771118164,5.03000020980835,5.007431983947754,2842300
2022-08-30,5.130000114440918,5.130000114440918,5.019999980926514,5.019999980926514,4.997476577758789,1985900
2022-08-31,5.050000190734863,5.070000171661377,5.010000228881836,5.010000228881836,4.987521648406982,2104900
2022-09-01,5.039999961853027,5.090000152587891,5.03000020980835,5.079999923706055,5.0572075843811035,2378800
2022-09-02,5.070000171661377,5.099999904632568,4.989999771118164,4.989999771118164,4.967611312866211,2169500
2022-09-06,4.980000019073486,4.989999771118164,4.920000076293945,4.949999809265137,4.927790641784668,2397100
2022-09-07,4.980000019073486,5.119999885559082,4.96999979019165,5.099999904632568,5.077117443084717,3132200
2022-09-08,5.090000152587891,5.139999866485596,5.059999942779541,5.130000114440918,5.106983184814453,2788300
2022-09-09,5.159999847412109,5.21999979019165,5.159999847412109,5.21999979019165,5.1965789794921875,1610800
2022-09-12,5.28000020980835,5.309999942779541,5.269999980926514,5.289999961853027,5.266265392303467,1490600
2022-09-13,5.170000076293945,5.210000038146973,5.119999885559082,5.130000114440918,5.106983184814453,3743600
2022-09-14,5.170000076293945,5.190000057220459,5.099999904632568,5.110000133514404,5.087072849273682,2405100
2022-09-15,5.079999923706055,5.150000095367432,5.050000190734863,5.070000171661377,5.047252655029297,2431600
2022-09-16,4.949999809265137,4.980000019073486,4.920000076293945,4.960000038146973,4.937746047973633,2786500
2022-09-19,4.920000076293945,5.010000228881836,4.920000076293945,4.989999771118164,4.967611312866211,2264500
2022-09-20,4.980000019073486,5.010000228881836,4.940000057220459,4.980000019073486,4.957655906677246,3848100
2022-09-21,4.960000038146973,5.0,4.909999847412109,4.909999847412109,4.887969970703125,2581900
2022-09-22,4.880000114440918,4.889999866485596,4.809999942779541,4.809999942779541,4.788418769836426,3616500
2022-09-23,4.760000228881836,4.800000190734863,4.739999771118164,4.78000020980835,4.758553981781006,3121900
2022-09-26,4.760000228881836,4.840000152587891,4.760000228881836,4.789999961853027,4.768508434295654,2647500
2022-09-27,4.840000152587891,4.869999885559082,4.769999980926514,4.789999961853027,4.768508434295654,2869400
2022-09-28,4.820000171661377,4.880000114440918,4.78000020980835,4.869999885559082,4.84814977645874,2746800
2022-09-29,4.739999771118164,4.75,4.679999828338623,4.71999979019165,4.698822498321533,2412900
2022-09-30,4.75,4.78000020980835,4.699999809265137,4.710000038146973,4.688867568969727,2426000
2022-10-03,4.739999771118164,4.829999923706055,4.739999771118164,4.789999961853027,4.768508434295654,2612500
2022-10-04,4.900000095367432,4.960000038146973,4.880000114440918,4.960000038146973,4.937746047973633,3379300
2022-10-05,4.909999847412109,4.960000038146973,4.900000095367432,4.929999828338623,4.9078803062438965,4247300
2022-10-06,4.920000076293945,4.929999828338623,4.860000133514404,4.860000133514404,4.838194847106934,2992600
2022-10-07,4.840000152587891,4.840000152587891,4.699999809265137,4.730000019073486,4.708777904510498,8806900
2022-10-10,4.909999847412109,4.949999809265137,4.860000133514404,4.929999828338623,4.9078803062438965,5335700
2022-10-11,4.860000133514404,4.860000133514404,4.75,4.75,4.7286882400512695,5497100
2022-10-12,4.699999809265137,4.699999809265137,4.519999980926514,4.590000152587891,4.569406032562256,5517300
2022-10-13,4.420000076293945,4.630000114440918,4.380000114440918,4.579999923706055,4.559450626373291,6710700
2022-10-14,4.519999980926514,4.559999942779541,4.429999828338623,4.440000057220459,4.420079231262207,6049900
2022-10-17,4.489999771118164,4.690000057220459,4.489999771118164,4.630000114440918,4.609226226806641,7309500
2022-10-18,4.619999885559082,4.630000114440918,4.550000190734863,4.579999923706055,4.559450626373291,3984400
2022-10-19,4.519999980926514,4.579999923706055,4.5,4.519999980926514,4.499720096588135,2904700
2022-10-20,4.559999942779541,4.679999828338623,4.559999942779541,4.559999942779541,4.539540767669678,3428400
2022-10-21,4.579999923706055,4.670000076293945,4.550000190734863,4.650000095367432,4.62913703918457,2763500
2022-10-24,4.679999828338623,4.679999828338623,4.590000152587891,4.639999866485596,4.619181156158447,1912300
2022-10-25,4.610000133514404,4.710000038146973,4.610000133514404,4.699999809265137,4.678912162780762,2410100
2022-10-26,4.679999828338623,4.739999771118164,4.639999866485596,4.71999979019165,4.698822498321533,1597000
2022-10-27,4.670000076293945,4.710000038146973,4.639999866485596,4.679999828338623,4.65900182723999,3289400
2022-10-28,4.670000076293945,4.739999771118164,4.639999866485596,4.739999771118164,4.718732833862305,1694300
2022-10-31,4.699999809265137,4.739999771118164,4.670000076293945,4.699999809265137,4.678912162780762,1302400
2022-11-01,4.789999961853027,4.789999961853027,4.690000057220459,4.730000019073486,4.708777904510498,2758100
2022-11-02,4.730000019073486,4.739999771118164,4.610000133514404,4.630000114440918,4.609226226806641,2743000
2022-11-03,4.590000152587891,4.599999904632568,4.510000228881836,4.579999923706055,4.559450626373291,3617900
2022-11-04,4.630000114440918,4.739999771118164,4.630000114440918,4.71999979019165,4.698822498321533,3120500
2022-11-07,4.730000019073486,4.840000152587891,4.730000019073486,4.820000171661377,4.798374176025391,2252000
2022-11-08,4.829999923706055,4.860000133514404,4.78000020980835,4.840000152587891,4.818284511566162,3243400
2022-11-09,4.78000020980835,4.820000171661377,4.760000228881836,4.769999980926514,4.748598098754883,1844400
2022-11-10,4.869999885559082,4.96999979019165,4.860000133514404,4.96999979019165,4.947700500488281,3678400
2022-11-11,4.980000019073486,5.070000171661377,4.940000057220459,5.050000190734863,5.027342319488525,2567700
2022-11-14,4.920000076293945,5.019999980926514,4.920000076293945,4.989999771118164,4.967611312866211,2713500
2022-11-15,5.03000020980835,5.039999961853027,4.96999979019165,4.989999771118164,4.967611312866211,4361200
2022-11-16,4.960000038146973,5.0,4.929999828338623,4.980000019073486,4.957655906677246,2678500
2022-11-17,4.920000076293945,4.960000038146973,4.880000114440918,4.940000057220459,4.917835235595703,2484800
2022-11-18,4.920000076293945,4.940000057220459,4.869999885559082,4.909999847412109,4.887969970703125,1201600
2022-11-21,4.829999923706055,4.840000152587891,4.800000190734863,4.829999923706055,4.808329105377197,1260100
2022-11-22,4.829999923706055,4.840000152587891,4.800000190734863,4.829999923706055,4.808329105377197,1978900
2022-11-23,4.809999942779541,4.840000152587891,4.789999961853027,4.809999942779541,4.788418769836426,1771000
2022-11-25,4.900000095367432,5.03000020980835,4.880000114440918,5.0,4.977566242218018,1730600
2022-11-28,5.0,5.050000190734863,4.949999809265137,4.949999809265137,4.927790641784668,1754200
2022-11-29,4.989999771118164,5.039999961853027,4.920000076293945,4.949999809265137,4.927790641784668,1823300
2022-11-30,5.0,5.119999885559082,4.989999771118164,5.119999885559082,5.097027778625488,1800400
2022-12-01,5.130000114440918,5.170000076293945,5.110000133514404,5.150000095367432,5.126893043518066,1442200
2022-12-02,5.090000152587891,5.130000114440918,5.039999961853027,5.110000133514404,5.087072849273682,1307000
2022-12-05,5.079999923706055,5.090000152587891,5.019999980926514,5.039999961853027,5.0173869132995605,2064600
2022-12-06,4.989999771118164,5.03000020980835,4.909999847412109,4.920000076293945,4.89792537689209,2698600
2022-12-07,4.880000114440918,4.940000057220459,4.880000114440918,4.900000095367432,4.878015518188477,1223600
2022-12-08,4.929999828338623,4.96999979019165,4.900000095367432,4.929999828338623,4.9078803062438965,1290700
2022-12-09,4.78000020980835,4.800000190734863,4.699999809265137,4.710000038146973,4.688867568969727,1472300
2022-12-12,4.75,4.800000190734863,4.739999771118164,4.800000190734863,4.778463840484619,1217600
2022-12-13,4.900000095367432,4.929999828338623,4.789999961853027,4.829999923706055,4.808329105377197,2574900
2022-12-14,4.800000190734863,4.860000133514404,4.75,4.809999942779541,4.788418769836426,2733900
2022-12-15,4.730000019073486,4.760000228881836,4.630000114440918,4.639999866485596,4.619181156158447,3031300
2022-12-16,4.579999923706055,4.679999828338623,4.550000190734863,4.579999923706055,4.559450626373291,4257100
2022-12-19,4.599999904632568,4.650000095367432,4.570000171661377,4.579999923706055,4.559450626373291,3126500
2022-12-20,4.610000133514404,4.690000057220459,4.590000152587891,4.650000095367432,4.62913703918457,2593300
2022-12-21,4.650000095367432,4.710000038146973,4.639999866485596,4.679999828338623,4.65900182723999,2087200
2022-12-22,4.619999885559082,4.619999885559082,4.519999980926514,4.570000171661377,4.549495697021484,1400600
2022-12-23,4.519999980926514,4.559999942779541,4.5,4.53000020980835,4.5096755027771,1443700
2022-12-27,4.570000171661377,4.590000152587891,4.510000228881836,4.579999923706055,4.559450626373291,2444600
2022-12-28,4.619999885559082,4.670000076293945,4.570000171661377,4.570000171661377,4.549495697021484,2747000
2022-12-29,4.619999885559082,4.710000038146973,4.619999885559082,4.650000095367432,4.62913703918457,2579400
2022-12-30,4.659999847412109,4.659999847412109,4.599999904632568,4.659999847412109,4.639091968536377,1802900
2023-01-03,4.690000057220459,4.75,4.670000076293945,4.710000038146973,4.688867568969727,3257500
2023-01-04,4.659999847412109,4.710000038146973,4.639999866485596,4.690000057220459,4.668957710266113,2332400
2023-01-05,4.619999885559082,4.639999866485596,4.579999923706055,4.599999904632568,4.5793609619140625,1980400
2023-01-06,4.570000171661377,4.670000076293945,4.550000190734863,4.659999847412109,4.639091968536377,2973400
2023-01-09,4.730000019073486,4.789999961853027,4.730000019073486,4.739999771118164,4.718732833862305,2202100
2023-01-10,4.75,4.78000020980835,4.71999979019165,4.730000019073486,4.708777904510498,2361000
2023-01-11,4.769999980926514,4.820000171661377,4.760000228881836,4.789999961853027,4.768508434295654,2799100
2023-01-12,4.809999942779541,4.869999885559082,4.789999961853027,4.840000152587891,4.818284511566162,2420400
2023-01-13,4.800000190734863,4.829999923706055,4.75,4.789999961853027,4.768508434295654,1971000
2023-01-17,4.789999961853027,4.889999866485596,4.789999961853027,4.889999866485596,4.8680596351623535,5691800
2023-01-18,4.96999979019165,5.019999980926514,4.949999809265137,4.96999979019165,4.947700500488281,5370800
2023-01-19,4.96999979019165,5.03000020980835,4.949999809265137,5.019999980926514,4.997476577758789,3511500
2023-01-20,5.03000020980835,5.03000020980835,4.980000019073486,5.0,4.977566242218018,4352600
2023-01-23,5.0,5.010000228881836,4.96999979019165,4.989999771118164,4.967611312866211,3438800
2023-01-24,4.989999771118164,4.989999771118164,4.920000076293945,4.980000019073486,4.969606876373291,4061100
2023-01-25,4.900000095367432,4.920000076293945,4.849999904632568,4.920000076293945,4.909732341766357,3277000
2023-01-26,4.929999828338623,4.949999809265137,4.869999885559082,4.949999809265137,4.939669609069824,4023400
2023-01-27,4.889999866485596,4.920000076293945,4.869999885559082,4.900000095367432,4.889774322509766,1837200
2023-01-30,4.940000057220459,4.960000038146973,4.909999847412109,4.929999828338623,4.919711112976074,3807500
2023-01-31,4.889999866485596,4.909999847412109,4.860000133514404,4.889999866485596,4.879794597625732,3084300
2023-02-01,4.909999847412109,4.940000057220459,4.829999923706055,4.920000076293945,4.909732341766357,2860800
2023-02-02,5.0,5.090000152587891,4.96999979019165,5.090000152587891,5.0793776512146,3480600
2023-02-03,4.980000019073486,5.010000228881836,4.960000038146973,4.989999771118164,4.979586124420166,2203300
2023-02-06,4.909999847412109,4.920000076293945,4.849999904632568,4.860000133514404,4.849857807159424,1936700
2023-02-07,4.829999923706055,4.869999885559082,4.789999961853027,4.860000133514404,4.849857807159424,1747800
2023-02-08,4.929999828338623,4.949999809265137,4.900000095367432,4.900000095367432,4.889774322509766,1419600
2023-02-09,4.949999809265137,4.96999979019165,4.880000114440918,4.889999866485596,4.879794597625732,976200
2023-02-10,4.880000114440918,4.909999847412109,4.849999904632568,4.900000095367432,4.889774322509766,1383700
2023-02-13,4.840000152587891,4.889999866485596,4.840000152587891,4.880000114440918,4.869815826416016,1552300
2023-02-14,4.889999866485596,4.909999847412109,4.840000152587891,4.880000114440918,4.869815826416016,1479400
2023-02-15,4.900000095367432,4.940000057220459,4.860000133514404,4.940000057220459,4.929690361022949,1434700
2023-02-16,4.929999828338623,4.960000038146973,4.889999866485596,4.920000076293945,4.909732341766357,1665300
2023-02-17,4.880000114440918,4.909999847412109,4.809999942779541,4.849999904632568,4.839878082275391,2374700
2023-02-21,4.789999961853027,4.820000171661377,4.769999980926514,4.789999961853027,4.780003547668457,2333300
2023-02-22,4.730000019073486,4.78000020980835,4.730000019073486,4.75,4.740087032318115,2282600
2023-02-23,4.739999771118164,4.78000020980835,4.730000019073486,4.769999980926514,4.760045051574707,1246600
2023-02-24,4.710000038146973,4.71999979019165,4.679999828338623,4.699999809265137,4.690191268920898,1391100
2023-02-27,4.690000057220459,4.710000038146973,4.650000095367432,4.670000076293945,4.660254001617432,1974600
2023-02-28,4.630000114440918,4.710000038146973,4.630000114440918,4.670000076293945,4.660254001617432,2399900
2023-03-01,4.730000019073486,4.730000019073486,4.659999847412109,4.679999828338623,4.670232772827148,1500300
2023-03-02,4.650000095367432,4.739999771118164,4.650000095367432,4.739999771118164,4.73010778427124,1977200
2023-03-03,4.760000228881836,4.809999942779541,4.739999771118164,4.809999942779541,4.799961566925049,930400
2023-03-06,4.820000171661377,4.880000114440918,4.820000171661377,4.860000133514404,4.849857807159424,1130400
2023-03-07,4.860000133514404,4.869999885559082,4.769999980926514,4.78000020980835,4.77002477645874,1369800
2023-03-08,4.800000190734863,4.820000171661377,4.769999980926514,4.820000171661377,4.809941291809082,1191500
2023-03-09,4.75,4.800000190734863,4.71999979019165,4.730000019073486,4.720129013061523,1451900
2023-03-10,4.760000228881836,4.769999980926514,4.679999828338623,4.690000057220459,4.680212497711182,1394100
2023-03-13,4.639999866485596,4.710000038146973,4.619999885559082,4.670000076293945,4.660254001617432,2307500
2023-03-14,4.619999885559082,4.690000057220459,4.619999885559082,4.659999847412109,4.650274753570557,1722700
2023-03-15,4.5,4.539999961853027,4.46999979019165,4.539999961853027,4.530525207519531,2051300
2023-03-16,4.489999771118164,4.619999885559082,4.489999771118164,4.610000133514404,4.600379467010498,1911100
2023-03-17,4.579999923706055,4.590000152587891,4.539999961853027,4.570000171661377,4.560462951660156,1817300
2023-03-20,4.460000038146973,4.53000020980835,4.460000038146973,4.519999980926514,4.5105671882629395,1821300
2023-03-21,4.489999771118164,4.5,4.440000057220459,4.46999979019165,4.4606709480285645,1435500
2023-03-22,4.409999847412109,4.460000038146973,4.369999885559082,4.380000114440918,4.370859146118164,2441300
2023-03-23,4.380000114440918,4.449999809265137,4.380000114440918,4.420000076293945,4.410775661468506,1913000
2023-03-24,4.380000114440918,4.420000076293945,4.380000114440918,4.409999847412109,4.400796413421631,1396800
2023-03-27,4.420000076293945,4.449999809265137,4.409999847412109,4.429999828338623,4.420754909515381,1611700
2023-03-28,4.360000133514404,4.380000114440918,4.329999923706055,4.349999904632568,4.340921878814697,2913700
2023-03-29,4.380000114440918,4.400000095367432,4.369999885559082,4.389999866485596,4.380838394165039,884900
2023-03-30,4.429999828338623,4.440000057220459,4.389999866485596,4.400000095367432,4.390817642211914,2116100
2023-03-31,4.46999979019165,4.5,4.449999809265137,4.489999771118164,4.4806294441223145,1448700
2023-04-03,4.480000019073486,4.510000228881836,4.46999979019165,4.5,4.4906086921691895,1377200
2023-04-04,4.519999980926514,4.519999980926514,4.480000019073486,4.5,4.4906086921691895,2017900
2023-04-05,4.53000020980835,4.53000020980835,4.489999771118164,4.5,4.4906086921691895,804500
2023-04-06,4.46999979019165,4.510000228881836,4.460000038146973,4.5,4.4906086921691895,1047900
2023-04-10,4.539999961853027,4.539999961853027,4.5,4.53000020980835,4.5205464363098145,1295500
2023-04-11,4.5,4.570000171661377,4.5,4.559999942779541,4.550483703613281,1168400
2023-04-12,4.590000152587891,4.599999904632568,4.489999771118164,4.5,4.4906086921691895,2461400
2023-04-13,4.409999847412109,4.429999828338623,4.320000171661377,4.360000133514404,4.350901126861572,4646000
2023-04-14,4.369999885559082,4.389999866485596,4.320000171661377,4.329999923706055,4.320963382720947,2453900
2023-04-17,4.340000152587891,4.369999885559082,4.320000171661377,4.349999904632568,4.340921878814697,3768300
2023-04-18,4.440000057220459,4.449999809265137,4.409999847412109,4.429999828338623,4.420754909515381,2693900
2023-04-19,4.369999885559082,4.389999866485596,4.320000171661377,4.329999923706055,4.320963382720947,2139600
2023-04-20,4.349999904632568,4.429999828338623,4.349999904632568,4.420000076293945,4.410775661468506,2461700
2023-04-21,4.449999809265137,4.460000038146973,4.409999847412109,4.409999847412109,4.400796413421631,2166300
2023-04-24,4.550000190734863,4.590000152587891,4.550000190734863,4.570000171661377,4.560462951660156,3199600
2023-04-25,4.510000228881836,4.53000020980835,4.46999979019165,4.46999979019165,4.4606709480285645,1261900
2023-04-26,4.489999771118164,4.510000228881836,4.489999771118164,4.510000228881836,4.5005879402160645,1742200
2023-04-27,4.679999828338623,4.690000057220459,4.619999885559082,4.690000057220459,4.680212497711182,1829800
2023-04-28,4.699999809265137,4.710000038146973,4.639999866485596,4.699999809265137,4.690191268920898,2437900
2023-05-01,4.679999828338623,4.769999980926514,4.679999828338623,4.739999771118164,4.73010778427124,2566700
2023-05-02,4.739999771118164,4.75,4.699999809265137,4.730000019073486,4.720129013061523,1910300
2023-05-03,4.690000057220459,4.71999979019165,4.650000095367432,4.659999847412109,4.650274753570557,2122300
2023-05-04,4.659999847412109,4.670000076293945,4.619999885559082,4.639999866485596,4.630316257476807,2928900
2023-05-05,4.599999904632568,4.630000114440918,4.599999904632568,4.630000114440918,4.62033748626709,1590400
2023-05-08,4.619999885559082,4.650000095367432,4.619999885559082,4.619999885559082,4.610358238220215,860500
2023-05-09,4.610000133514404,4.650000095367432,4.599999904632568,4.650000095367432,4.64029598236084,1425100
2023-05-10,4.659999847412109,4.670000076293945,4.630000114440918,4.659999847412109,4.650274753570557,1690800
2023-05-11,4.639999866485596,4.659999847412109,4.619999885559082,4.659999847412109,4.650274753570557,1209900
2023-05-12,4.630000114440918,4.659999847412109,4.630000114440918,4.639999866485596,4.630316257476807,1006600
2023-05-15,4.670000076293945,4.710000038146973,4.650000095367432,4.710000038146973,4.700170516967773,1538200
2023-05-16,4.690000057220459,4.699999809265137,4.650000095367432,4.659999847412109,4.650274753570557,1077400
2023-05-17,4.610000133514404,4.650000095367432,4.590000152587891,4.650000095367432,4.64029598236084,1627900
2023-05-18,4.599999904632568,4.650000095367432,4.590000152587891,4.639999866485596,4.630316257476807,1198200
2023-05-19,4.670000076293945,4.699999809265137,4.650000095367432,4.659999847412109,4.650274753570557,1612800
2023-05-22,4.769999980926514,4.789999961853027,4.760000228881836,4.78000020980835,4.77002477645874,1130900
2023-05-23,4.75,4.760000228881836,4.690000057220459,4.710000038146973,4.700170516967773,1589600
2023-05-24,4.71999979019165,4.75,4.710000038146973,4.739999771118164,4.73010778427124,2192900
2023-05-25,4.71999979019165,4.739999771118164,4.690000057220459,4.730000019073486,4.720129013061523,1393200
2023-05-26,4.800000190734863,4.869999885559082,4.800000190734863,4.860000133514404,4.849857807159424,1399700
2023-05-30,4.869999885559082,4.869999885559082,4.809999942779541,4.820000171661377,4.809941291809082,1328200
2023-05-31,4.829999923706055,4.889999866485596,4.829999923706055,4.880000114440918,4.869815826416016,2298000
2023-06-01,4.920000076293945,4.949999809265137,4.880000114440918,4.929999828338623,4.919711112976074,1454100
2023-06-02,4.869999885559082,4.949999809265137,4.869999885559082,4.949999809265137,4.939669609069824,3334500
2023-06-05,4.869999885559082,4.880000114440918,4.789999961853027,4.820000171661377,4.809941291809082,1817300
2023-06-06,4.75,4.829999923706055,4.75,4.820000171661377,4.809941291809082,964200
2023-06-07,4.849999904632568,4.869999885559082,4.829999923706055,4.849999904632568,4.839878082275391,1572000
2023-06-08,4.820000171661377,4.820000171661377,4.75,4.760000228881836,4.75006628036499,1523000
2023-06-09,4.730000019073486,4.78000020980835,4.71999979019165,4.760000228881836,4.75006628036499,1248400
2023-06-12,4.739999771118164,4.769999980926514,4.71999979019165,4.760000228881836,4.75006628036499,2863900
2023-06-13,4.739999771118164,4.760000228881836,4.71999979019165,4.730000019073486,4.720129013061523,2194600
2023-06-14,4.739999771118164,4.769999980926514,4.679999828338623,4.710000038146973,4.700170516967773,2853500
2023-06-15,4.630000114440918,4.710000038146973,4.619999885559082,4.699999809265137,4.690191268920898,3229000
2023-06-16,4.610000133514404,4.670000076293945,4.599999904632568,4.670000076293945,4.660254001617432,3247100
2023-06-20,4.650000095367432,4.710000038146973,4.619999885559082,4.630000114440918,4.62033748626709,3139000
2023-06-21,4.650000095367432,4.650000095367432,4.570000171661377,4.619999885559082,4.610358238220215,1673200
2023-06-22,4.570000171661377,4.630000114440918,4.550000190734863,4.630000114440918,4.62033748626709,2005500
2023-06-23,4.579999923706055,4.590000152587891,4.559999942779541,4.570000171661377,4.560462951660156,1096900
2023-06-26,4.590000152587891,4.639999866485596,4.590000152587891,4.630000114440918,4.62033748626709,1641500
2023-06-27,4.630000114440918,4.650000095367432,4.599999904632568,4.650000095367432,4.64029598236084,1058700
2023-06-28,4.630000114440918,4.670000076293945,4.619999885559082,4.670000076293945,4.660254001617432,1217300
2023-06-29,4.659999847412109,4.699999809265137,4.659999847412109,4.699999809265137,4.690191268920898,1722800
2023-06-30,4.75,4.769999980926514,4.71999979019165,4.71999979019165,4.71014928817749,2188300
2023-07-03,4.800000190734863,4.800000190734863,4.769999980926514,4.789999961853027,4.780003547668457,1343000
2023-07-05,4.78000020980835,4.789999961853027,4.75,4.769999980926514,4.760045051574707,1622700
2023-07-06,4.769999980926514,4.78000020980835,4.739999771118164,4.760000228881836,4.75006628036499,2416600
2023-07-07,4.739999771118164,4.78000020980835,4.739999771118164,4.75,4.740087032318115,1748400
2023-07-10,4.699999809265137,4.710000038146973,4.670000076293945,4.679999828338623,4.670232772827148,2083500
2023-07-11,4.690000057220459,4.710000038146973,4.690000057220459,4.699999809265137,4.690191268920898,1461600
2023-07-12,4.71999979019165,4.760000228881836,4.71999979019165,4.739999771118164,4.73010778427124,823300
2023-07-13,4.75,4.809999942779541,4.739999771118164,4.800000190734863,4.789982795715332,3235200
2023-07-14,4.869999885559082,4.960000038146973,4.869999885559082,4.920000076293945,4.909732341766357,3450700
2023-07-17,5.0,5.079999923706055,5.0,5.050000190734863,5.039461135864258,2238600
2023-07-18,5.050000190734863,5.099999904632568,5.039999961853027,5.090000152587891,5.0793776512146,1817000
2023-07-19,5.090000152587891,5.119999885559082,5.079999923706055,5.110000133514404,5.099335670471191,2513600
2023-07-20,4.940000057220459,4.96999979019165,4.829999923706055,4.909999847412109,4.899753093719482,4810400
2023-07-21,4.909999847412109,4.96999979019165,4.909999847412109,4.949999809265137,4.939669609069824,2782700
2023-07-24,4.920000076293945,4.929999828338623,4.889999866485596,4.900000095367432,4.889774322509766,660200
2023-07-25,4.880000114440918,4.920000076293945,4.880000114440918,4.909999847412109,4.899753093719482,1038500
2023-07-26,4.900000095367432,4.929999828338623,4.889999866485596,4.909999847412109,4.899753093719482,1720900
2023-07-27,4.889999866485596,4.920000076293945,4.860000133514404,4.869999885559082,4.859836578369141,2015200
2023-07-28,4.849999904632568,4.869999885559082,4.829999923706055,4.840000152587891,4.829899311065674,921400
2023-07-31,4.900000095367432,4.929999828338623,4.889999866485596,4.889999866485596,4.879794597625732,1139100
2023-08-01,4.909999847412109,4.940000057220459,4.909999847412109,4.929999828338623,4.919711112976074,1095900
2023-08-02,4.840000152587891,4.849999904632568,4.809999942779541,4.849999904632568,4.839878082275391,1362800
2023-08-03,4.809999942779541,4.829999923706055,4.789999961853027,4.809999942779541,4.799961566925049,890700
2023-08-04,4.920000076293945,4.949999809265137,4.900000095367432,4.900000095367432,4.889774322509766,1321700
2023-08-07,4.96999979019165,4.96999979019165,4.909999847412109,4.940000057220459,4.929690361022949,838000
2023-08-08,4.96999979019165,4.989999771118164,4.929999828338623,4.980000019073486,4.969606876373291,1536800
2023-08-09,4.980000019073486,5.019999980926514,4.980000019073486,5.0,4.989565372467041,909800
2023-08-10,5.03000020980835,5.050000190734863,5.010000228881836,5.019999980926514,5.009523391723633,1324100
2023-08-11,4.929999828338623,4.980000019073486,4.929999828338623,4.96999979019165,4.959627628326416,1807900
2023-08-14,4.960000038146973,4.980000019073486,4.940000057220459,4.980000019073486,4.969606876373291,984900
2023-08-15,4.96999979019165,5.0,4.960000038146973,4.980000019073486,4.969606876373291,1094500
2023-08-16,4.980000019073486,5.039999961853027,4.96999979019165,5.0,4.989565372467041,2203300
2023-08-17,4.980000019073486,5.0,4.96999979019165,4.980000019073486,4.969606876373291,1537700
2023-08-18,4.889999866485596,4.949999809265137,4.889999866485596,4.940000057220459,4.929690361022949,1534000
2023-08-21,4.960000038146973,4.989999771118164,4.949999809265137,4.980000019073486,4.969606876373291,472000
2023-08-22,4.960000038146973,5.0,4.960000038146973,4.989999771118164,4.979586124420166,1544200
2023-08-23,5.0,5.090000152587891,5.0,5.090000152587891,5.0793776512146,1396700
2023-08-24,4.989999771118164,5.019999980926514,4.949999809265137,4.949999809265137,4.939669609069824,1650800
2023-08-25,4.940000057220459,4.989999771118164,4.929999828338623,4.980000019073486,4.969606876373291,1233500
2023-08-28,4.960000038146973,4.989999771118164,4.960000038146973,4.96999979019165,4.959627628326416,974600
2023-08-29,4.949999809265137,5.0,4.949999809265137,4.989999771118164,4.979586124420166,763100
2023-08-30,4.949999809265137,4.989999771118164,4.909999847412109,4.940000057220459,4.929690361022949,2439000
2023-08-31,4.940000057220459,4.980000019073486,4.880000114440918,4.889999866485596,4.879794597625732,3422600
2023-09-01,5.039999961853027,5.059999942779541,5.010000228881836,5.039999961853027,5.029481887817383,1039300
2023-09-05,5.179999828338623,5.210000038146973,5.159999847412109,5.179999828338623,5.169189453125,2101800
2023-09-06,5.139999866485596,5.159999847412109,5.119999885559082,5.119999885559082,5.109314918518066,1348400
2023-09-07,5.150000095367432,5.170000076293945,5.139999866485596,5.159999847412109,5.149231433868408,1301300
2023-09-08,5.139999866485596,5.199999809265137,5.130000114440918,5.190000057220459,5.179168701171875,852900
2023-09-11,5.230000019073486,5.269999980926514,5.21999979019165,5.25,5.239043712615967,1245400
2023-09-12,5.230000019073486,5.239999771118164,5.190000057220459,5.210000038146973,5.199127197265625,2011300
2023-09-13,5.21999979019165,5.260000228881836,5.21999979019165,5.239999771118164,5.229063987731934,1267200
2023-09-14,5.230000019073486,5.300000190734863,5.230000019073486,5.289999961853027,5.278960227966309,995600
2023-09-15,5.300000190734863,5.309999942779541,5.21999979019165,5.21999979019165,5.209105968475342,3095700
2023-09-18,5.210000038146973,5.239999771118164,5.199999809265137,5.21999979019165,5.209105968475342,917800
2023-09-19,5.21999979019165,5.230000019073486,5.170000076293945,5.199999809265137,5.18914794921875,947400
2023-09-20,5.170000076293945,5.230000019073486,5.170000076293945,5.179999828338623,5.169189453125,981700
2023-09-21,5.130000114440918,5.139999866485596,5.079999923706055,5.079999923706055,5.069398403167725,1116400
2023-09-22,5.010000228881836,5.03000020980835,5.0,5.019999980926514,5.009523391723633,999800
2023-09-25,4.980000019073486,4.980000019073486,4.949999809265137,4.960000038146973,4.949648857116699,1003800
2023-09-26,4.940000057220459,4.949999809265137,4.880000114440918,4.880000114440918,4.869815826416016,634100
2023-09-27,4.980000019073486,5.0,4.929999828338623,4.949999809265137,4.939669609069824,2308100
2023-09-28,4.849999904632568,4.869999885559082,4.789999961853027,4.849999904632568,4.839878082275391,2061200
2023-09-29,4.909999847412109,4.920000076293945,4.840000152587891,4.840000152587891,4.829899311065674,2221700
2023-10-02,4.869999885559082,4.880000114440918,4.820000171661377,4.840000152587891,4.829899311065674,1132400
2023-10-03,4.829999923706055,4.880000114440918,4.809999942779541,4.820000171661377,4.809941291809082,740000
2023-10-04,4.820000171661377,4.889999866485596,4.820000171661377,4.880000114440918,4.869815826416016,1048200
2023-10-05,4.880000114440918,4.889999866485596,4.849999904632568,4.880000114440918,4.869815826416016,559800
2023-10-06,4.869999885559082,4.960000038146973,4.869999885559082,4.940000057220459,4.929690361022949,750700
2023-10-09,4.880000114440918,4.889999866485596,4.840000152587891,4.880000114440918,4.869815826416016,646500
2023-10-10,4.880000114440918,4.929999828338623,4.880000114440918,4.900000095367432,4.889774322509766,982700
2023-10-11,5.050000190734863,5.059999942779541,5.0,5.019999980926514,5.009523391723633,2025300
2023-10-12,4.960000038146973,4.96999979019165,4.829999923706055,4.860000133514404,4.849857807159424,1893400
2023-10-13,4.880000114440918,4.909999847412109,4.840000152587891,4.860000133514404,4.849857807159424,1978200
2023-10-16,4.869999885559082,4.940000057220459,4.860000133514404,4.909999847412109,4.899753093719482,1639400
2023-10-17,4.929999828338623,4.940000057220459,4.869999885559082,4.880000114440918,4.869815826416016,1301400
2023-10-18,4.760000228881836,4.840000152587891,4.710000038146973,4.71999979019165,4.71014928817749,3137000
2023-10-19,4.699999809265137,4.730000019073486,4.659999847412109,4.670000076293945,4.660254001617432,1882400
2023-10-20,4.619999885559082,4.650000095367432,4.610000133514404,4.610000133514404,4.600379467010498,1621500
2023-10-23,4.53000020980835,4.599999904632568,4.53000020980835,4.539999961853027,4.530525207519531,1830900
2023-10-24,4.570000171661377,4.599999904632568,4.53000020980835,4.550000190734863,4.540504455566406,3665000
2023-10-25,4.519999980926514,4.559999942779541,4.519999980926514,4.539999961853027,4.530525207519531,1649700
2023-10-26,4.519999980926514,4.550000190734863,4.480000019073486,4.480000019073486,4.470650672912598,2327800
2023-10-27,4.519999980926514,4.539999961853027,4.510000228881836,4.510000228881836,4.5005879402160645,1290500
2023-10-30,4.539999961853027,4.559999942779541,4.519999980926514,4.539999961853027,4.530525207519531,824600
2023-10-31,4.519999980926514,4.590000152587891,4.519999980926514,4.550000190734863,4.540504455566406,1549700
2023-11-01,4.539999961853027,4.559999942779541,4.510000228881836,4.539999961853027,4.530525207519531,2122700
2023-11-02,4.579999923706055,4.610000133514404,4.579999923706055,4.599999904632568,4.590400218963623,1658400
2023-11-03,4.579999923706055,4.659999847412109,4.579999923706055,4.619999885559082,4.610358238220215,1238900
2023-11-06,4.619999885559082,4.619999885559082,4.570000171661377,4.599999904632568,4.590400218963623,960800
2023-11-07,4.579999923706055,4.610000133514404,4.559999942779541,4.579999923706055,4.570441722869873,1811400
2023-11-08,4.579999923706055,4.579999923706055,4.559999942779541,4.570000171661377,4.560462951660156,1008900
2023-11-09,4.550000190734863,4.590000152587891,4.489999771118164,4.510000228881836,4.5005879402160645,2391500
2023-11-10,4.5,4.550000190734863,4.489999771118164,4.550000190734863,4.540504455566406,1125200
2023-11-13,4.53000020980835,4.550000190734863,4.5,4.519999980926514,4.5105671882629395,1203200
2023-11-14,4.570000171661377,4.619999885559082,4.539999961853027,4.610000133514404,4.600379467010498,1335800
2023-11-15,4.630000114440918,4.690000057220459,4.630000114440918,4.679999828338623,4.670232772827148,1608500
2023-11-16,4.730000019073486,4.75,4.670000076293945,4.679999828338623,4.670232772827148,2518600
2023-11-17,4.699999809265137,4.71999979019165,4.690000057220459,4.71999979019165,4.71014928817749,1164900
2023-11-20,4.730000019073486,4.760000228881836,4.690000057220459,4.75,4.740087032318115,1699200
2023-11-21,4.75,4.760000228881836,4.730000019073486,4.760000228881836,4.75006628036499,918600
2023-11-22,4.739999771118164,4.78000020980835,4.739999771118164,4.75,4.740087032318115,957300
2023-11-24,4.710000038146973,4.710000038146973,4.670000076293945,4.699999809265137,4.690191268920898,794200
2023-11-27,4.699999809265137,4.71999979019165,4.679999828338623,4.690000057220459,4.680212497711182,1182900
2023-11-28,4.679999828338623,4.730000019073486,4.679999828338623,4.730000019073486,4.720129013061523,1344600
2023-11-29,4.809999942779541,4.840000152587891,4.78000020980835,4.789999961853027,4.780003547668457,1365200
2023-11-30,4.860000133514404,4.880000114440918,4.829999923706055,4.849999904632568,4.839878082275391,2001500
2023-12-01,4.820000171661377,4.889999866485596,4.809999942779541,4.880000114440918,4.869815826416016,1033200
2023-12-04,4.829999923706055,4.849999904632568,4.820000171661377,4.820000171661377,4.809941291809082,1772600
2023-12-05,4.800000190734863,4.820000171661377,4.78000020980835,4.800000190734863,4.789982795715332,811600
2023-12-06,4.96999979019165,4.989999771118164,4.949999809265137,4.96999979019165,4.959627628326416,1536100
2023-12-07,4.96999979019165,4.989999771118164,4.949999809265137,4.980000019073486,4.969606876373291,1195500
2023-12-08,5.010000228881836,5.050000190734863,5.0,5.010000228881836,4.999544620513916,2027800
2023-12-11,4.960000038146973,4.989999771118164,4.909999847412109,4.949999809265137,4.939669609069824,1748800
2023-12-12,4.980000019073486,5.0,4.949999809265137,4.989999771118164,4.979586124420166,1573400
2023-12-13,4.989999771118164,5.059999942779541,4.960000038146973,5.039999961853027,5.029481887817383,1583700
2023-12-14,5.099999904632568,5.210000038146973,5.099999904632568,5.199999809265137,5.18914794921875,1723700
2023-12-15,5.269999980926514,5.289999961853027,5.239999771118164,5.28000020980835,5.268980979919434,2223800
2023-12-18,5.289999961853027,5.320000171661377,5.260000228881836,5.309999942779541,5.2989182472229,1325800
2023-12-19,5.199999809265137,5.300000190734863,5.199999809265137,5.260000228881836,5.249022960662842,1382300
2023-12-20,5.150000095367432,5.239999771118164,5.119999885559082,5.159999847412109,5.149231433868408,1806200
2023-12-21,5.179999828338623,5.199999809265137,5.139999866485596,5.199999809265137,5.18914794921875,1834500
2023-12-22,5.46999979019165,5.489999771118164,5.389999866485596,5.429999828338623,5.418667793273926,3492500
2023-12-26,5.579999923706055,5.579999923706055,5.46999979019165,5.510000228881836,5.498501300811768,1095000
2023-12-27,5.510000228881836,5.570000171661377,5.489999771118164,5.570000171661377,5.558375835418701,1245200
2023-12-28,5.550000190734863,5.579999923706055,5.539999961853027,5.570000171661377,5.558375835418701,1300000
2023-12-29,5.590000152587891,5.599999904632568,5.539999961853027,5.570000171661377,5.558375835418701,1547500
2024-01-02,5.519999980926514,5.550000190734863,5.46999979019165,5.46999979019165,5.458584308624268,3419800
2024-01-03,5.380000114440918,5.389999866485596,5.320000171661377,5.360000133514404,5.348814010620117,4693100
2024-01-04,5.329999923706055,5.380000114440918,5.320000171661377,5.349999904632568,5.338834762573242,1427600
2024-01-05,5.389999866485596,5.429999828338623,5.380000114440918,5.420000076293945,5.408689022064209,2669400
2024-01-08,5.349999904632568,5.449999809265137,5.329999923706055,5.429999828338623,5.418667793273926,2820300
2024-01-09,5.380000114440918,5.400000095367432,5.340000152587891,5.360000133514404,5.348814010620117,2029000
2024-01-10,5.380000114440918,5.440000057220459,5.369999885559082,5.380000114440918,5.368772506713867,3090600
2024-01-11,5.360000133514404,5.389999866485596,5.320000171661377,5.369999885559082,5.358793258666992,2780500
2024-01-12,5.889999866485596,6.389999866485596,5.860000133514404,6.28000020980835,6.266894340515137,15246900
2024-01-16,5.829999923706055,5.860000133514404,5.730000019073486,5.75,5.73799991607666,5490100
2024-01-17,5.739999771118164,5.760000228881836,5.679999828338623,5.690000057220459,5.678125381469727,4692000
2024-01-18,5.809999942779541,5.829999923706055,5.699999809265137,5.78000020980835,5.767937660217285,3351300
2024-01-19,5.78000020980835,5.789999961853027,5.75,5.78000020980835,5.767937660217285,3483900
2024-01-22,5.75,5.789999961853027,5.71999979019165,5.75,5.73799991607666,2507300
2024-01-23,5.619999885559082,5.699999809265137,5.619999885559082,5.679999828338623,5.679999828338623,2710400
2024-01-24,5.800000190734863,5.800000190734863,5.739999771118164,5.75,5.75,2166600
2024-01-25,5.670000076293945,5.730000019073486,5.659999847412109,5.730000019073486,5.730000019073486,2163100
2024-01-26,5.730000019073486,5.739999771118164,5.710000038146973,5.71999979019165,5.71999979019165,2427600
2024-01-29,5.75,5.75,5.679999828338623,5.730000019073486,5.730000019073486,1495200
2024-01-30,5.699999809265137,5.710000038146973,5.610000133514404,5.650000095367432,5.650000095367432,1939400
2024-01-31,5.690000057220459,5.739999771118164,5.659999847412109,5.659999847412109,5.659999847412109,2248600
2024-02-01,5.659999847412109,5.699999809265137,5.630000114440918,5.699999809265137,5.699999809265137,1714400
2024-02-02,5.769999980926514,5.78000020980835,5.71999979019165,5.769999980926514,5.769999980926514,2632800
2024-02-05,5.769999980926514,5.78000020980835,5.730000019073486,5.769999980926514,5.769999980926514,1919500
2024-02-06,5.960000038146973,6.010000228881836,5.929999828338623,5.940000057220459,5.940000057220459,2715400
2024-02-07,5.900000095367432,5.920000076293945,5.860000133514404,5.900000095367432,5.900000095367432,2037400
2024-02-08,5.860000133514404,5.880000114440918,5.820000171661377,5.849999904632568,5.849999904632568,682600
2024-02-09,5.860000133514404,5.900000095367432,5.849999904632568,5.860000133514404,5.860000133514404,691400
2024-02-12,5.96999979019165,6.010000228881836,5.960000038146973,5.980000019073486,5.980000019073486,1396300
2024-02-13,6.050000190734863,6.050000190734863,5.940000057220459,5.980000019073486,5.980000019073486,1976000
2024-02-14,6.099999904632568,6.139999866485596,6.070000171661377,6.130000114440918,6.130000114440918,1659500
2024-02-15,6.139999866485596,6.210000038146973,6.139999866485596,6.179999828338623,6.179999828338623,954000
2024-02-16,6.400000095367432,6.449999809265137,6.320000171661377,6.429999828338623,6.429999828338623,3672600
2024-02-20,6.340000152587891,6.409999847412109,6.300000190734863,6.320000171661377,6.320000171661377,5343500
2024-02-21,6.260000228881836,6.260000228881836,6.150000095367432,6.170000076293945,6.170000076293945,1552600
2024-02-22,6.289999961853027,6.340000152587891,6.269999980926514,6.320000171661377,6.320000171661377,1547300
2024-02-23,6.349999904632568,6.380000114440918,6.329999923706055,6.349999904632568,6.349999904632568,1119100
2024-02-26,6.349999904632568,6.360000133514404,6.309999942779541,6.320000171661377,6.320000171661377,955800
2024-02-27,6.309999942779541,6.360000133514404,6.300000190734863,6.300000190734863,6.300000190734863,823300
2024-02-28,6.179999828338623,6.190000057220459,6.130000114440918,6.159999847412109,6.159999847412109,1323600
2024-02-29,6.190000057220459,6.230000019073486,6.170000076293945,6.190000057220459,6.190000057220459,1050600
2024-03-01,6.199999809265137,6.230000019073486,6.179999828338623,6.210000038146973,6.210000038146973,954600
2024-03-04,6.199999809265137,6.269999980926514,6.179999828338623,6.25,6.25,1436600
2024-03-05,6.150000095367432,6.170000076293945,6.110000133514404,6.110000133514404,6.110000133514404,1766100
2024-03-06,6.150000095367432,6.170000076293945,6.099999904632568,6.099999904632568,6.099999904632568,2605800
2024-03-07,6.170000076293945,6.199999809265137,6.139999866485596,6.190000057220459,6.190000057220459,1865600
2024-03-08,6.199999809265137,6.21999979019165,6.150000095367432,6.170000076293945,6.170000076293945,1982100
2024-03-11,6.150000095367432,6.170000076293945,6.130000114440918,6.130000114440918,6.130000114440918,1482100
2024-03-12,6.099999904632568,6.179999828338623,6.090000152587891,6.170000076293945,6.170000076293945,1948000
2024-03-13,6.039999961853027,6.039999961853027,6.0,6.010000228881836,6.010000228881836,1512900
2024-03-14,6.199999809265137,6.210000038146973,6.099999904632568,6.099999904632568,6.099999904632568,2598400
2024-03-15,6.130000114440918,6.139999866485596,6.110000133514404,6.130000114440918,6.130000114440918,2879600
2024-03-18,6.070000171661377,6.070000171661377,6.019999980926514,6.050000190734863,6.050000190734863,1302100
2024-03-19,5.900000095367432,5.949999809265137,5.849999904632568,5.949999809265137,5.949999809265137,2674400
2024-03-20,5.900000095367432,5.960000038146973,5.880000114440918,5.949999809265137,5.949999809265137,1721700
2024-03-21,5.869999885559082,5.900000095367432,5.789999961853027,5.840000152587891,5.840000152587891,3984600
2024-03-22,5.800000190734863,5.829999923706055,5.610000133514404,5.650000095367432,5.650000095367432,5138200
2024-03-25,5.670000076293945,5.690000057220459,5.630000114440918,5.670000076293945,5.670000076293945,2641600
2024-03-26,5.679999828338623,5.71999979019165,5.659999847412109,5.659999847412109,5.659999847412109,1747900
2024-03-27,5.639999866485596,5.699999809265137,5.630000114440918,5.699999809265137,5.699999809265137,2826600
2024-03-28,5.739999771118164,5.769999980926514,5.730000019073486,5.75,5.75,2336800
2024-04-01,5.760000228881836,5.769999980926514,5.639999866485596,5.659999847412109,5.659999847412109,1727300
2024-04-02,5.570000171661377,5.690000057220459,5.570000171661377,5.610000133514404,5.610000133514404,4528000
2024-04-03,5.630000114440918,5.730000019073486,5.630000114440918,5.690000057220459,5.690000057220459,5746900
2024-04-04,5.760000228881836,5.820000171661377,5.710000038146973,5.75,5.75,4717100
2024-04-05,5.710000038146973,5.789999961853027,5.699999809265137,5.760000228881836,5.760000228881836,2597300
2024-04-08,5.699999809265137,5.699999809265137,5.579999923706055,5.619999885559082,5.619999885559082,6632200
2024-04-09,5.650000095367432,5.690000057220459,5.630000114440918,5.679999828338623,5.679999828338623,3851700
2024-04-10,5.639999866485596,5.670000076293945,5.559999942779541,5.570000171661377,5.570000171661377,4431700
2024-04-11,5.610000133514404,5.630000114440918,5.53000020980835,5.579999923706055,5.579999923706055,3606100
2024-04-12,5.510000228881836,5.539999961853027,5.429999828338623,5.460000038146973,5.460000038146973,4547900
2024-04-15,5.460000038146973,5.46999979019165,5.309999942779541,5.320000171661377,5.320000171661377,5864000
2024-04-16,5.269999980926514,5.309999942779541,5.260000228881836,5.260000228881836,5.260000228881836,2383700
2024-04-17,5.269999980926514,5.300000190734863,5.25,5.25,5.25,2227300
2024-04-18,5.179999828338623,5.239999771118164,5.159999847412109,5.159999847412109,5.159999847412109,3592100
2024-04-19,5.300000190734863,5.380000114440918,5.21999979019165,5.25,5.25,6377300
2024-04-22,5.440000057220459,5.53000020980835,5.409999847412109,5.519999980926514,5.519999980926514,5273500
2024-04-23,5.5,5.53000020980835,5.480000019073486,5.510000228881836,5.510000228881836,3110400
2024-04-24,5.5,5.5,5.420000076293945,5.46999979019165,5.46999979019165,3068200
2024-04-25,5.400000095367432,5.440000057220459,5.309999942779541,5.440000057220459,5.440000057220459,4508400
2024-04-26,5.460000038146973,5.510000228881836,5.440000057220459,5.460000038146973,5.460000038146973,3097400
2024-04-29,5.46999979019165,5.510000228881836,5.440000057220459,5.449999809265137,5.449999809265137,3054600
2024-04-30,5.440000057220459,5.46999979019165,5.369999885559082,5.389999866485596,5.389999866485596,3995500
2024-05-01,5.369999885559082,5.429999828338623,5.369999885559082,5.380000114440918,5.380000114440918,3919700
2024-05-02,5.409999847412109,5.409999847412109,5.349999904632568,5.369999885559082,5.369999885559082,3717900
2024-05-03,5.409999847412109,5.429999828338623,5.369999885559082,5.400000095367432,5.400000095367432,3707100
2024-05-06,5.440000057220459,5.480000019073486,5.420000076293945,5.46999979019165,5.46999979019165,2115300
2024-05-07,5.480000019073486,5.510000228881836,5.460000038146973,5.489999771118164,5.489999771118164,2183400
2024-05-08,5.46999979019165,5.480000019073486,5.440000057220459,5.449999809265137,5.449999809265137,1314600
2024-05-09,5.389999866485596,5.409999847412109,5.349999904632568,5.380000114440918,5.380000114440918,1184800
2024-05-10,5.309999942779541,5.369999885559082,5.309999942779541,5.320000171661377,5.320000171661377,1748300
2024-05-13,5.340000152587891,5.389999866485596,5.340000152587891,5.360000133514404,5.360000133514404,2605100
2024-05-14,5.409999847412109,5.440000057220459,5.369999885559082,5.409999847412109,5.409999847412109,2033100
2024-05-15,5.420000076293945,5.449999809265137,5.400000095367432,5.440000057220459,5.440000057220459,1063300
2024-05-16,5.449999809265137,5.489999771118164,5.420000076293945,5.440000057220459,5.440000057220459,3345900
2024-05-17,5.400000095367432,5.420000076293945,5.369999885559082,5.389999866485596,5.389999866485596,1229100
2024-05-20,5.389999866485596,5.429999828338623,5.380000114440918,5.389999866485596,5.389999866485596,2750500
2024-05-21,5.429999828338623,5.440000057220459,5.369999885559082,5.400000095367432,5.400000095367432,2343600
2024-05-22,5.420000076293945,5.449999809265137,5.400000095367432,5.409999847412109,5.409999847412109,2618100
2024-05-23,5.489999771118164,5.5,5.440000057220459,5.460000038146973,5.460000038146973,2794200
2024-05-24,5.460000038146973,5.46999979019165,5.429999828338623,5.449999809265137,5.449999809265137,2740600
2024-05-28,5.409999847412109,5.420000076293945,5.360000133514404,5.369999885559082,5.369999885559082,2322700
2024-05-29,5.309999942779541,5.329999923706055,5.25,5.260000228881836,5.260000228881836,1495400
2024-05-30,5.159999847412109,5.170000076293945,5.090000152587891,5.119999885559082,5.119999885559082,2496600
2024-05-31,5.150000095367432,5.170000076293945,5.090000152587891,5.150000095367432,5.150000095367432,3279200
2024-06-03,5.210000038146973,5.269999980926514,5.199999809265137,5.269999980926514,5.269999980926514,1432800
2024-06-04,5.190000057220459,5.21999979019165,5.150000095367432,5.190000057220459,5.190000057220459,3122400
2024-06-05,5.269999980926514,5.369999885559082,5.269999980926514,5.329999923706055,5.329999923706055,2468900
2024-06-06,5.389999866485596,5.510000228881836,5.389999866485596,5.480000019073486,5.480000019073486,4961800
2024-06-07,5.679999828338623,5.699999809265137,5.599999904632568,5.619999885559082,5.619999885559082,5149700
2024-06-10,5.5,5.590000152587891,5.5,5.559999942779541,5.559999942779541,1532600
2024-06-11,5.559999942779541,5.590000152587891,5.510000228881836,5.579999923706055,5.579999923706055,2162600
2024-06-12,5.610000133514404,5.630000114440918,5.550000190734863,5.579999923706055,5.579999923706055,2225700
2024-06-13,5.630000114440918,5.650000095367432,5.599999904632568,5.610000133514404,5.610000133514404,1884300
2024-06-14,5.539999961853027,5.559999942779541,5.519999980926514,5.539999961853027,5.539999961853027,1807800
2024-06-17,5.579999923706055,5.610000133514404,5.550000190734863,5.590000152587891,5.590000152587891,2499400
2024-06-18,5.760000228881836,5.78000020980835,5.71999979019165,5.760000228881836,5.760000228881836,3214900
2024-06-20,5.880000114440918,5.889999866485596,5.800000190734863,5.889999866485596,5.889999866485596,4528400
2024-06-21,5.829999923706055,5.900000095367432,5.809999942779541,5.880000114440918,5.880000114440918,7093400
2024-06-24,5.849999904632568,5.889999866485596,5.820000171661377,5.829999923706055,5.829999923706055,1528500
2024-06-25,5.840000152587891,5.880000114440918,5.809999942779541,5.869999885559082,5.869999885559082,2426900
2024-06-26,5.829999923706055,5.869999885559082,5.809999942779541,5.869999885559082,5.869999885559082,1423400
2024-06-27,6.0,6.039999961853027,5.980000019073486,6.019999980926514,6.019999980926514,1744400
2024-06-28,6.039999961853027,6.139999866485596,6.039999961853027,6.099999904632568,6.099999904632568,5547200
2024-07-01,6.170000076293945,6.210000038146973,6.130000114440918,6.190000057220459,6.190000057220459,3075400
2024-07-02,6.349999904632568,6.420000076293945,6.320000171661377,6.420000076293945,6.420000076293945,2065700
2024-07-03,6.400000095367432,6.440000057220459,6.380000114440918,6.380000114440918,6.380000114440918,1041600
2024-07-05,6.340000152587891,6.400000095367432,6.329999923706055,6.380000114440918,6.380000114440918,1706200
2024-07-08,6.400000095367432,6.429999828338623,6.389999866485596,6.409999847412109,6.409999847412109,1118200
2024-07-09,6.400000095367432,6.409999847412109,6.369999885559082,6.380000114440918,6.380000114440918,1949400
2024-07-10,6.389999866485596,6.389999866485596,6.300000190734863,6.389999866485596,6.389999866485596,1559600
2024-07-11,6.489999771118164,6.599999904632568,6.480000019073486,6.489999771118164,6.489999771118164,2702600
2024-07-12,6.570000171661377,6.769999980926514,6.570000171661377,6.71999979019165,6.71999979019165,3542800
2024-07-15,6.699999809265137,6.739999771118164,6.639999866485596,6.679999828338623,6.679999828338623,2498700
2024-07-16,6.690000057220459,6.71999979019165,6.639999866485596,6.690000057220459,6.690000057220459,1911100
2024-07-17,6.679999828338623,6.710000038146973,6.579999923706055,6.699999809265137,6.699999809265137,2173500
2024-07-18,6.800000190734863,7.010000228881836,6.800000190734863,6.889999866485596,6.889999866485596,5421800
2024-07-19,6.380000114440918,6.420000076293945,5.940000057220459,6.090000152587891,6.090000152587891,10919900
2024-07-22,5.960000038146973,6.0,5.900000095367432,6.0,6.0,3459500
2024-07-23,5.960000038146973,6.010000228881836,5.940000057220459,5.960000038146973,5.960000038146973,2007100
2024-07-24,5.900000095367432,5.940000057220459,5.860000133514404,5.869999885559082,5.869999885559082,1946900
2024-07-25,5.949999809265137,6.050000190734863,5.940000057220459,6.019999980926514,6.019999980926514,2048300
2024-07-26,6.199999809265137,6.269999980926514,6.179999828338623,6.199999809265137,6.199999809265137,2974400
2024-07-29,6.199999809265137,6.230000019073486,6.190000057220459,6.199999809265137,6.199999809265137,1355900
2024-07-30,6.179999828338623,6.25,6.159999847412109,6.159999847412109,6.159999847412109,2266900
2024-07-31,6.170000076293945,6.210000038146973,6.03000020980835,6.159999847412109,6.159999847412109,3136500
2024-08-01,6.130000114440918,6.199999809265137,6.079999923706055,6.099999904632568,6.099999904632568,1363200
2024-08-02,5.96999979019165,5.96999979019165,5.849999904632568,5.920000076293945,5.920000076293945,1444700
2024-08-05,5.570000171661377,5.739999771118164,5.5,5.659999847412109,5.659999847412109,2875300
2024-08-06,5.71999979019165,5.889999866485596,5.71999979019165,5.849999904632568,5.849999904632568,2285200
2024-08-07,5.889999866485596,5.920000076293945,5.769999980926514,5.769999980926514,5.769999980926514,1288200
2024-08-08,5.78000020980835,5.849999904632568,5.769999980926514,5.829999923706055,5.829999923706055,785900
2024-08-09,5.860000133514404,5.880000114440918,5.800000190734863,5.860000133514404,5.860000133514404,1581000
2024-08-12,5.800000190734863,5.840000152587891,5.760000228881836,5.760000228881836,5.760000228881836,843800
2024-08-13,5.78000020980835,5.849999904632568,5.78000020980835,5.840000152587891,5.840000152587891,1180800
2024-08-14,5.840000152587891,5.869999885559082,5.829999923706055,5.849999904632568,5.849999904632568,867200
2024-08-15,5.909999847412109,5.940000057220459,5.900000095367432,5.920000076293945,5.920000076293945,754600
2024-08-16,6.010000228881836,6.079999923706055,6.010000228881836,6.059999942779541,6.059999942779541,1042000
2024-08-19,6.090000152587891,6.170000076293945,6.090000152587891,6.150000095367432,6.150000095367432,1364400
2024-08-20,6.139999866485596,6.199999809265137,6.139999866485596,6.170000076293945,6.170000076293945,956400
2024-08-21,6.170000076293945,6.28000020980835,6.170000076293945,6.260000228881836,6.260000228881836,935600
2024-08-22,6.130000114440918,6.179999828338623,6.130000114440918,6.139999866485596,6.139999866485596,1251700
2024-08-23,6.110000133514404,6.179999828338623,6.090000152587891,6.130000114440918,6.130000114440918,1262400
2024-08-26,6.150000095367432,6.199999809265137,6.150000095367432,6.190000057220459,6.190000057220459,750400
2024-08-27,6.170000076293945,6.199999809265137,6.150000095367432,6.179999828338623,6.179999828338623,836500
2024-08-28,6.300000190734863,6.389999866485596,6.300000190734863,6.360000133514404,6.360000133514404,2777700
2024-08-29,6.360000133514404,6.5,6.360000133514404,6.440000057220459,6.440000057220459,1655200
2024-08-30,6.420000076293945,6.449999809265137,6.389999866485596,6.429999828338623,6.429999828338623,1423300
2024-09-03,6.389999866485596,6.420000076293945,6.320000171661377,6.340000152587891,6.340000152587891,1222600
2024-09-04,6.199999809265137,6.28000020980835,6.190000057220459,6.269999980926514,6.269999980926514,1639000
2024-09-05,6.289999961853027,6.329999923706055,6.28000020980835,6.300000190734863,6.300000190734863,1286000
2024-09-06,6.28000020980835,6.309999942779541,6.230000019073486,6.25,6.25,1512600
2024-09-09,6.199999809265137,6.230000019073486,6.179999828338623,6.210000038146973,6.210000038146973,1531200
2024-09-10,6.269999980926514,6.349999904632568,6.269999980926514,6.329999923706055,6.329999923706055,1758900
2024-09-11,6.179999828338623,6.210000038146973,6.119999885559082,6.190000057220459,6.190000057220459,1764800
2024-09-12,6.349999904632568,6.380000114440918,6.300000190734863,6.360000133514404,6.360000133514404,1463600
2024-09-13,6.550000190734863,6.599999904632568,6.550000190734863,6.559999942779541,6.559999942779541,981700
2024-09-16,6.570000171661377,6.610000133514404,6.550000190734863,6.579999923706055,6.579999923706055,775000
2024-09-17,6.610000133514404,6.619999885559082,6.460000038146973,6.5,6.5,1522500
2024-09-18,6.380000114440918,6.460000038146973,6.349999904632568,6.369999885559082,6.369999885559082,1484200
2024-09-19,6.429999828338623,6.480000019073486,6.409999847412109,6.46999979019165,6.46999979019165,1849300
2024-09-20,6.46999979019165,6.46999979019165,6.380000114440918,6.46999979019165,6.46999979019165,2323700
2024-09-23,6.429999828338623,6.460000038146973,6.389999866485596,6.429999828338623,6.429999828338623,966600
2024-09-24,6.440000057220459,6.480000019073486,6.400000095367432,6.460000038146973,6.460000038146973,1561200
2024-09-25,6.460000038146973,6.5,6.440000057220459,6.460000038146973,6.460000038146973,1835500
2024-09-26,6.690000057220459,6.730000019073486,6.579999923706055,6.599999904632568,6.599999904632568,2249900
2024-09-27,6.539999961853027,6.539999961853027,6.460000038146973,6.46999979019165,6.46999979019165,2109000
2024-09-30,6.480000019073486,6.5,6.429999828338623,6.480000019073486,6.480000019073486,2085100
2024-10-01,6.480000019073486,6.599999904632568,6.46999979019165,6.579999923706055,6.579999923706055,1917600
2024-10-02,6.519999980926514,6.539999961853027,6.429999828338623,6.489999771118164,6.489999771118164,1600800
2024-10-03,6.329999923706055,6.400000095367432,6.309999942779541,6.380000114440918,6.380000114440918,1903600
2024-10-04,6.440000057220459,6.460000038146973,6.420000076293945,6.440000057220459,6.440000057220459,1919500
2024-10-07,6.360000133514404,6.420000076293945,6.340000152587891,6.389999866485596,6.389999866485596,928000
2024-10-08,6.309999942779541,6.380000114440918,6.269999980926514,6.369999885559082,6.369999885559082,2203700
2024-10-09,6.360000133514404,6.429999828338623,6.340000152587891,6.420000076293945,6.420000076293945,1271600
2024-10-10,6.28000020980835,6.329999923706055,6.230000019073486,6.269999980926514,6.269999980926514,2625000
2024-10-11,6.300000190734863,6.380000114440918,6.28000020980835,6.369999885559082,6.369999885559082,1566300
2024-10-14,6.519999980926514,6.610000133514404,6.519999980926514,6.599999904632568,6.599999904632568,1572300
2024-10-15,6.400000095367432,6.420000076293945,6.369999885559082,6.380000114440918,6.380000114440918,3206800
2024-10-16,6.389999866485596,6.460000038146973,6.389999866485596,6.420000076293945,6.420000076293945,2004300
2024-10-17,6.300000190734863,6.389999866485596,6.110000133514404,6.349999904632568,6.349999904632568,3324100
2024-10-18,6.539999961853027,6.730000019073486,6.5,6.690000057220459,6.690000057220459,3161100
2024-10-21,6.599999904632568,6.630000114440918,6.559999942779541,6.610000133514404,6.610000133514404,1720500
2024-10-22,6.53000020980835,6.590000152587891,6.53000020980835,6.590000152587891,6.590000152587891,2466800
2024-10-23,6.590000152587891,6.610000133514404,6.570000171661377,6.610000133514404,6.610000133514404,2471800
2024-10-24,6.590000152587891,6.610000133514404,6.559999942779541,6.590000152587891,6.590000152587891,2323600
2024-10-25,6.590000152587891,6.590000152587891,6.539999961853027,6.559999942779541,6.559999942779541,2871600
2024-10-28,6.699999809265137,6.769999980926514,6.690000057220459,6.75,6.75,1983500
2024-10-29,6.739999771118164,6.75,6.690000057220459,6.739999771118164,6.739999771118164,2663000
2024-10-30,6.75,6.78000020980835,6.659999847412109,6.679999828338623,6.679999828338623,2293900
2024-10-31,6.599999904632568,6.599999904632568,6.46999979019165,6.480000019073486,6.480000019073486,2195700
2024-11-01,6.53000020980835,6.559999942779541,6.480000019073486,6.5,6.5,1651000
2024-11-04,6.420000076293945,6.449999809265137,6.380000114440918,6.429999828338623,6.429999828338623,872600
2024-11-05,6.46999979019165,6.550000190734863,6.449999809265137,6.519999980926514,6.519999980926514,1508000
