Date,Open,High,Low,Close,Adj Close,Volume
2015-11-11,17.049999237060547,17.899999618530273,16.0,16.0,16.0,1364100
2015-11-12,15.800000190734863,16.329999923706055,15.789999961853027,16.0,16.0,90600
2015-11-13,16.0,16.030000686645508,15.100000381469727,15.899999618530273,15.899999618530273,62000
2015-11-16,16.0,16.079999923706055,15.890000343322754,15.890000343322754,15.890000343322754,7900
2015-11-17,16.0,16.139999389648438,15.899999618530273,15.899999618530273,15.899999618530273,49800
2015-11-18,16.0,16.0,15.800000190734863,15.890000343322754,15.890000343322754,26200
2015-11-19,15.890000343322754,15.979999542236328,15.510000228881836,15.789999961853027,15.789999961853027,48700
2015-11-20,15.520000457763672,16.0,15.449999809265137,16.0,16.0,25000
2015-11-23,16.0,16.5,15.649999618530273,16.0,16.0,49000
2015-11-24,15.979999542236328,16.0,15.899999618530273,16.0,16.0,11700
2015-11-25,16.0,17.0,15.600000381469727,16.079999923706055,16.079999923706055,26200
2015-11-27,15.9399995803833,16.1299991607666,15.880000114440918,16.09000015258789,16.09000015258789,18100
2015-11-30,16.079999923706055,16.469999313354492,15.819999694824219,16.25,16.25,94600
2015-12-01,16.350000381469727,16.5,16.1299991607666,16.489999771118164,16.489999771118164,32800
2015-12-02,17.0,17.209999084472656,16.600000381469727,16.8700008392334,16.8700008392334,14500
2015-12-03,16.600000381469727,17.149999618530273,16.1200008392334,16.75,16.75,108800
2015-12-04,16.100000381469727,17.15999984741211,16.100000381469727,16.399999618530273,16.399999618530273,120900
2015-12-07,13.15999984741211,16.0,11.520000457763672,14.140000343322754,14.140000343322754,104800
2015-12-08,14.199999809265137,15.399999618530273,14.0,14.220000267028809,14.220000267028809,124400
2015-12-09,14.220000267028809,14.850000381469727,12.800000190734863,14.15999984741211,14.15999984741211,108800
2015-12-10,14.15999984741211,14.59000015258789,13.25,14.279999732971191,14.279999732971191,45800
2015-12-11,13.75,14.520000457763672,13.029999732971191,13.789999961853027,13.789999961853027,65900
2015-12-14,13.710000038146973,14.960000038146973,12.460000038146973,13.079999923706055,13.079999923706055,114900
2015-12-15,12.880000114440918,14.4399995803833,12.640000343322754,13.510000228881836,13.510000228881836,36800
2015-12-16,13.9399995803833,14.260000228881836,12.770000457763672,13.789999961853027,13.789999961853027,44800
2015-12-17,13.699999809265137,16.420000076293945,13.699999809265137,16.049999237060547,16.049999237060547,45800
2015-12-18,15.979999542236328,16.799999237060547,14.600000381469727,15.319999694824219,15.319999694824219,193800
2015-12-21,15.609999656677246,17.850000381469727,15.489999771118164,17.309999465942383,17.309999465942383,67200
2015-12-22,17.610000610351562,21.0,17.010000228881836,19.579999923706055,19.579999923706055,93700
2015-12-23,19.469999313354492,19.5,17.040000915527344,17.690000534057617,17.690000534057617,76300
2015-12-24,17.5,17.5,15.319999694824219,16.389999389648438,16.389999389648438,38700
2015-12-28,16.280000686645508,17.5,15.529999732971191,15.59000015258789,15.59000015258789,95200
2015-12-29,15.59000015258789,16.43000030517578,14.3100004196167,14.649999618530273,14.649999618530273,49900
2015-12-30,14.800000190734863,15.699999809265137,14.569999694824219,15.020000457763672,15.020000457763672,16900
2015-12-31,14.90999984741211,16.75,14.869999885559082,15.949999809265137,15.949999809265137,58100
2016-01-04,15.800000190734863,15.949999809265137,14.6899995803833,15.069999694824219,15.069999694824219,39600
2016-01-05,15.100000381469727,15.140000343322754,14.0,14.579999923706055,14.579999923706055,24000
2016-01-06,14.579999923706055,15.390000343322754,14.0,14.170000076293945,14.170000076293945,21900
2016-01-07,14.210000038146973,14.510000228881836,14.0600004196167,14.0600004196167,14.0600004196167,14900
2016-01-08,14.050000190734863,14.90999984741211,12.880000114440918,13.199999809265137,13.199999809265137,50900
2016-01-11,13.569999694824219,14.84000015258789,13.1899995803833,13.359999656677246,13.359999656677246,24800
2016-01-12,13.5600004196167,13.899999618530273,12.3100004196167,13.229999542236328,13.229999542236328,30200
2016-01-13,13.100000381469727,14.3100004196167,13.039999961853027,13.25,13.25,27100
2016-01-14,14.479999542236328,14.479999542236328,12.899999618530273,13.100000381469727,13.100000381469727,30000
2016-01-15,12.979999542236328,14.350000381469727,12.670000076293945,13.979999542236328,13.979999542236328,38000
2016-01-19,14.210000038146973,15.770000457763672,14.029999732971191,15.3100004196167,15.3100004196167,9800
2016-01-20,15.170000076293945,16.329999923706055,14.59000015258789,15.920000076293945,15.920000076293945,37400
2016-01-21,15.460000038146973,16.68000030517578,15.0,15.199999809265137,15.199999809265137,27200
2016-01-22,15.479999542236328,16.399999618530273,15.0600004196167,15.210000038146973,15.210000038146973,9600
2016-01-25,15.199999809265137,15.399999618530273,14.270000457763672,14.270000457763672,14.270000457763672,13200
2016-01-26,13.399999618530273,14.300000190734863,13.0,13.470000267028809,13.470000267028809,8500
2016-01-27,13.0,13.220000267028809,12.010000228881836,13.220000267028809,13.220000267028809,13400
2016-01-28,14.399999618530273,14.399999618530273,13.369999885559082,13.770000457763672,13.770000457763672,2300
2016-01-29,14.350000381469727,14.970000267028809,13.529999732971191,13.529999732971191,13.529999732971191,4400
2016-02-01,13.369999885559082,13.460000038146973,12.75,12.960000038146973,12.960000038146973,17700
2016-02-02,13.149999618530273,13.25,12.75,12.75,12.75,13100
2016-02-03,13.100000381469727,13.100000381469727,12.039999961853027,12.59000015258789,12.59000015258789,6900
2016-02-04,12.850000381469727,13.149999618530273,12.239999771118164,12.75,12.75,8700
2016-02-05,12.899999618530273,12.899999618530273,12.59000015258789,12.59000015258789,12.59000015258789,2000
2016-02-08,12.3100004196167,12.3100004196167,11.039999961853027,11.039999961853027,11.039999961853027,3900
2016-02-09,11.199999809265137,11.800000190734863,11.100000381469727,11.109999656677246,11.109999656677246,3800
2016-02-10,9.800000190734863,10.5,9.59000015258789,9.720000267028809,9.720000267028809,2800
2016-02-11,8.960000038146973,10.100000381469727,8.960000038146973,10.079999923706055,10.079999923706055,1200
2016-02-12,10.0,10.270000457763672,8.949999809265137,9.960000038146973,9.960000038146973,41300
2016-02-16,10.0,10.489999771118164,9.399999618530273,9.600000381469727,9.600000381469727,8500
2016-02-17,9.729999542236328,10.529999732971191,9.180000305175781,10.119999885559082,10.119999885559082,23800
2016-02-18,16.56999969482422,16.56999969482422,11.539999961853027,13.289999961853027,13.289999961853027,14600
2016-02-19,13.109999656677246,14.300000190734863,13.109999656677246,13.59000015258789,13.59000015258789,5300
2016-02-22,14.59000015258789,14.59000015258789,13.760000228881836,14.289999961853027,14.289999961853027,13900
2016-02-23,13.010000228881836,15.479999542236328,12.8100004196167,15.479999542236328,15.479999542236328,6800
2016-02-24,15.220000267028809,15.220000267028809,13.449999809265137,14.180000305175781,14.180000305175781,15100
2016-02-25,12.960000038146973,14.800000190734863,12.880000114440918,14.699999809265137,14.699999809265137,5600
2016-02-26,13.010000228881836,14.989999771118164,13.010000228881836,14.800000190734863,14.800000190734863,7200
2016-02-29,14.8100004196167,15.229999542236328,14.8100004196167,15.050000190734863,15.050000190734863,1400
2016-03-01,15.0600004196167,15.359999656677246,13.569999694824219,14.100000381469727,14.100000381469727,27500
2016-03-02,14.0,15.609999656677246,13.899999618530273,14.819999694824219,14.819999694824219,12800
2016-03-03,15.420000076293945,15.5,15.279999732971191,15.300000190734863,15.300000190734863,1500
2016-03-04,15.5,15.5,15.029999732971191,15.119999885559082,15.119999885559082,6700
2016-03-07,15.149999618530273,15.25,14.6899995803833,14.739999771118164,14.739999771118164,10100
2016-03-08,14.300000190734863,15.390000343322754,13.880000114440918,14.109999656677246,14.109999656677246,18200
2016-03-09,14.359999656677246,14.710000038146973,13.5600004196167,14.149999618530273,14.149999618530273,7700
2016-03-10,14.5,15.720000267028809,14.0,14.699999809265137,14.699999809265137,13700
2016-03-11,14.6899995803833,15.130000114440918,13.579999923706055,14.270000457763672,14.270000457763672,10400
2016-03-14,14.09000015258789,17.43000030517578,13.920000076293945,16.950000762939453,16.950000762939453,26000
2016-03-15,16.809999465942383,19.950000762939453,15.59000015258789,19.450000762939453,19.450000762939453,32300
2016-03-16,20.15999984741211,21.489999771118164,18.75,19.799999237060547,19.799999237060547,80300
2016-03-17,20.0,20.68000030517578,17.440000534057617,18.969999313354492,18.969999313354492,28700
2016-03-18,17.600000381469727,19.170000076293945,14.460000038146973,14.59000015258789,14.59000015258789,56700
2016-03-21,14.470000267028809,15.470000267028809,13.40999984741211,13.9399995803833,13.9399995803833,30600
2016-03-22,14.899999618530273,15.800000190734863,12.899999618530273,13.949999809265137,13.949999809265137,44000
2016-03-23,14.0600004196167,14.479999542236328,13.989999771118164,14.0,14.0,9500
2016-03-24,15.100000381469727,15.199999809265137,13.899999618530273,14.510000228881836,14.510000228881836,73500
2016-03-28,14.5,15.180000305175781,14.029999732971191,14.489999771118164,14.489999771118164,7700
2016-03-29,14.5,15.5,14.25,14.329999923706055,14.329999923706055,14900
2016-03-30,14.460000038146973,14.779999732971191,14.119999885559082,14.350000381469727,14.350000381469727,6000
2016-03-31,14.199999809265137,14.34000015258789,12.9399995803833,13.880000114440918,13.880000114440918,32300
2016-04-01,13.800000190734863,14.279999732971191,12.859999656677246,13.699999809265137,13.699999809265137,34100
2016-04-04,13.630000114440918,14.470000267028809,13.369999885559082,13.720000267028809,13.720000267028809,18300
2016-04-05,13.979999542236328,13.979999542236328,12.270000457763672,12.5600004196167,12.5600004196167,30300
2016-04-06,12.800000190734863,13.699999809265137,12.609999656677246,13.130000114440918,13.130000114440918,55600
2016-04-07,13.020000457763672,13.289999961853027,12.890000343322754,12.970000267028809,12.970000267028809,31100
2016-04-08,13.210000038146973,13.3100004196167,12.970000267028809,13.029999732971191,13.029999732971191,14700
2016-04-11,12.600000381469727,13.170000076293945,12.600000381469727,12.979999542236328,12.979999542236328,14700
2016-04-12,12.899999618530273,13.109999656677246,12.449999809265137,12.760000228881836,12.760000228881836,56300
2016-04-13,13.199999809265137,13.199999809265137,12.4399995803833,12.960000038146973,12.960000038146973,55000
2016-04-14,12.779999732971191,13.979999542236328,11.989999771118164,12.65999984741211,12.65999984741211,15800
2016-04-15,12.800000190734863,13.390000343322754,12.449999809265137,12.869999885559082,12.869999885559082,29100
2016-04-18,13.300000190734863,13.300000190734863,12.430000305175781,12.609999656677246,12.609999656677246,8700
2016-04-19,12.84000015258789,13.199999809265137,12.760000228881836,13.180000305175781,13.180000305175781,84400
2016-04-20,12.649999618530273,13.300000190734863,12.649999618530273,13.25,13.25,25000
2016-04-21,13.350000381469727,14.130000114440918,13.0,14.069999694824219,14.069999694824219,30200
2016-04-22,13.90999984741211,14.199999809265137,13.470000267028809,13.520000457763672,13.520000457763672,26900
2016-04-25,13.550000190734863,14.050000190734863,12.989999771118164,13.850000381469727,13.850000381469727,37300
2016-04-26,13.739999771118164,14.100000381469727,13.600000381469727,13.850000381469727,13.850000381469727,41300
2016-04-27,13.800000190734863,13.819999694824219,13.369999885559082,13.59000015258789,13.59000015258789,15000
2016-04-28,13.460000038146973,13.869999885559082,12.949999809265137,13.399999618530273,13.399999618530273,42300
2016-04-29,13.25,13.960000038146973,12.039999961853027,13.520000457763672,13.520000457763672,28800
2016-05-02,13.40999984741211,14.550000190734863,13.210000038146973,14.210000038146973,14.210000038146973,63300
2016-05-03,14.0,14.899999618530273,13.979999542236328,14.600000381469727,14.600000381469727,21000
2016-05-04,14.479999542236328,14.6899995803833,14.399999618530273,14.630000114440918,14.630000114440918,4800
2016-05-05,15.199999809265137,16.0,14.970000267028809,15.279999732971191,15.279999732971191,93100
2016-05-06,15.59000015258789,15.989999771118164,14.9399995803833,15.199999809265137,15.199999809265137,76500
2016-05-09,15.970000267028809,16.0,15.1899995803833,15.479999542236328,15.479999542236328,153500
2016-05-10,15.449999809265137,15.800000190734863,15.0,15.5,15.5,136700
2016-05-11,15.630000114440918,15.649999618530273,14.899999618530273,15.649999618530273,15.649999618530273,21900
2016-05-12,15.550000190734863,15.600000381469727,15.270000457763672,15.329999923706055,15.329999923706055,20200
2016-05-13,15.569999694824219,15.569999694824219,14.670000076293945,15.119999885559082,15.119999885559082,26700
2016-05-16,15.359999656677246,15.359999656677246,14.279999732971191,14.739999771118164,14.739999771118164,17300
2016-05-17,14.819999694824219,15.170000076293945,14.710000038146973,14.710000038146973,14.710000038146973,85800
2016-05-18,14.399999618530273,15.5,14.329999923706055,15.5,15.5,21400
2016-05-19,15.460000038146973,15.470000267028809,14.880000114440918,15.329999923706055,15.329999923706055,20900
2016-05-20,15.380000114440918,15.949999809265137,15.050000190734863,15.640000343322754,15.640000343322754,16800
2016-05-23,15.569999694824219,16.610000610351562,15.569999694824219,16.299999237060547,16.299999237060547,42600
2016-05-24,16.770000457763672,16.770000457763672,16.030000686645508,16.25,16.25,17100
2016-05-25,15.989999771118164,16.5,15.880000114440918,16.280000686645508,16.280000686645508,20600
2016-05-26,17.59000015258789,17.59000015258789,14.789999961853027,15.079999923706055,15.079999923706055,302100
2016-05-27,16.709999084472656,16.709999084472656,15.09000015258789,15.529999732971191,15.529999732971191,17900
2016-05-31,15.550000190734863,16.010000228881836,15.270000457763672,15.90999984741211,15.90999984741211,22300
2016-06-01,16.690000534057617,16.690000534057617,15.899999618530273,16.270000457763672,16.270000457763672,54400
2016-06-02,16.43000030517578,16.600000381469727,16.010000228881836,16.209999084472656,16.209999084472656,46800
2016-06-03,16.290000915527344,16.290000915527344,15.25,15.899999618530273,15.899999618530273,31100
2016-06-06,16.600000381469727,16.610000610351562,15.350000381469727,15.579999923706055,15.579999923706055,56100
2016-06-07,15.34000015258789,15.890000343322754,14.460000038146973,15.25,15.25,65800
2016-06-08,14.899999618530273,15.880000114440918,14.789999961853027,15.699999809265137,15.699999809265137,60800
2016-06-09,15.720000267028809,15.720000267028809,15.199999809265137,15.40999984741211,15.40999984741211,31700
2016-06-10,15.380000114440918,16.459999084472656,15.050000190734863,16.040000915527344,16.040000915527344,48500
2016-06-13,16.0,16.0,15.140000343322754,15.630000114440918,15.630000114440918,57700
2016-06-14,15.890000343322754,16.149999618530273,15.5,16.1299991607666,16.1299991607666,30700
2016-06-15,16.260000228881836,17.610000610351562,16.149999618530273,17.110000610351562,17.110000610351562,101700
2016-06-16,17.0,19.459999084472656,16.899999618530273,18.790000915527344,18.790000915527344,219400
2016-06-17,18.399999618530273,19.709999084472656,18.399999618530273,19.329999923706055,19.329999923706055,67600
2016-06-20,19.93000030517578,23.059999465942383,19.34000015258789,20.5,20.5,112600
2016-06-21,20.81999969482422,21.09000015258789,19.360000610351562,20.280000686645508,20.280000686645508,98100
2016-06-22,19.799999237060547,21.149999618530273,19.079999923706055,20.020000457763672,20.020000457763672,115000
2016-06-23,20.190000534057617,21.530000686645508,19.81999969482422,20.729999542236328,20.729999542236328,99700
2016-06-24,20.75,20.75,18.549999237060547,20.25,20.25,836700
2016-06-27,20.649999618530273,20.649999618530273,19.0,20.010000228881836,20.010000228881836,84200
2016-06-28,20.690000534057617,20.690000534057617,19.850000381469727,20.149999618530273,20.149999618530273,92900
2016-06-29,19.770000457763672,20.479999542236328,19.459999084472656,20.469999313354492,20.469999313354492,37600
2016-06-30,20.350000381469727,20.799999237060547,20.0,20.690000534057617,20.690000534057617,37100
2016-07-01,20.549999237060547,21.1299991607666,19.200000762939453,19.940000534057617,19.940000534057617,47400
2016-07-05,19.780000686645508,20.459999084472656,19.770000457763672,20.329999923706055,20.329999923706055,46300
2016-07-06,20.5,20.559999465942383,19.889999389648438,20.489999771118164,20.489999771118164,23400
2016-07-07,20.56999969482422,22.489999771118164,20.56999969482422,21.200000762939453,21.200000762939453,65700
2016-07-08,21.309999465942383,22.950000762939453,21.260000228881836,22.469999313354492,22.469999313354492,64200
2016-07-11,22.399999618530273,22.399999618530273,21.09000015258789,21.690000534057617,21.690000534057617,36700
2016-07-12,21.969999313354492,23.209999084472656,21.969999313354492,23.0,23.0,32900
2016-07-13,23.219999313354492,23.219999313354492,22.219999313354492,22.469999313354492,22.469999313354492,40100
2016-07-14,22.799999237060547,22.799999237060547,21.90999984741211,22.1299991607666,22.1299991607666,15300
2016-07-15,22.299999237060547,22.889999389648438,21.469999313354492,22.8799991607666,22.8799991607666,31600
2016-07-18,22.889999389648438,27.18000030517578,22.889999389648438,26.6299991607666,26.6299991607666,103400
2016-07-19,26.420000076293945,26.420000076293945,23.0,23.450000762939453,23.450000762939453,140400
2016-07-20,23.649999618530273,23.649999618530273,20.81999969482422,22.600000381469727,22.600000381469727,73200
2016-07-21,22.6299991607666,22.6299991607666,21.579999923706055,21.940000534057617,21.940000534057617,51300
2016-07-22,21.90999984741211,21.90999984741211,21.0,21.100000381469727,21.100000381469727,21000
2016-07-25,21.0,21.25,19.5,19.600000381469727,19.600000381469727,58300
2016-07-26,19.5,19.8799991607666,19.0,19.8700008392334,19.8700008392334,47300
2016-07-27,19.940000534057617,20.40999984741211,19.200000762939453,19.84000015258789,19.84000015258789,39900
2016-07-28,19.989999771118164,20.079999923706055,19.170000076293945,19.170000076293945,19.170000076293945,22200
2016-07-29,19.170000076293945,19.690000534057617,18.450000762939453,19.309999465942383,19.309999465942383,17600
2016-08-01,19.579999923706055,20.110000610351562,18.350000381469727,18.360000610351562,18.360000610351562,18900
2016-08-02,18.40999984741211,18.850000381469727,17.639999389648438,18.239999771118164,18.239999771118164,19600
2016-08-03,19.059999465942383,19.059999465942383,17.40999984741211,18.09000015258789,18.09000015258789,41900
2016-08-04,18.40999984741211,18.84000015258789,18.40999984741211,18.559999465942383,18.559999465942383,8200
2016-08-05,18.850000381469727,19.329999923706055,18.850000381469727,19.25,19.25,8500
2016-08-08,19.440000534057617,19.709999084472656,19.110000610351562,19.489999771118164,19.489999771118164,25300
2016-08-09,19.65999984741211,19.709999084472656,19.399999618530273,19.6299991607666,19.6299991607666,4500
2016-08-10,19.739999771118164,19.969999313354492,19.0,19.34000015258789,19.34000015258789,10700
2016-08-11,19.040000915527344,19.799999237060547,19.040000915527344,19.739999771118164,19.739999771118164,8900
2016-08-12,20.270000457763672,20.43000030517578,19.610000610351562,19.760000228881836,19.760000228881836,14900
2016-08-15,20.209999084472656,20.639999389648438,20.110000610351562,20.56999969482422,20.56999969482422,17900
2016-08-16,20.360000610351562,21.31999969482422,20.360000610351562,20.889999389648438,20.889999389648438,37400
2016-08-17,21.280000686645508,22.06999969482422,20.719999313354492,21.8700008392334,21.8700008392334,88900
2016-08-18,22.049999237060547,22.610000610351562,20.3700008392334,22.59000015258789,22.59000015258789,55300
2016-08-19,22.610000610351562,22.93000030517578,21.899999618530273,22.43000030517578,22.43000030517578,47000
2016-08-22,22.3799991607666,22.389999389648438,21.549999237060547,22.3700008392334,22.3700008392334,24200
2016-08-23,21.760000228881836,23.170000076293945,21.760000228881836,22.969999313354492,22.969999313354492,22800
2016-08-24,22.899999618530273,23.6299991607666,22.899999618530273,23.600000381469727,23.600000381469727,22800
2016-08-25,23.600000381469727,24.809999465942383,23.600000381469727,24.200000762939453,24.200000762939453,30600
2016-08-26,24.139999389648438,25.0,24.059999465942383,24.549999237060547,24.549999237060547,44100
2016-08-29,25.0,25.0,23.889999389648438,24.90999984741211,24.90999984741211,17200
2016-08-30,25.0,25.5,24.639999389648438,25.049999237060547,25.049999237060547,135200
2016-08-31,25.229999542236328,25.229999542236328,23.649999618530273,24.940000534057617,24.940000534057617,40500
2016-09-01,24.059999465942383,24.989999771118164,22.649999618530273,23.280000686645508,23.280000686645508,50700
2016-09-02,23.850000381469727,24.989999771118164,23.469999313354492,24.989999771118164,24.989999771118164,13700
2016-09-06,25.0,25.68000030517578,24.360000610351562,25.100000381469727,25.100000381469727,38200
2016-09-07,25.0,26.440000534057617,24.260000228881836,26.239999771118164,26.239999771118164,140300
2016-09-08,26.079999923706055,26.610000610351562,25.100000381469727,26.0,26.0,47600
2016-09-09,26.049999237060547,26.729999542236328,25.65999984741211,25.899999618530273,25.899999618530273,59400
2016-09-12,25.829999923706055,26.790000915527344,25.299999237060547,25.670000076293945,25.670000076293945,61200
2016-09-13,25.6299991607666,26.09000015258789,24.25,24.719999313354492,24.719999313354492,26300
2016-09-14,24.989999771118164,25.68000030517578,24.25,25.079999923706055,25.079999923706055,60000
2016-09-15,25.299999237060547,26.209999084472656,24.959999084472656,25.469999313354492,25.469999313354492,52500
2016-09-16,25.5,26.399999618530273,25.280000686645508,25.700000762939453,25.700000762939453,125000
2016-09-19,25.940000534057617,27.020000457763672,25.34000015258789,26.100000381469727,26.100000381469727,176600
2016-09-20,26.40999984741211,28.329999923706055,26.059999465942383,27.219999313354492,27.219999313354492,105700
2016-09-21,27.440000534057617,29.510000228881836,27.209999084472656,29.270000457763672,29.270000457763672,85600
2016-09-22,29.649999618530273,34.22999954223633,29.25,33.61000061035156,33.61000061035156,205200
2016-09-23,33.439998626708984,34.900001525878906,31.209999084472656,34.31999969482422,34.31999969482422,113900
2016-09-26,34.779998779296875,37.29999923706055,33.130001068115234,33.310001373291016,33.310001373291016,209200
2016-09-27,33.630001068115234,34.02000045776367,30.6299991607666,31.959999084472656,31.959999084472656,57300
2016-09-28,32.22999954223633,32.97999954223633,30.540000915527344,32.16999816894531,32.16999816894531,42900
2016-09-29,37.0,37.0,31.610000610351562,32.16999816894531,32.16999816894531,206700
2016-09-30,32.849998474121094,33.0,32.0099983215332,32.470001220703125,32.470001220703125,73100
2016-10-03,32.08000183105469,32.47999954223633,30.469999313354492,31.170000076293945,31.170000076293945,66400
2016-10-04,30.639999389648438,32.209999084472656,30.510000228881836,31.549999237060547,31.549999237060547,54800
2016-10-05,31.989999771118164,33.61000061035156,29.989999771118164,32.91999816894531,32.91999816894531,265600
2016-10-06,33.2400016784668,33.369998931884766,26.65999984741211,29.639999389648438,29.639999389648438,326200
2016-10-07,29.530000686645508,30.700000762939453,29.530000686645508,30.270000457763672,30.270000457763672,85100
2016-10-10,30.3700008392334,32.040000915527344,30.3700008392334,31.43000030517578,31.43000030517578,73500
2016-10-11,31.170000076293945,31.219999313354492,30.219999313354492,30.600000381469727,30.600000381469727,34900
2016-10-12,30.510000228881836,30.920000076293945,29.530000686645508,29.81999969482422,29.81999969482422,105700
2016-10-13,29.75,29.979999542236328,28.459999084472656,28.56999969482422,28.56999969482422,121700
2016-10-14,28.520000457763672,28.889999389648438,27.940000534057617,28.770000457763672,28.770000457763672,90800
2016-10-17,28.799999237060547,29.3799991607666,28.420000076293945,29.049999237060547,29.049999237060547,87100
2016-10-18,29.309999465942383,29.899999618530273,28.649999618530273,29.559999465942383,29.559999465942383,52000
2016-10-19,29.450000762939453,30.549999237060547,28.450000762939453,30.030000686645508,30.030000686645508,44500
2016-10-20,30.1299991607666,30.8799991607666,30.1299991607666,30.229999542236328,30.229999542236328,21800
2016-10-21,29.989999771118164,30.299999237060547,29.780000686645508,30.139999389648438,30.139999389648438,16300
2016-10-24,30.649999618530273,31.299999237060547,30.049999237060547,30.850000381469727,30.850000381469727,18900
2016-10-25,30.729999542236328,31.0,30.049999237060547,30.700000762939453,30.700000762939453,41200
2016-10-26,30.5,31.950000762939453,30.5,31.25,31.25,142100
2016-10-27,31.299999237060547,31.649999618530273,30.549999237060547,31.200000762939453,31.200000762939453,47200
2016-10-28,30.649999618530273,31.350000381469727,30.450000762939453,31.350000381469727,31.350000381469727,27900
2016-10-31,31.5,32.150001525878906,30.850000381469727,31.850000381469727,31.850000381469727,74100
2016-11-01,31.799999237060547,32.150001525878906,31.549999237060547,31.899999618530273,31.899999618530273,49600
2016-11-02,32.04999923706055,32.95000076293945,31.549999237060547,32.5,32.5,43300
2016-11-03,32.5,32.88999938964844,32.0,32.349998474121094,32.349998474121094,52900
2016-11-04,32.45000076293945,34.45000076293945,32.349998474121094,34.04999923706055,34.04999923706055,33100
2016-11-07,34.70000076293945,35.95000076293945,33.45000076293945,33.849998474121094,33.849998474121094,51100
2016-11-08,33.900001525878906,33.900001525878906,31.149999618530273,31.600000381469727,31.600000381469727,50600
2016-11-09,31.799999237060547,37.29999923706055,31.799999237060547,36.45000076293945,36.45000076293945,173200
2016-11-10,36.849998474121094,38.5,35.349998474121094,36.41999816894531,36.41999816894531,72600
2016-11-11,36.79999923706055,37.029998779296875,33.400001525878906,36.5,36.5,109100
2016-11-14,37.099998474121094,37.900001525878906,36.849998474121094,37.349998474121094,37.349998474121094,79800
2016-11-15,37.099998474121094,38.099998474121094,35.0,37.900001525878906,37.900001525878906,83900
2016-11-16,37.79999923706055,38.290000915527344,36.0,36.599998474121094,36.599998474121094,46600
2016-11-17,36.54999923706055,38.70000076293945,35.20000076293945,37.75,37.75,98400
2016-11-18,37.849998474121094,38.5,36.900001525878906,37.95000076293945,37.95000076293945,30100
2016-11-21,38.04999923706055,38.349998474121094,36.75,37.95000076293945,37.95000076293945,17900
2016-11-22,37.95000076293945,38.099998474121094,36.54999923706055,37.54999923706055,37.54999923706055,38900
2016-11-23,37.150001525878906,39.150001525878906,36.900001525878906,38.900001525878906,38.900001525878906,34300
2016-11-25,39.20000076293945,40.150001525878906,38.95000076293945,39.54999923706055,39.54999923706055,39200
2016-11-28,39.54999923706055,39.79999923706055,37.599998474121094,37.75,37.75,48000
2016-11-29,37.20000076293945,37.599998474121094,35.849998474121094,37.150001525878906,37.150001525878906,46000
2016-11-30,37.20000076293945,37.20000076293945,35.0,35.599998474121094,35.599998474121094,108400
2016-12-01,35.650001525878906,36.349998474121094,35.599998474121094,35.79999923706055,35.79999923706055,40800
2016-12-02,35.099998474121094,37.41999816894531,35.099998474121094,35.849998474121094,35.849998474121094,42000
2016-12-05,36.0,36.90999984741211,35.880001068115234,36.20000076293945,36.20000076293945,41700
2016-12-06,36.25,37.099998474121094,35.70000076293945,37.0,37.0,32100
2016-12-07,36.75,36.75,34.150001525878906,34.29999923706055,34.29999923706055,44900
2016-12-08,34.099998474121094,34.279998779296875,32.79999923706055,33.70000076293945,33.70000076293945,64200
2016-12-09,33.75,34.599998474121094,31.899999618530273,33.25,33.25,45400
2016-12-12,33.099998474121094,33.099998474121094,31.850000381469727,32.04999923706055,32.04999923706055,39700
2016-12-13,32.25,32.45000076293945,31.25,31.75,31.75,16900
2016-12-14,30.100000381469727,31.149999618530273,29.450000762939453,29.600000381469727,29.600000381469727,61700
2016-12-15,29.850000381469727,30.100000381469727,29.25,29.549999237060547,29.549999237060547,95400
2016-12-16,29.5,29.950000762939453,28.100000381469727,29.200000762939453,29.200000762939453,99700
2016-12-19,28.950000762939453,29.239999771118164,27.25,28.600000381469727,28.600000381469727,41800
2016-12-20,28.700000762939453,29.100000381469727,28.049999237060547,28.600000381469727,28.600000381469727,55800
2016-12-21,28.350000381469727,29.149999618530273,28.299999237060547,28.850000381469727,28.850000381469727,23600
2016-12-22,28.649999618530273,29.440000534057617,27.049999237060547,27.200000762939453,27.200000762939453,37900
2016-12-23,27.049999237060547,28.799999237060547,26.850000381469727,28.75,28.75,14500
2016-12-27,28.75,29.350000381469727,28.399999618530273,29.149999618530273,29.149999618530273,12700
2016-12-28,29.739999771118164,29.739999771118164,27.600000381469727,27.899999618530273,27.899999618530273,22500
2016-12-29,27.899999618530273,28.100000381469727,27.0,27.299999237060547,27.299999237060547,39400
2016-12-30,27.299999237060547,27.299999237060547,25.649999618530273,26.149999618530273,26.149999618530273,60700
2017-01-03,26.549999237060547,26.649999618530273,25.899999618530273,26.200000762939453,26.200000762939453,87000
2017-01-04,26.399999618530273,27.899999618530273,26.0,27.799999237060547,27.799999237060547,38400
2017-01-05,27.850000381469727,27.950000762939453,26.229999542236328,27.149999618530273,27.149999618530273,114200
2017-01-06,27.049999237060547,27.450000762939453,26.049999237060547,27.25,27.25,213600
2017-01-09,27.350000381469727,28.079999923706055,26.600000381469727,27.399999618530273,27.399999618530273,127000
2017-01-10,27.549999237060547,27.850000381469727,26.549999237060547,27.649999618530273,27.649999618530273,44900
2017-01-11,27.950000762939453,28.5,26.799999237060547,27.100000381469727,27.100000381469727,73200
2017-01-12,27.0,27.5,26.479999542236328,27.350000381469727,27.350000381469727,27600
2017-01-13,27.600000381469727,28.899999618530273,27.299999237060547,28.049999237060547,28.049999237060547,53300
2017-01-17,27.75,28.0,26.799999237060547,27.5,27.5,42400
2017-01-18,29.690000534057617,29.690000534057617,27.049999237060547,27.75,27.75,36800
2017-01-19,28.350000381469727,28.350000381469727,26.600000381469727,27.299999237060547,27.299999237060547,50700
2017-01-20,27.399999618530273,27.549999237060547,26.649999618530273,27.350000381469727,27.350000381469727,56300
2017-01-23,27.799999237060547,28.0,26.799999237060547,27.5,27.5,46800
2017-01-24,27.649999618530273,28.850000381469727,27.399999618530273,28.600000381469727,28.600000381469727,53100
2017-01-25,28.850000381469727,29.299999237060547,28.6299991607666,29.049999237060547,29.049999237060547,20900
2017-01-26,29.350000381469727,29.75,28.799999237060547,29.149999618530273,29.149999618530273,51000
2017-01-27,29.549999237060547,30.700000762939453,29.049999237060547,30.149999618530273,30.149999618530273,28700
2017-01-30,30.299999237060547,30.549999237060547,28.5,28.950000762939453,28.950000762939453,46800
2017-01-31,28.6299991607666,29.049999237060547,27.700000762939453,28.75,28.75,68400
2017-02-01,29.399999618530273,29.850000381469727,28.350000381469727,28.799999237060547,28.799999237060547,46600
2017-02-02,28.5,28.549999237060547,27.5,27.950000762939453,27.950000762939453,24900
2017-02-03,28.299999237060547,28.450000762939453,27.200000762939453,28.399999618530273,28.399999618530273,51700
2017-02-06,28.399999618530273,29.149999618530273,28.100000381469727,28.850000381469727,28.850000381469727,53300
2017-02-07,29.049999237060547,29.649999618530273,28.549999237060547,29.049999237060547,29.049999237060547,48300
2017-02-08,28.75,29.0,28.25,28.600000381469727,28.600000381469727,44100
2017-02-09,29.1299991607666,29.200000762939453,28.200000762939453,29.200000762939453,29.200000762939453,37700
2017-02-10,29.149999618530273,31.200000762939453,29.149999618530273,30.049999237060547,30.049999237060547,45700
2017-02-13,30.100000381469727,30.149999618530273,29.549999237060547,30.049999237060547,30.049999237060547,52000
2017-02-14,29.700000762939453,29.700000762939453,28.299999237060547,29.5,29.5,29700
2017-02-15,30.049999237060547,30.399999618530273,29.450000762939453,30.25,30.25,65300
2017-02-16,30.149999618530273,30.850000381469727,29.549999237060547,30.0,30.0,47300
2017-02-17,30.0,30.0,29.600000381469727,30.0,30.0,23400
2017-02-21,29.899999618530273,30.600000381469727,29.75,29.850000381469727,29.850000381469727,21700
2017-02-22,29.600000381469727,29.75,27.850000381469727,28.100000381469727,28.100000381469727,132000
2017-02-23,28.600000381469727,28.600000381469727,27.799999237060547,27.950000762939453,27.950000762939453,23800
2017-02-24,27.799999237060547,28.299999237060547,27.399999618530273,28.049999237060547,28.049999237060547,40500
2017-02-27,27.899999618530273,31.25,27.899999618530273,30.700000762939453,30.700000762939453,43800
2017-02-28,30.450000762939453,30.5,29.899999618530273,30.100000381469727,30.100000381469727,36200
2017-03-01,30.299999237060547,31.25,29.899999618530273,30.600000381469727,30.600000381469727,101100
2017-03-02,30.399999618530273,30.399999618530273,27.799999237060547,28.25,28.25,66700
2017-03-03,27.850000381469727,28.5,27.5,27.850000381469727,27.850000381469727,69100
2017-03-06,27.700000762939453,28.600000381469727,26.799999237060547,27.0,27.0,58200
2017-03-07,26.75,27.950000762939453,26.399999618530273,27.0,27.0,62000
2017-03-08,27.100000381469727,27.299999237060547,26.399999618530273,27.0,27.0,52100
2017-03-09,27.299999237060547,27.299999237060547,26.299999237060547,27.0,27.0,51000
2017-03-10,27.200000762939453,27.450000762939453,26.100000381469727,26.350000381469727,26.350000381469727,51700
2017-03-13,26.350000381469727,27.049999237060547,26.200000762939453,26.399999618530273,26.399999618530273,97500
2017-03-14,26.25,26.850000381469727,25.5,26.450000762939453,26.450000762939453,27700
2017-03-15,26.649999618530273,27.200000762939453,26.149999618530273,27.0,27.0,87800
2017-03-16,27.25,27.25,25.950000762939453,26.149999618530273,26.149999618530273,124600
2017-03-17,25.950000762939453,26.700000762939453,25.950000762939453,26.450000762939453,26.450000762939453,142000
2017-03-20,26.399999618530273,26.75,25.899999618530273,26.299999237060547,26.299999237060547,29900
2017-03-21,26.450000762939453,26.56999969482422,25.200000762939453,25.799999237060547,25.799999237060547,74500
2017-03-22,25.700000762939453,26.0,25.149999618530273,25.600000381469727,25.600000381469727,24500
2017-03-23,25.600000381469727,26.100000381469727,25.5,26.0,26.0,14000
2017-03-24,26.0,26.0,25.25,25.350000381469727,25.350000381469727,21100
2017-03-27,25.149999618530273,27.100000381469727,24.979999542236328,26.899999618530273,26.899999618530273,30800
2017-03-28,26.5,27.600000381469727,26.049999237060547,26.75,26.75,43900
2017-03-29,26.850000381469727,26.850000381469727,25.350000381469727,25.649999618530273,25.649999618530273,25000
2017-03-30,25.299999237060547,29.25,25.100000381469727,28.899999618530273,28.899999618530273,64500
2017-03-31,28.75,29.899999618530273,26.75,27.5,27.5,66700
2017-04-03,27.649999618530273,27.850000381469727,27.0,27.100000381469727,27.100000381469727,55100
2017-04-04,26.799999237060547,27.700000762939453,26.799999237060547,27.049999237060547,27.049999237060547,42100
2017-04-05,27.25,27.25,26.25,26.649999618530273,26.649999618530273,62900
2017-04-06,26.600000381469727,26.600000381469727,25.350000381469727,26.049999237060547,26.049999237060547,198000
2017-04-07,26.0,27.700000762939453,26.0,27.0,27.0,20600
2017-04-10,26.950000762939453,27.0,26.43000030517578,26.75,26.75,13500
2017-04-11,26.649999618530273,26.75,26.399999618530273,26.549999237060547,26.549999237060547,10200
2017-04-12,23.899999618530273,23.950000762939453,22.950000762939453,23.149999618530273,23.149999618530273,2119300
2017-04-13,23.200000762939453,23.43000030517578,23.0,23.0,23.0,270600
2017-04-17,23.0,23.329999923706055,22.850000381469727,22.950000762939453,22.950000762939453,160100
2017-04-18,22.850000381469727,23.030000686645508,21.850000381469727,21.950000762939453,21.950000762939453,248000
2017-04-19,22.0,22.600000381469727,21.5,21.649999618530273,21.649999618530273,142200
2017-04-20,21.799999237060547,22.100000381469727,21.5,21.649999618530273,21.649999618530273,150700
2017-04-21,21.549999237060547,21.850000381469727,20.649999618530273,20.75,20.75,384200
2017-04-24,21.0,21.079999923706055,20.100000381469727,20.25,20.25,202100
2017-04-25,20.299999237060547,21.700000762939453,20.25,21.399999618530273,21.399999618530273,136200
2017-04-26,21.299999237060547,21.649999618530273,20.399999618530273,21.299999237060547,21.299999237060547,92300
2017-04-27,21.299999237060547,22.200000762939453,21.100000381469727,22.149999618530273,22.149999618530273,95200
2017-04-28,22.049999237060547,22.149999618530273,21.0,21.100000381469727,21.100000381469727,173300
2017-05-01,21.049999237060547,21.5,20.700000762939453,21.450000762939453,21.450000762939453,51000
2017-05-02,21.549999237060547,22.350000381469727,21.350000381469727,22.350000381469727,22.350000381469727,52800
2017-05-03,22.049999237060547,22.350000381469727,21.280000686645508,21.5,21.5,51500
2017-05-04,21.649999618530273,21.649999618530273,20.899999618530273,21.0,21.0,25300
2017-05-05,21.100000381469727,21.700000762939453,20.709999084472656,21.149999618530273,21.149999618530273,64300
2017-05-08,21.049999237060547,21.299999237060547,20.350000381469727,20.850000381469727,20.850000381469727,71300
2017-05-09,20.899999618530273,20.950000762939453,20.600000381469727,20.850000381469727,20.850000381469727,38500
2017-05-10,20.75,21.25,20.5,20.950000762939453,20.950000762939453,73100
2017-05-11,20.899999618530273,21.75,20.799999237060547,21.399999618530273,21.399999618530273,106700
2017-05-12,21.350000381469727,22.5,21.299999237060547,22.200000762939453,22.200000762939453,44400
2017-05-15,22.450000762939453,22.700000762939453,21.899999618530273,22.5,22.5,58200
2017-05-16,22.5,22.75,22.049999237060547,22.399999618530273,22.399999618530273,51700
2017-05-17,21.850000381469727,22.600000381469727,21.149999618530273,21.200000762939453,21.200000762939453,41000
2017-05-18,21.25,21.43000030517578,20.850000381469727,21.100000381469727,21.100000381469727,21400
2017-05-19,21.100000381469727,21.200000762939453,20.780000686645508,20.850000381469727,20.850000381469727,32800
2017-05-22,21.200000762939453,21.200000762939453,20.600000381469727,20.899999618530273,20.899999618530273,23500
2017-05-23,20.649999618530273,21.100000381469727,20.600000381469727,21.049999237060547,21.049999237060547,24500
2017-05-24,21.229999542236328,21.299999237060547,20.75,20.850000381469727,20.850000381469727,17300
2017-05-25,20.950000762939453,21.049999237060547,19.950000762939453,20.049999237060547,20.049999237060547,26700
2017-05-26,19.649999618530273,20.399999618530273,19.600000381469727,20.149999618530273,20.149999618530273,27600
2017-05-30,20.200000762939453,20.899999618530273,19.549999237060547,19.799999237060547,19.799999237060547,29900
2017-05-31,19.799999237060547,20.5,18.549999237060547,18.899999618530273,18.899999618530273,421900
2017-06-01,18.850000381469727,19.950000762939453,18.850000381469727,19.5,19.5,62100
2017-06-02,19.799999237060547,20.950000762939453,19.049999237060547,20.600000381469727,20.600000381469727,84800
2017-06-05,20.450000762939453,20.549999237060547,19.799999237060547,20.149999618530273,20.149999618530273,68600
2017-06-06,20.100000381469727,20.700000762939453,20.100000381469727,20.450000762939453,20.450000762939453,41900
2017-06-07,20.700000762939453,20.700000762939453,19.950000762939453,20.399999618530273,20.399999618530273,49800
2017-06-08,20.5,20.90999984741211,20.049999237060547,20.25,20.25,45400
2017-06-09,20.200000762939453,20.850000381469727,19.950000762939453,20.399999618530273,20.399999618530273,72800
2017-06-12,20.399999618530273,20.549999237060547,20.25,20.399999618530273,20.399999618530273,55400
2017-06-13,20.399999618530273,20.899999618530273,20.25,20.5,20.5,70400
2017-06-14,20.700000762939453,20.850000381469727,20.100000381469727,20.25,20.25,73300
2017-06-15,20.049999237060547,20.5,19.200000762939453,19.5,19.5,34200
2017-06-16,19.25,21.200000762939453,18.799999237060547,21.0,21.0,124500
2017-06-19,21.0,21.25,19.899999618530273,21.100000381469727,21.100000381469727,87700
2017-06-20,21.100000381469727,21.799999237060547,20.0,20.600000381469727,20.600000381469727,55000
2017-06-21,20.75,21.350000381469727,20.299999237060547,21.0,21.0,92900
2017-06-22,21.049999237060547,21.649999618530273,20.649999618530273,20.75,20.75,66100
2017-06-23,20.850000381469727,21.200000762939453,20.0,20.5,20.5,431400
2017-06-26,20.5,21.399999618530273,20.299999237060547,20.600000381469727,20.600000381469727,70200
2017-06-27,20.850000381469727,21.25,20.350000381469727,20.450000762939453,20.450000762939453,56900
2017-06-28,20.549999237060547,20.549999237060547,19.049999237060547,19.899999618530273,19.899999618530273,114900
2017-06-29,19.850000381469727,19.850000381469727,18.690000534057617,18.899999618530273,18.899999618530273,37600
2017-06-30,18.850000381469727,19.700000762939453,18.5,18.600000381469727,18.600000381469727,68300
2017-07-03,18.700000762939453,18.700000762939453,17.600000381469727,18.399999618530273,18.399999618530273,59000
2017-07-05,18.299999237060547,19.299999237060547,18.149999618530273,19.200000762939453,19.200000762939453,33200
2017-07-06,18.899999618530273,19.0,17.549999237060547,18.200000762939453,18.200000762939453,59200
2017-07-07,18.399999618530273,18.700000762939453,17.93000030517578,18.200000762939453,18.200000762939453,23700
2017-07-10,18.0,18.399999618530273,17.450000762939453,17.649999618530273,17.649999618530273,44700
2017-07-11,17.75,18.75,16.350000381469727,16.700000762939453,16.700000762939453,84600
2017-07-12,16.700000762939453,17.100000381469727,16.549999237060547,16.700000762939453,16.700000762939453,89400
2017-07-13,16.850000381469727,17.5,16.549999237060547,16.75,16.75,74400
2017-07-14,16.600000381469727,17.149999618530273,16.600000381469727,16.850000381469727,16.850000381469727,31900
2017-07-17,17.049999237060547,17.700000762939453,16.149999618530273,16.5,16.5,98900
2017-07-18,16.5,16.75,15.149999618530273,15.25,15.25,224400
2017-07-19,15.25,16.5,15.239999771118164,16.450000762939453,16.450000762939453,110500
2017-07-20,16.450000762939453,18.799999237060547,16.399999618530273,18.549999237060547,18.549999237060547,154200
2017-07-21,18.850000381469727,19.389999389648438,18.440000534057617,18.799999237060547,18.799999237060547,86800
2017-07-24,18.549999237060547,20.079999923706055,18.5,20.0,20.0,110100
2017-07-25,20.25,20.700000762939453,19.600000381469727,20.200000762939453,20.200000762939453,107700
2017-07-26,20.0,21.549999237060547,19.549999237060547,21.25,21.25,143100
2017-07-27,21.3700008392334,21.549999237060547,19.850000381469727,20.049999237060547,20.049999237060547,251700
2017-07-28,20.049999237060547,20.049999237060547,19.450000762939453,19.549999237060547,19.549999237060547,52900
2017-07-31,19.700000762939453,20.149999618530273,18.969999313354492,19.850000381469727,19.850000381469727,41700
2017-08-01,20.75,20.850000381469727,19.399999618530273,19.950000762939453,19.950000762939453,49200
2017-08-02,19.399999618530273,19.950000762939453,19.100000381469727,19.399999618530273,19.399999618530273,48500
2017-08-03,19.5,19.600000381469727,18.799999237060547,19.0,19.0,58700
2017-08-04,19.299999237060547,20.549999237060547,19.200000762939453,20.100000381469727,20.100000381469727,70200
2017-08-07,20.0,20.649999618530273,20.0,20.200000762939453,20.200000762939453,41700
2017-08-08,20.100000381469727,20.450000762939453,19.350000381469727,19.600000381469727,19.600000381469727,78800
2017-08-09,19.399999618530273,19.649999618530273,18.0,18.100000381469727,18.100000381469727,43800
2017-08-10,17.75,18.149999618530273,17.149999618530273,18.100000381469727,18.100000381469727,71200
2017-08-11,18.25,18.649999618530273,17.399999618530273,17.649999618530273,17.649999618530273,32900
2017-08-14,17.950000762939453,18.079999923706055,16.799999237060547,17.100000381469727,17.100000381469727,55300
2017-08-15,17.049999237060547,17.549999237060547,16.649999618530273,17.350000381469727,17.350000381469727,61800
2017-08-16,17.350000381469727,17.700000762939453,16.649999618530273,17.5,17.5,37700
2017-08-17,17.350000381469727,17.75,16.649999618530273,16.700000762939453,16.700000762939453,32700
2017-08-18,16.799999237060547,17.649999618530273,16.549999237060547,17.149999618530273,17.149999618530273,154700
2017-08-21,16.950000762939453,17.100000381469727,16.549999237060547,16.649999618530273,16.649999618530273,53500
2017-08-22,16.600000381469727,16.75,16.049999237060547,16.399999618530273,16.399999618530273,45000
2017-08-23,16.399999618530273,17.600000381469727,16.299999237060547,17.25,17.25,101100
2017-08-24,17.149999618530273,17.799999237060547,16.93000030517578,17.399999618530273,17.399999618530273,76900
2017-08-25,17.399999618530273,18.799999237060547,17.399999618530273,18.75,18.75,223900
2017-08-28,18.899999618530273,20.700000762939453,18.790000915527344,20.549999237060547,20.549999237060547,206500
2017-08-29,20.5,23.600000381469727,19.809999465942383,22.850000381469727,22.850000381469727,235900
2017-08-30,22.549999237060547,24.100000381469727,22.0,23.549999237060547,23.549999237060547,579300
2017-08-31,23.549999237060547,23.829999923706055,22.5,23.5,23.5,99500
2017-09-01,23.399999618530273,23.600000381469727,22.5,23.600000381469727,23.600000381469727,105100
2017-09-05,23.450000762939453,24.350000381469727,22.700000762939453,24.200000762939453,24.200000762939453,129400
2017-09-06,24.600000381469727,25.350000381469727,22.649999618530273,23.549999237060547,23.549999237060547,127100
2017-09-07,23.850000381469727,24.200000762939453,23.200000762939453,23.399999618530273,23.399999618530273,58800
2017-09-08,23.549999237060547,23.549999237060547,22.549999237060547,23.200000762939453,23.200000762939453,124200
2017-09-11,23.450000762939453,23.799999237060547,22.6299991607666,22.899999618530273,22.899999618530273,60400
2017-09-12,22.799999237060547,23.399999618530273,22.799999237060547,23.350000381469727,23.350000381469727,55400
2017-09-13,23.200000762939453,25.25,22.709999084472656,25.049999237060547,25.049999237060547,326800
2017-09-14,24.899999618530273,25.200000762939453,24.049999237060547,24.350000381469727,24.350000381469727,92100
2017-09-15,24.399999618530273,24.93000030517578,23.600000381469727,24.25,24.25,128800
2017-09-18,24.100000381469727,24.350000381469727,23.6299991607666,24.049999237060547,24.049999237060547,46700
2017-09-19,23.950000762939453,24.5,23.899999618530273,24.149999618530273,24.149999618530273,54600
2017-09-20,24.149999618530273,24.5,23.350000381469727,23.950000762939453,23.950000762939453,147700
2017-09-21,23.850000381469727,24.0,22.549999237060547,22.899999618530273,22.899999618530273,58700
2017-09-22,22.850000381469727,23.200000762939453,21.600000381469727,22.0,22.0,77900
2017-09-25,21.899999618530273,22.399999618530273,21.579999923706055,22.149999618530273,22.149999618530273,50000
2017-09-26,22.25,22.350000381469727,21.399999618530273,21.75,21.75,77000
2017-09-27,21.850000381469727,23.549999237060547,21.850000381469727,23.25,23.25,105600
2017-09-28,22.899999618530273,23.5,22.0,22.299999237060547,22.299999237060547,86600
2017-09-29,22.399999618530273,22.649999618530273,21.700000762939453,21.75,21.75,42000
2017-10-02,21.649999618530273,22.350000381469727,21.0,22.0,22.0,247600
2017-10-03,22.149999618530273,22.350000381469727,21.600000381469727,22.100000381469727,22.100000381469727,91100
2017-10-04,22.0,23.350000381469727,22.0,23.25,23.25,125600
2017-10-05,23.399999618530273,25.0,23.299999237060547,24.950000762939453,24.950000762939453,126800
2017-10-06,24.75,25.049999237060547,23.700000762939453,25.0,25.0,145600
2017-10-09,24.950000762939453,25.149999618530273,23.75,23.850000381469727,23.850000381469727,66500
2017-10-10,24.049999237060547,24.049999237060547,22.600000381469727,23.049999237060547,23.049999237060547,30000
2017-10-11,22.950000762939453,23.489999771118164,22.549999237060547,23.25,23.25,95000
2017-10-12,23.299999237060547,23.549999237060547,22.950000762939453,23.149999618530273,23.149999618530273,84600
2017-10-13,23.0,23.25,22.649999618530273,23.149999618530273,23.149999618530273,82400
2017-10-16,23.049999237060547,24.0,22.799999237060547,23.100000381469727,23.100000381469727,52200
2017-10-17,22.899999618530273,24.049999237060547,22.450000762939453,22.700000762939453,22.700000762939453,35400
2017-10-18,22.700000762939453,23.100000381469727,21.829999923706055,22.350000381469727,22.350000381469727,43400
2017-10-19,22.299999237060547,22.979999542236328,21.799999237060547,22.200000762939453,22.200000762939453,38900
2017-10-20,22.5,23.0,22.200000762939453,22.850000381469727,22.850000381469727,85600
2017-10-23,23.399999618530273,23.700000762939453,22.700000762939453,23.049999237060547,23.049999237060547,244600
2017-10-24,23.049999237060547,23.549999237060547,22.649999618530273,22.950000762939453,22.950000762939453,191400
2017-10-25,23.0,23.0,22.0,22.649999618530273,22.649999618530273,59900
2017-10-26,22.75,22.75,21.200000762939453,21.799999237060547,21.799999237060547,99200
2017-10-27,21.850000381469727,22.600000381469727,21.450000762939453,22.450000762939453,22.450000762939453,85500
2017-10-30,22.399999618530273,23.43000030517578,22.299999237060547,22.950000762939453,22.950000762939453,77000
2017-10-31,23.149999618530273,23.200000762939453,22.799999237060547,23.049999237060547,23.049999237060547,45700
2017-11-01,23.25,23.25,22.450000762939453,23.0,23.0,222200
2017-11-02,23.0,23.350000381469727,22.899999618530273,23.100000381469727,23.100000381469727,48100
2017-11-03,23.0,23.25,22.450000762939453,22.799999237060547,22.799999237060547,247800
2017-11-06,23.0,23.450000762939453,22.549999237060547,22.950000762939453,22.950000762939453,98700
2017-11-07,22.850000381469727,22.850000381469727,21.649999618530273,22.149999618530273,22.149999618530273,85800
2017-11-08,22.100000381469727,22.200000762939453,21.600000381469727,22.100000381469727,22.100000381469727,62000
2017-11-09,21.799999237060547,22.93000030517578,21.799999237060547,22.350000381469727,22.350000381469727,59200
2017-11-10,22.0,22.799999237060547,21.850000381469727,22.799999237060547,22.799999237060547,61700
2017-11-13,22.75,24.950000762939453,22.299999237060547,24.850000381469727,24.850000381469727,672200
2017-11-14,25.0,25.0,23.06999969482422,24.75,24.75,146400
2017-11-15,24.549999237060547,27.799999237060547,24.200000762939453,26.700000762939453,26.700000762939453,189900
2017-11-16,27.350000381469727,30.0,27.25,29.700000762939453,29.700000762939453,521200
2017-11-17,29.799999237060547,32.400001525878906,29.600000381469727,31.75,31.75,171800
2017-11-20,31.75,33.25,31.299999237060547,32.900001525878906,32.900001525878906,454200
2017-11-21,32.54999923706055,34.25,32.5,33.70000076293945,33.70000076293945,203200
2017-11-22,33.79999923706055,35.54999923706055,33.29999923706055,35.45000076293945,35.45000076293945,230900
2017-11-24,35.45000076293945,36.400001525878906,35.099998474121094,36.099998474121094,36.099998474121094,120300
2017-11-27,36.20000076293945,36.22999954223633,33.79999923706055,34.0,34.0,228900
2017-11-28,34.25,34.95000076293945,33.25,33.849998474121094,33.849998474121094,206000
2017-11-29,33.900001525878906,35.29999923706055,33.599998474121094,34.849998474121094,34.849998474121094,247100
2017-11-30,34.849998474121094,37.400001525878906,33.849998474121094,37.20000076293945,37.20000076293945,430400
2017-12-01,36.20000076293945,39.5,36.04999923706055,39.349998474121094,39.349998474121094,437800
2017-12-04,39.70000076293945,39.70000076293945,38.66999816894531,39.04999923706055,39.04999923706055,534400
2017-12-05,39.70000076293945,39.70000076293945,37.75,38.0,38.0,263300
2017-12-06,38.0,38.79999923706055,35.529998779296875,36.25,36.25,428500
2017-12-07,36.20000076293945,37.099998474121094,35.900001525878906,36.54999923706055,36.54999923706055,177700
2017-12-08,36.75,37.029998779296875,35.95000076293945,36.79999923706055,36.79999923706055,199100
2017-12-11,36.900001525878906,38.900001525878906,36.72999954223633,38.849998474121094,38.849998474121094,302000
2017-12-12,39.099998474121094,39.599998474121094,37.599998474121094,37.599998474121094,37.599998474121094,209300
2017-12-13,37.650001525878906,38.349998474121094,37.5,38.0,38.0,86300
2017-12-14,38.04999923706055,39.04999923706055,37.599998474121094,38.20000076293945,38.20000076293945,157900
2017-12-15,38.25,38.70000076293945,37.20000076293945,38.349998474121094,38.349998474121094,497400
2017-12-18,38.75,38.75,35.95000076293945,36.650001525878906,36.650001525878906,384300
2017-12-19,36.349998474121094,37.33000183105469,35.70000076293945,35.95000076293945,35.95000076293945,337000
2017-12-20,36.0,36.75,35.54999923706055,35.650001525878906,35.650001525878906,186200
2017-12-21,35.5,35.66999816894531,34.75,34.900001525878906,34.900001525878906,113100
2017-12-22,34.95000076293945,35.54999923706055,34.099998474121094,35.25,35.25,108600
2017-12-26,35.29999923706055,35.7400016784668,34.25,34.650001525878906,34.650001525878906,84600
2017-12-27,34.70000076293945,35.099998474121094,34.099998474121094,34.20000076293945,34.20000076293945,52400
2017-12-28,34.25,34.75,33.70000076293945,34.45000076293945,34.45000076293945,127500
2017-12-29,34.5,35.349998474121094,33.79999923706055,35.099998474121094,35.099998474121094,137800
2018-01-02,35.099998474121094,35.25,33.79999923706055,34.79999923706055,34.79999923706055,177600
2018-01-03,34.849998474121094,35.4900016784668,34.20000076293945,34.79999923706055,34.79999923706055,119300
2018-01-04,34.849998474121094,35.08000183105469,34.2599983215332,34.79999923706055,34.79999923706055,84200
2018-01-05,34.79999923706055,35.25,33.29999923706055,33.54999923706055,33.54999923706055,76500
2018-01-08,33.20000076293945,33.20000076293945,31.899999618530273,32.54999923706055,32.54999923706055,152400
2018-01-09,32.650001525878906,32.72999954223633,31.649999618530273,32.45000076293945,32.45000076293945,99800
2018-01-10,32.29999923706055,34.25,31.75,33.900001525878906,33.900001525878906,205100
2018-01-11,33.900001525878906,37.400001525878906,33.29999923706055,37.349998474121094,37.349998474121094,164200
2018-01-12,37.25,37.25,34.5099983215332,36.54999923706055,36.54999923706055,210200
2018-01-16,36.70000076293945,37.54999923706055,36.349998474121094,37.099998474121094,37.099998474121094,189000
2018-01-17,37.099998474121094,38.04999923706055,36.779998779296875,37.54999923706055,37.54999923706055,152200
2018-01-18,37.349998474121094,38.29999923706055,36.83000183105469,38.0,38.0,110400
2018-01-19,37.599998474121094,38.599998474121094,37.599998474121094,38.0,38.0,163400
2018-01-22,38.0,39.4900016784668,37.650001525878906,39.400001525878906,39.400001525878906,124400
2018-01-23,39.5,41.20000076293945,39.349998474121094,40.04999923706055,40.04999923706055,236000
2018-01-24,40.29999923706055,40.79999923706055,39.599998474121094,40.75,40.75,140000
2018-01-25,41.0,41.5,40.04999923706055,40.25,40.25,40200
2018-01-26,40.400001525878906,42.04999923706055,39.349998474121094,39.5,39.5,287000
2018-01-29,39.349998474121094,41.150001525878906,37.95000076293945,38.400001525878906,38.400001525878906,123100
2018-01-30,37.95000076293945,40.349998474121094,36.95000076293945,40.0,40.0,121000
2018-01-31,40.099998474121094,41.150001525878906,39.5,40.0,40.0,109000
2018-02-01,40.099998474121094,40.45000076293945,38.95000076293945,40.20000076293945,40.20000076293945,160100
2018-02-02,39.75,39.79999923706055,38.29999923706055,39.20000076293945,39.20000076293945,98600
2018-02-05,39.0,39.75,38.150001525878906,38.54999923706055,38.54999923706055,57000
2018-02-06,37.70000076293945,39.54999923706055,37.0,39.5,39.5,122000
2018-02-07,39.29999923706055,40.25,38.72999954223633,39.79999923706055,39.79999923706055,61500
2018-02-08,39.95000076293945,39.95000076293945,38.29999923706055,39.650001525878906,39.650001525878906,80300
2018-02-09,39.75,41.54999923706055,39.29999923706055,41.25,41.25,176400
2018-02-12,41.45000076293945,42.650001525878906,40.04999923706055,41.20000076293945,41.20000076293945,78500
2018-02-13,41.0,42.29999923706055,40.54999923706055,42.29999923706055,42.29999923706055,51100
2018-02-14,41.95000076293945,48.79999923706055,41.95000076293945,48.349998474121094,48.349998474121094,348700
2018-02-15,48.849998474121094,52.5,48.849998474121094,52.25,52.25,329400
2018-02-16,52.400001525878906,55.0,50.380001068115234,54.70000076293945,54.70000076293945,176800
2018-02-20,55.95000076293945,55.95000076293945,49.20000076293945,52.099998474121094,52.099998474121094,747500
2018-02-21,52.150001525878906,54.650001525878906,49.18000030517578,51.0,51.0,237400
2018-02-22,50.75,53.849998474121094,50.45000076293945,50.599998474121094,50.599998474121094,112200
2018-02-23,51.0,51.45000076293945,49.849998474121094,50.75,50.75,122300
2018-02-26,51.04999923706055,53.400001525878906,50.04999923706055,52.650001525878906,52.650001525878906,195100
2018-02-27,52.849998474121094,53.75,49.709999084472656,53.349998474121094,53.349998474121094,189800
2018-02-28,53.349998474121094,53.79999923706055,50.79999923706055,50.95000076293945,50.95000076293945,234300
2018-03-01,50.95000076293945,50.95000076293945,48.29999923706055,49.79999923706055,49.79999923706055,142300
2018-03-02,49.75,49.75,45.70000076293945,47.75,47.75,243500
2018-03-05,47.45000076293945,50.099998474121094,47.0,49.0,49.0,242800
2018-03-06,49.0,50.45000076293945,45.25,45.70000076293945,45.70000076293945,149900
2018-03-07,45.150001525878906,48.25,43.45000076293945,47.5,47.5,239000
2018-03-08,47.650001525878906,48.54999923706055,45.709999084472656,46.20000076293945,46.20000076293945,88500
2018-03-09,46.45000076293945,47.599998474121094,45.650001525878906,47.0,47.0,103700
2018-03-12,46.900001525878906,48.29999923706055,44.849998474121094,44.900001525878906,44.900001525878906,135800
2018-03-13,46.900001525878906,48.29999923706055,43.20000076293945,43.29999923706055,43.29999923706055,149400
2018-03-14,43.599998474121094,43.599998474121094,41.70000076293945,42.29999923706055,42.29999923706055,102600
2018-03-15,42.599998474121094,44.650001525878906,40.0,40.349998474121094,40.349998474121094,205100
2018-03-16,40.400001525878906,41.79999923706055,40.150001525878906,41.5,41.5,277900
2018-03-19,41.5,43.900001525878906,39.4900016784668,40.20000076293945,40.20000076293945,133900
2018-03-20,40.20000076293945,41.54999923706055,39.79999923706055,40.54999923706055,40.54999923706055,99900
2018-03-21,40.54999923706055,42.650001525878906,40.54999923706055,41.849998474121094,41.849998474121094,116300
2018-03-22,41.25,41.72999954223633,39.79999923706055,40.349998474121094,40.349998474121094,129500
2018-03-23,40.849998474121094,41.45000076293945,39.5,39.70000076293945,39.70000076293945,137700
2018-03-26,40.29999923706055,40.33000183105469,38.75,39.849998474121094,39.849998474121094,78400
2018-03-27,39.95000076293945,40.900001525878906,38.54999923706055,39.75,39.75,236200
2018-03-28,39.650001525878906,39.900001525878906,37.599998474121094,38.54999923706055,38.54999923706055,207100
2018-03-29,38.70000076293945,40.29999923706055,38.400001525878906,40.099998474121094,40.099998474121094,145100
2018-04-02,40.0,41.04999923706055,38.0,40.0,40.0,204600
2018-04-03,40.5,41.79999923706055,40.0,41.54999923706055,41.54999923706055,148200
2018-04-04,40.849998474121094,42.849998474121094,40.0,40.650001525878906,40.650001525878906,259100
2018-04-05,40.900001525878906,41.25,40.45000076293945,40.79999923706055,40.79999923706055,105100
2018-04-06,40.599998474121094,41.29999923706055,39.400001525878906,39.79999923706055,39.79999923706055,93700
2018-04-09,40.099998474121094,46.099998474121094,40.099998474121094,43.45000076293945,43.45000076293945,376300
2018-04-10,44.0,46.45000076293945,40.599998474121094,44.29999923706055,44.29999923706055,217600
2018-04-11,44.29999923706055,45.150001525878906,41.79999923706055,42.04999923706055,42.04999923706055,78500
2018-04-12,42.349998474121094,44.0,41.54999923706055,42.650001525878906,42.650001525878906,143200
2018-04-13,42.849998474121094,42.849998474121094,39.61000061035156,40.95000076293945,40.95000076293945,120800
2018-04-16,41.29999923706055,41.849998474121094,39.70000076293945,41.099998474121094,41.099998474121094,75700
2018-04-17,41.29999923706055,43.0,40.0,42.04999923706055,42.04999923706055,83700
2018-04-18,42.25,43.900001525878906,41.20000076293945,42.20000076293945,42.20000076293945,137900
2018-04-19,42.0,42.349998474121094,41.0099983215332,42.0,42.0,78000
2018-04-20,42.0,43.75,42.0,43.5,43.5,111200
2018-04-23,43.650001525878906,44.70000076293945,42.900001525878906,44.599998474121094,44.599998474121094,216400
2018-04-24,44.599998474121094,45.70000076293945,43.75,45.54999923706055,45.54999923706055,164300
2018-04-25,45.5,45.5,44.150001525878906,45.04999923706055,45.04999923706055,184300
2018-04-26,45.349998474121094,46.79999923706055,44.75,45.150001525878906,45.150001525878906,72500
2018-04-27,45.20000076293945,45.25,44.0,45.099998474121094,45.099998474121094,70600
2018-04-30,45.349998474121094,45.349998474121094,43.95000076293945,44.45000076293945,44.45000076293945,101500
2018-05-01,43.95000076293945,44.349998474121094,42.400001525878906,44.099998474121094,44.099998474121094,140200
2018-05-02,44.20000076293945,45.0,42.45000076293945,44.70000076293945,44.70000076293945,105900
2018-05-03,44.5,44.599998474121094,43.29999923706055,43.70000076293945,43.70000076293945,148900
2018-05-04,43.599998474121094,43.70000076293945,42.349998474121094,42.95000076293945,42.95000076293945,118300
2018-05-07,43.0,43.599998474121094,41.900001525878906,42.650001525878906,42.650001525878906,124600
2018-05-08,42.54999923706055,43.849998474121094,41.650001525878906,43.599998474121094,43.599998474121094,141000
2018-05-09,41.599998474121094,43.599998474121094,40.75,42.650001525878906,42.650001525878906,164000
2018-05-10,42.75,43.20000076293945,39.95000076293945,40.599998474121094,40.599998474121094,229400
2018-05-11,40.70000076293945,40.70000076293945,39.0,39.20000076293945,39.20000076293945,147000
2018-05-14,39.349998474121094,39.650001525878906,38.849998474121094,39.349998474121094,39.349998474121094,176800
2018-05-15,39.25,41.130001068115234,38.900001525878906,39.599998474121094,39.599998474121094,87500
2018-05-16,39.650001525878906,41.79999923706055,38.849998474121094,41.599998474121094,41.599998474121094,123900
2018-05-17,41.45000076293945,44.20000076293945,41.45000076293945,43.04999923706055,43.04999923706055,186700
2018-05-18,43.20000076293945,43.349998474121094,41.86000061035156,42.75,42.75,178800
2018-05-21,42.75,43.5,42.25,42.900001525878906,42.900001525878906,136100
2018-05-22,42.900001525878906,43.25,42.0,42.45000076293945,42.45000076293945,162700
2018-05-23,42.400001525878906,43.599998474121094,42.349998474121094,42.70000076293945,42.70000076293945,86900
2018-05-24,42.650001525878906,44.20000076293945,41.54999923706055,43.75,43.75,256300
2018-05-25,43.70000076293945,45.0,43.599998474121094,44.900001525878906,44.900001525878906,91900
2018-05-29,44.75,45.0,44.29999923706055,44.900001525878906,44.900001525878906,83500
2018-05-30,45.0,47.900001525878906,44.95000076293945,46.849998474121094,46.849998474121094,299700
2018-05-31,46.849998474121094,47.29999923706055,46.04999923706055,46.54999923706055,46.54999923706055,126700
2018-06-01,46.599998474121094,48.47999954223633,46.20000076293945,48.45000076293945,48.45000076293945,121200
2018-06-04,47.900001525878906,48.29999923706055,46.75,47.900001525878906,47.900001525878906,222400
2018-06-05,48.0,48.5,47.45000076293945,48.0,48.0,370000
2018-06-06,48.20000076293945,48.95000076293945,47.849998474121094,48.04999923706055,48.04999923706055,164800
2018-06-07,48.099998474121094,48.150001525878906,45.779998779296875,47.25,47.25,236500
2018-06-08,47.29999923706055,48.70000076293945,47.0,48.599998474121094,48.599998474121094,109700
2018-06-11,48.5,49.75,47.849998474121094,48.45000076293945,48.45000076293945,193600
2018-06-12,48.29999923706055,49.45000076293945,47.599998474121094,49.04999923706055,49.04999923706055,112600
2018-06-13,49.20000076293945,49.349998474121094,48.54999923706055,49.150001525878906,49.150001525878906,123100
2018-06-14,49.29999923706055,49.529998779296875,48.650001525878906,48.95000076293945,48.95000076293945,125200
2018-06-15,48.599998474121094,50.75,48.5,50.650001525878906,50.650001525878906,220300
2018-06-18,50.54999923706055,50.880001068115234,48.900001525878906,50.45000076293945,50.45000076293945,281800
2018-06-19,50.04999923706055,50.400001525878906,37.25,40.47999954223633,40.47999954223633,1674800
2018-06-20,41.29999923706055,41.95000076293945,38.150001525878906,38.20000076293945,38.20000076293945,829100
2018-06-21,38.45000076293945,38.900001525878906,34.7400016784668,35.41999816894531,35.41999816894531,673200
2018-06-22,35.45000076293945,35.45000076293945,32.25,33.95000076293945,33.95000076293945,1139500
2018-06-25,33.75,34.95000076293945,33.060001373291016,33.849998474121094,33.849998474121094,337300
2018-06-26,33.849998474121094,35.349998474121094,33.54999923706055,34.95000076293945,34.95000076293945,188700
2018-06-27,34.650001525878906,37.779998779296875,34.630001068115234,35.25,35.25,334100
2018-06-28,35.20000076293945,37.45000076293945,35.04999923706055,37.29999923706055,37.29999923706055,294200
2018-06-29,37.20000076293945,39.0,36.880001068115234,38.25,38.25,346800
2018-07-02,38.25,38.29999923706055,35.58000183105469,36.349998474121094,36.349998474121094,283900
2018-07-03,36.400001525878906,37.5,35.599998474121094,37.04999923706055,37.04999923706055,75200
2018-07-05,37.04999923706055,39.150001525878906,35.349998474121094,38.04999923706055,38.04999923706055,226500
2018-07-06,38.150001525878906,38.849998474121094,37.900001525878906,38.25,38.25,129700
2018-07-09,38.25,38.25,36.95000076293945,37.45000076293945,37.45000076293945,206900
2018-07-10,37.650001525878906,38.45000076293945,37.099998474121094,38.150001525878906,38.150001525878906,147700
2018-07-11,37.95000076293945,38.650001525878906,37.25,38.20000076293945,38.20000076293945,196000
2018-07-12,38.25,38.599998474121094,37.599998474121094,37.70000076293945,37.70000076293945,113200
2018-07-13,37.75,37.849998474121094,36.25,36.900001525878906,36.900001525878906,232300
2018-07-16,37.20000076293945,37.70000076293945,36.349998474121094,37.099998474121094,37.099998474121094,145200
2018-07-17,37.04999923706055,38.0,36.849998474121094,37.54999923706055,37.54999923706055,69700
2018-07-18,37.5,38.29999923706055,37.29999923706055,38.150001525878906,38.150001525878906,59400
2018-07-19,38.0,38.29999923706055,37.650001525878906,37.900001525878906,37.900001525878906,148300
2018-07-20,37.849998474121094,39.900001525878906,37.849998474121094,39.04999923706055,39.04999923706055,145200
2018-07-23,39.25,39.95000076293945,38.75,38.849998474121094,38.849998474121094,106100
2018-07-24,39.04999923706055,39.45000076293945,38.400001525878906,38.599998474121094,38.599998474121094,137200
2018-07-25,38.54999923706055,40.25,38.54999923706055,39.95000076293945,39.95000076293945,190100
2018-07-26,39.95000076293945,41.43000030517578,39.150001525878906,39.400001525878906,39.400001525878906,189800
2018-07-27,39.45000076293945,39.75,38.04999923706055,38.349998474121094,38.349998474121094,92000
2018-07-30,38.25,39.29999923706055,37.75,38.54999923706055,38.54999923706055,55100
2018-07-31,38.70000076293945,40.95000076293945,38.29999923706055,40.400001525878906,40.400001525878906,118000
2018-08-01,40.45000076293945,41.18000030517578,39.400001525878906,40.849998474121094,40.849998474121094,295900
2018-08-02,40.70000076293945,41.70000076293945,39.900001525878906,41.54999923706055,41.54999923706055,76200
2018-08-03,41.400001525878906,42.75,39.849998474121094,41.45000076293945,41.45000076293945,163800
2018-08-06,41.5,41.5,39.95000076293945,40.04999923706055,40.04999923706055,87000
2018-08-07,40.95000076293945,41.0,39.95000076293945,40.0,40.0,167500
2018-08-08,39.900001525878906,40.599998474121094,39.5,39.75,39.75,111100
2018-08-09,40.0,40.25,38.75,39.0,39.0,136200
2018-08-10,38.650001525878906,44.150001525878906,37.060001373291016,44.0,44.0,151100
2018-08-13,43.75,48.75,43.5,46.70000076293945,46.70000076293945,249400
2018-08-14,46.5,47.560001373291016,45.70000076293945,46.25,46.25,203700
2018-08-15,46.150001525878906,46.650001525878906,44.25,46.099998474121094,46.099998474121094,129500
2018-08-16,46.29999923706055,47.95000076293945,46.2400016784668,47.25,47.25,134400
2018-08-17,47.25,47.54999923706055,46.25,46.79999923706055,46.79999923706055,78200
2018-08-20,46.54999923706055,47.95000076293945,46.54999923706055,47.29999923706055,47.29999923706055,169300
2018-08-21,47.45000076293945,48.599998474121094,47.0,48.599998474121094,48.599998474121094,75000
2018-08-22,48.5,49.70000076293945,48.150001525878906,48.400001525878906,48.400001525878906,64400
2018-08-23,48.29999923706055,48.93000030517578,47.150001525878906,48.75,48.75,54000
2018-08-24,48.849998474121094,49.650001525878906,48.25,48.70000076293945,48.70000076293945,81600
2018-08-27,48.599998474121094,49.400001525878906,48.599998474121094,49.0,49.0,89700
2018-08-28,49.099998474121094,51.0,48.849998474121094,51.0,51.0,92300
2018-08-29,50.95000076293945,51.849998474121094,50.599998474121094,51.0,51.0,154700
2018-08-30,50.650001525878906,53.79999923706055,50.099998474121094,52.900001525878906,52.900001525878906,114300
2018-08-31,53.650001525878906,54.95000076293945,52.95000076293945,53.29999923706055,53.29999923706055,156100
2018-09-04,52.79999923706055,53.79999923706055,51.15999984741211,52.349998474121094,52.349998474121094,199400
2018-09-05,52.349998474121094,52.400001525878906,50.95000076293945,51.45000076293945,51.45000076293945,315700
2018-09-06,51.54999923706055,52.54999923706055,49.709999084472656,50.099998474121094,50.099998474121094,110200
2018-09-07,49.849998474121094,51.599998474121094,49.599998474121094,49.95000076293945,49.95000076293945,83200
2018-09-10,50.150001525878906,52.849998474121094,49.95000076293945,52.45000076293945,52.45000076293945,131000
2018-09-11,52.25,52.25,51.209999084472656,51.650001525878906,51.650001525878906,91600
2018-09-12,51.650001525878906,53.349998474121094,50.599998474121094,52.79999923706055,52.79999923706055,77500
2018-09-13,52.849998474121094,53.150001525878906,52.04999923706055,52.849998474121094,52.849998474121094,66900
2018-09-14,52.79999923706055,53.75,52.5,52.54999923706055,52.54999923706055,46100
2018-09-17,52.45000076293945,53.0,48.79999923706055,48.900001525878906,48.900001525878906,79000
2018-09-18,49.04999923706055,50.29999923706055,48.900001525878906,50.099998474121094,50.099998474121094,60100
2018-09-19,49.849998474121094,50.349998474121094,48.54999923706055,49.150001525878906,49.150001525878906,32200
2018-09-20,49.400001525878906,52.79999923706055,49.349998474121094,52.70000076293945,52.70000076293945,71200
2018-09-21,52.599998474121094,53.150001525878906,52.04999923706055,52.29999923706055,52.29999923706055,139000
2018-09-24,52.29999923706055,56.0,52.25,55.20000076293945,55.20000076293945,149600
2018-09-25,55.5,56.0,53.79999923706055,53.900001525878906,53.900001525878906,94400
2018-09-26,54.099998474121094,54.95000076293945,52.70000076293945,53.45000076293945,53.45000076293945,77700
2018-09-27,53.45000076293945,54.400001525878906,49.54999923706055,50.04999923706055,50.04999923706055,71100
2018-09-28,50.0,51.29999923706055,49.349998474121094,50.0,50.0,73300
2018-10-01,50.130001068115234,50.459999084472656,47.119998931884766,47.220001220703125,47.220001220703125,91200
2018-10-02,47.34000015258789,47.650001525878906,45.29999923706055,45.75,45.75,133000
2018-10-03,45.97999954223633,46.0,44.77000045776367,44.93000030517578,44.93000030517578,76300
2018-10-04,44.83000183105469,44.83000183105469,42.689998626708984,43.279998779296875,43.279998779296875,127800
2018-10-05,43.33000183105469,45.15999984741211,42.040000915527344,44.0099983215332,44.0099983215332,106200
2018-10-08,43.939998626708984,44.09000015258789,42.70000076293945,42.91999816894531,42.91999816894531,153300
2018-10-09,42.75,44.16999816894531,41.52000045776367,43.34000015258789,43.34000015258789,295500
2018-10-10,42.88999938964844,43.709999084472656,41.2599983215332,41.400001525878906,41.400001525878906,158700
2018-10-11,41.08000183105469,46.290000915527344,41.0099983215332,44.36000061035156,44.36000061035156,142700
2018-10-12,44.849998474121094,45.52000045776367,42.91999816894531,45.33000183105469,45.33000183105469,146100
2018-10-15,45.22999954223633,47.04999923706055,44.4900016784668,46.79999923706055,46.79999923706055,117500
2018-10-16,47.08000183105469,49.220001220703125,46.439998626708984,48.88999938964844,48.88999938964844,96800
2018-10-17,48.72999954223633,48.970001220703125,47.0,48.689998626708984,48.689998626708984,46800
2018-10-18,48.54999923706055,49.54999923706055,46.7599983215332,48.81999969482422,48.81999969482422,61700
2018-10-19,48.880001068115234,51.68000030517578,47.060001373291016,47.58000183105469,47.58000183105469,73300
2018-10-22,47.70000076293945,49.36000061035156,45.7599983215332,46.7599983215332,46.7599983215332,56700
2018-10-23,46.119998931884766,47.40999984741211,45.130001068115234,45.97999954223633,45.97999954223633,75500
2018-10-24,45.970001220703125,46.40999984741211,42.09000015258789,42.33000183105469,42.33000183105469,116800
2018-10-25,42.65999984741211,44.619998931884766,42.27000045776367,44.0,44.0,121100
2018-10-26,43.310001373291016,47.36000061035156,42.939998626708984,44.29999923706055,44.29999923706055,82300
2018-10-29,44.880001068115234,46.220001220703125,42.5,43.40999984741211,43.40999984741211,45900
2018-10-30,43.34000015258789,44.59000015258789,41.04999923706055,44.2599983215332,44.2599983215332,45700
2018-10-31,45.04999923706055,47.18000030517578,43.7599983215332,46.689998626708984,46.689998626708984,64000
2018-11-01,47.06999969482422,48.41999816894531,44.5,48.209999084472656,48.209999084472656,63400
2018-11-02,48.400001525878906,48.97999954223633,46.939998626708984,48.4900016784668,48.4900016784668,42600
2018-11-05,48.380001068115234,48.95000076293945,46.81999969482422,47.29999923706055,47.29999923706055,34300
2018-11-06,47.52000045776367,47.52000045776367,45.79999923706055,46.0,46.0,57700
2018-11-07,46.38999938964844,48.91999816894531,44.849998474121094,45.279998779296875,45.279998779296875,64900
2018-11-08,44.560001373291016,46.0,44.0,45.22999954223633,45.22999954223633,34200
2018-11-09,44.709999084472656,46.06999969482422,42.150001525878906,43.15999984741211,43.15999984741211,56900
2018-11-12,42.83000183105469,43.70000076293945,39.459999084472656,39.66999816894531,39.66999816894531,210600
2018-11-13,39.939998626708984,40.27000045776367,39.02000045776367,39.060001373291016,39.060001373291016,65100
2018-11-14,39.27000045776367,39.790000915527344,36.93000030517578,38.310001373291016,38.310001373291016,70800
2018-11-15,37.75,40.36000061035156,36.15999984741211,38.86000061035156,38.86000061035156,89900
2018-11-16,38.849998474121094,40.439998626708984,38.849998474121094,40.25,40.25,218600
2018-11-19,40.06999969482422,40.06999969482422,37.5099983215332,38.88999938964844,38.88999938964844,75400
2018-11-20,38.29999923706055,41.470001220703125,38.29999923706055,40.7599983215332,40.7599983215332,83700
2018-11-21,40.91999816894531,42.220001220703125,40.06999969482422,42.16999816894531,42.16999816894531,73700
2018-11-23,41.56999969482422,44.459999084472656,41.41999816894531,42.849998474121094,42.849998474121094,32000
2018-11-26,43.09000015258789,44.5099983215332,42.529998779296875,44.040000915527344,44.040000915527344,95700
2018-11-27,43.560001373291016,44.619998931884766,40.45000076293945,41.72999954223633,41.72999954223633,66100
2018-11-28,42.02000045776367,44.45000076293945,41.59000015258789,44.13999938964844,44.13999938964844,100900
2018-11-29,44.29999923706055,46.88999938964844,44.29999923706055,46.20000076293945,46.20000076293945,89200
2018-11-30,46.45000076293945,48.2400016784668,46.45000076293945,47.849998474121094,47.849998474121094,207400
2018-12-03,49.0,49.540000915527344,47.66999816894531,47.91999816894531,47.91999816894531,98700
2018-12-04,48.060001373291016,48.959999084472656,46.70000076293945,46.83000183105469,46.83000183105469,124100
2018-12-06,45.86000061035156,47.7599983215332,41.810001373291016,47.4900016784668,47.4900016784668,286700
2018-12-07,47.13999938964844,48.540000915527344,46.16999816894531,47.209999084472656,47.209999084472656,81700
2018-12-10,46.95000076293945,48.47999954223633,46.650001525878906,48.36000061035156,48.36000061035156,108300
2018-12-11,48.41999816894531,49.29999923706055,47.70000076293945,48.369998931884766,48.369998931884766,127500
2018-12-12,48.869998931884766,50.7599983215332,48.869998931884766,50.11000061035156,50.11000061035156,111500
2018-12-13,50.150001525878906,50.7400016784668,49.06999969482422,49.869998931884766,49.869998931884766,104100
2018-12-14,49.130001068115234,50.97999954223633,47.61000061035156,49.43000030517578,49.43000030517578,126000
2018-12-17,48.93000030517578,50.22999954223633,46.36000061035156,46.58000183105469,46.58000183105469,194000
2018-12-18,47.45000076293945,48.9900016784668,45.939998626708984,46.790000915527344,46.790000915527344,127000
2018-12-19,46.849998474121094,47.599998474121094,41.27000045776367,44.25,44.25,219400
2018-12-20,43.939998626708984,44.70000076293945,36.790000915527344,37.709999084472656,37.709999084472656,476300
2018-12-21,37.720001220703125,38.47999954223633,34.790000915527344,37.099998474121094,37.099998474121094,916200
2018-12-24,36.7400016784668,37.529998779296875,34.529998779296875,37.349998474121094,37.349998474121094,75100
2018-12-26,37.54999923706055,42.45000076293945,34.380001068115234,42.189998626708984,42.189998626708984,308700
2018-12-27,40.84000015258789,42.150001525878906,39.08000183105469,40.290000915527344,40.290000915527344,156300
2018-12-28,40.650001525878906,43.16999816894531,40.27000045776367,42.290000915527344,42.290000915527344,234100
2018-12-31,42.77000045776367,44.099998474121094,41.84000015258789,42.040000915527344,42.040000915527344,165300
2019-01-02,40.0,41.58000183105469,38.77000045776367,41.0099983215332,41.0099983215332,159300
2019-01-03,41.08000183105469,41.790000915527344,38.59000015258789,38.93000030517578,38.93000030517578,145900
2019-01-04,39.79999923706055,42.43000030517578,39.209999084472656,41.16999816894531,41.16999816894531,205800
2019-01-07,41.869998931884766,43.61000061035156,41.650001525878906,43.369998931884766,43.369998931884766,286200
2019-01-08,43.849998474121094,44.869998931884766,42.79999923706055,43.779998779296875,43.779998779296875,94600
2019-01-09,43.91999816894531,45.72999954223633,41.77000045776367,42.0,42.0,243600
2019-01-10,41.849998474121094,42.439998626708984,40.27000045776367,41.970001220703125,41.970001220703125,140000
2019-01-11,41.900001525878906,42.5,40.93000030517578,41.540000915527344,41.540000915527344,144500
2019-01-14,41.02000045776367,43.0,41.02000045776367,42.220001220703125,42.220001220703125,227700
2019-01-15,41.560001373291016,43.2599983215332,41.189998626708984,43.2599983215332,43.2599983215332,137600
2019-01-16,43.40999984741211,44.310001373291016,42.9900016784668,44.0,44.0,355300
2019-01-17,43.7400016784668,45.5,43.27000045776367,43.56999969482422,43.56999969482422,174800
2019-01-18,43.52000045776367,43.779998779296875,42.5,42.59000015258789,42.59000015258789,235100
2019-01-22,42.400001525878906,43.86000061035156,40.5,40.79999923706055,40.79999923706055,113400
2019-01-23,41.04999923706055,42.11000061035156,39.81999969482422,41.709999084472656,41.709999084472656,123700
2019-01-24,37.70000076293945,37.79999923706055,35.290000915527344,35.72999954223633,35.72999954223633,3916100
2019-01-25,36.06999969482422,36.220001220703125,32.70000076293945,34.2599983215332,34.2599983215332,1815100
2019-01-28,33.90999984741211,34.45000076293945,32.5099983215332,32.689998626708984,32.689998626708984,547800
2019-01-29,33.0,34.68000030517578,32.79999923706055,34.41999816894531,34.41999816894531,442700
2019-01-30,34.40999984741211,36.380001068115234,34.40999984741211,36.09000015258789,36.09000015258789,328200
2019-01-31,35.880001068115234,38.2400016784668,35.880001068115234,37.25,37.25,579300
2019-02-01,37.27000045776367,38.630001068115234,37.18000030517578,38.029998779296875,38.029998779296875,486400
2019-02-04,37.810001373291016,39.0,37.810001373291016,38.08000183105469,38.08000183105469,531800
2019-02-05,37.13999938964844,38.34000015258789,36.02000045776367,36.61000061035156,36.61000061035156,303000
2019-02-06,36.560001373291016,37.34000015258789,36.02000045776367,36.33000183105469,36.33000183105469,122600
2019-02-07,36.099998474121094,36.310001373291016,34.0099983215332,35.790000915527344,35.790000915527344,282000
2019-02-08,35.4900016784668,36.0,34.869998931884766,35.41999816894531,35.41999816894531,147500
2019-02-11,35.52000045776367,35.9900016784668,35.119998931884766,35.560001373291016,35.560001373291016,124600
2019-02-12,35.97999954223633,36.630001068115234,35.72999954223633,36.380001068115234,36.380001068115234,115700
2019-02-13,36.540000915527344,37.029998779296875,36.29999923706055,36.72999954223633,36.72999954223633,183800
2019-02-14,36.61000061035156,37.27000045776367,36.310001373291016,36.529998779296875,36.529998779296875,111200
2019-02-15,36.869998931884766,37.61000061035156,36.65999984741211,37.599998474121094,37.599998474121094,197200
2019-02-19,36.83000183105469,38.41999816894531,36.83000183105469,37.779998779296875,37.779998779296875,244900
2019-02-20,38.04999923706055,38.560001373291016,36.72999954223633,37.08000183105469,37.08000183105469,553600
2019-02-21,37.06999969482422,38.09000015258789,36.83000183105469,36.97999954223633,36.97999954223633,216800
2019-02-22,36.869998931884766,37.77000045776367,36.380001068115234,37.63999938964844,37.63999938964844,274900
2019-02-25,38.04999923706055,39.709999084472656,37.970001220703125,38.88999938964844,38.88999938964844,393100
2019-02-26,38.77000045776367,39.68000030517578,37.91999816894531,39.650001525878906,39.650001525878906,501200
2019-02-27,39.58000183105469,40.40999984741211,39.560001373291016,39.97999954223633,39.97999954223633,336300
2019-02-28,39.959999084472656,42.2599983215332,39.959999084472656,41.93000030517578,41.93000030517578,492900
2019-03-01,42.27000045776367,44.150001525878906,39.75,43.709999084472656,43.709999084472656,558900
2019-03-04,43.79999923706055,45.0,42.689998626708984,44.5,44.5,521800
2019-03-05,44.5,45.5,44.150001525878906,45.0099983215332,45.0099983215332,708900
2019-03-06,45.0,45.439998626708984,44.599998474121094,45.119998931884766,45.119998931884766,278300
2019-03-07,45.130001068115234,45.5,44.560001373291016,45.0,45.0,347200
2019-03-08,44.54999923706055,46.0,44.54999923706055,45.90999984741211,45.90999984741211,250500
2019-03-11,45.88999938964844,48.599998474121094,45.61000061035156,47.90999984741211,47.90999984741211,415900
2019-03-12,47.900001525878906,48.63999938964844,46.15999984741211,47.52000045776367,47.52000045776367,544000
2019-03-13,47.720001220703125,47.91999816894531,46.58000183105469,46.709999084472656,46.709999084472656,211000
2019-03-14,46.650001525878906,46.810001373291016,45.34000015258789,45.88999938964844,45.88999938964844,261100
2019-03-15,45.9900016784668,46.220001220703125,44.70000076293945,45.72999954223633,45.72999954223633,675700
2019-03-18,45.810001373291016,47.279998779296875,45.7400016784668,46.459999084472656,46.459999084472656,257000
2019-03-19,46.59000015258789,46.9900016784668,45.13999938964844,46.060001373291016,46.060001373291016,142300
2019-03-20,46.0099983215332,46.65999984741211,43.9900016784668,44.130001068115234,44.130001068115234,203100
2019-03-21,43.91999816894531,45.279998779296875,43.68000030517578,44.0,44.0,310700
2019-03-22,43.849998474121094,44.810001373291016,41.630001068115234,41.95000076293945,41.95000076293945,185300
2019-03-25,41.81999969482422,41.86000061035156,40.0,40.099998474121094,40.099998474121094,130400
2019-03-26,40.349998474121094,40.630001068115234,38.70000076293945,39.630001068115234,39.630001068115234,146800
2019-03-27,39.599998474121094,39.95000076293945,36.97999954223633,37.779998779296875,37.779998779296875,399800
2019-03-28,37.810001373291016,38.09000015258789,36.810001373291016,37.86000061035156,37.86000061035156,172400
2019-03-29,38.119998931884766,38.9900016784668,37.790000915527344,38.849998474121094,38.849998474121094,187900
2019-04-01,39.150001525878906,39.77000045776367,38.060001373291016,38.11000061035156,38.11000061035156,349500
2019-04-02,38.11000061035156,40.7599983215332,38.11000061035156,39.93000030517578,39.93000030517578,220100
2019-04-03,40.189998626708984,40.91999816894531,39.459999084472656,40.81999969482422,40.81999969482422,237300
2019-04-04,40.810001373291016,41.060001373291016,39.150001525878906,40.04999923706055,40.04999923706055,256200
2019-04-05,39.84000015258789,42.529998779296875,39.84000015258789,42.380001068115234,42.380001068115234,323300
2019-04-08,42.34000015258789,43.0,41.34000015258789,42.84000015258789,42.84000015258789,140900
2019-04-09,42.72999954223633,42.72999954223633,41.58000183105469,41.75,41.75,155100
2019-04-10,37.75,38.0,33.150001525878906,33.90999984741211,33.90999984741211,2243200
2019-04-11,34.25,34.47999954223633,33.130001068115234,34.06999969482422,34.06999969482422,995600
2019-04-12,34.11000061035156,34.45000076293945,33.16999816894531,34.08000183105469,34.08000183105469,340200
2019-04-15,34.04999923706055,34.20000076293945,33.220001220703125,34.02000045776367,34.02000045776367,535200
2019-04-16,28.25,28.260000228881836,22.899999618530273,24.469999313354492,24.469999313354492,5884000
2019-04-17,24.6200008392334,26.040000915527344,23.510000228881836,26.010000228881836,26.010000228881836,1852400
2019-04-18,25.84000015258789,26.969999313354492,24.59000015258789,25.579999923706055,25.579999923706055,547800
2019-04-22,25.3700008392334,26.0,25.170000076293945,25.780000686645508,25.780000686645508,467400
2019-04-23,25.81999969482422,27.670000076293945,25.399999618530273,26.93000030517578,26.93000030517578,567400
2019-04-24,26.829999923706055,27.149999618530273,25.75,26.700000762939453,26.700000762939453,470100
2019-04-25,26.459999084472656,28.549999237060547,26.1200008392334,27.719999313354492,27.719999313354492,487600
2019-04-26,27.790000915527344,27.790000915527344,26.40999984741211,27.290000915527344,27.290000915527344,216300
2019-04-29,27.3799991607666,27.969999313354492,26.520000457763672,26.649999618530273,26.649999618530273,239900
2019-04-30,26.610000610351562,27.149999618530273,25.8700008392334,26.530000686645508,26.530000686645508,309200
2019-05-01,26.549999237060547,26.84000015258789,25.209999084472656,26.450000762939453,26.450000762939453,505000
2019-05-02,26.34000015258789,27.770000457763672,26.010000228881836,27.670000076293945,27.670000076293945,395700
2019-05-03,27.799999237060547,28.040000915527344,26.770000457763672,27.8799991607666,27.8799991607666,200500
2019-05-06,27.399999618530273,28.540000915527344,26.649999618530273,28.309999465942383,28.309999465942383,187700
2019-05-07,28.190000534057617,28.610000610351562,27.010000228881836,27.600000381469727,27.600000381469727,263700
2019-05-08,27.540000915527344,28.290000915527344,27.049999237060547,27.950000762939453,27.950000762939453,280300
2019-05-09,27.989999771118164,28.049999237060547,26.799999237060547,27.309999465942383,27.309999465942383,286500
2019-05-10,27.1200008392334,28.209999084472656,27.059999465942383,27.700000762939453,27.700000762939453,280300
2019-05-13,27.350000381469727,28.270000457763672,26.770000457763672,27.079999923706055,27.079999923706055,251200
2019-05-14,27.200000762939453,28.200000762939453,27.15999984741211,27.719999313354492,27.719999313354492,330600
2019-05-15,27.530000686645508,27.770000457763672,26.489999771118164,27.049999237060547,27.049999237060547,328700
2019-05-16,27.09000015258789,27.729999542236328,25.899999618530273,26.079999923706055,26.079999923706055,488500
2019-05-17,25.90999984741211,26.469999313354492,25.290000915527344,26.200000762939453,26.200000762939453,503700
2019-05-20,25.829999923706055,26.1299991607666,24.760000228881836,24.920000076293945,24.920000076293945,335000
2019-05-21,25.110000610351562,25.31999969482422,24.149999618530273,25.049999237060547,25.049999237060547,403200
2019-05-22,25.059999465942383,25.229999542236328,24.780000686645508,24.93000030517578,24.93000030517578,141300
2019-05-23,24.700000762939453,24.700000762939453,23.719999313354492,24.190000534057617,24.190000534057617,216200
2019-05-24,24.40999984741211,25.889999389648438,24.09000015258789,25.40999984741211,25.40999984741211,324400
2019-05-28,25.43000030517578,25.709999084472656,24.59000015258789,24.709999084472656,24.709999084472656,186700
2019-05-29,24.510000228881836,24.670000076293945,23.790000915527344,24.139999389648438,24.139999389648438,245900
2019-05-30,24.239999771118164,24.40999984741211,23.610000610351562,23.829999923706055,23.829999923706055,192300
2019-05-31,23.56999969482422,23.719999313354492,22.65999984741211,22.93000030517578,22.93000030517578,224300
2019-06-03,22.969999313354492,23.610000610351562,22.559999465942383,23.420000076293945,23.420000076293945,223800
2019-06-04,23.690000534057617,24.079999923706055,23.31999969482422,23.899999618530273,23.899999618530273,192700
2019-06-05,24.09000015258789,24.09000015258789,23.43000030517578,23.729999542236328,23.729999542236328,243300
2019-06-06,23.68000030517578,24.31999969482422,23.56999969482422,24.010000228881836,24.010000228881836,329500
2019-06-07,24.079999923706055,24.65999984741211,23.81999969482422,24.3799991607666,24.3799991607666,176700
2019-06-10,24.520000457763672,24.68000030517578,23.959999084472656,24.43000030517578,24.43000030517578,359700
2019-06-11,24.709999084472656,24.889999389648438,23.549999237060547,23.719999313354492,23.719999313354492,499300
2019-06-12,23.719999313354492,23.760000228881836,22.25,23.010000228881836,23.010000228881836,323900
2019-06-13,23.100000381469727,25.219999313354492,23.100000381469727,24.809999465942383,24.809999465942383,193800
2019-06-14,24.809999465942383,26.610000610351562,24.350000381469727,25.670000076293945,25.670000076293945,536400
2019-06-17,25.860000610351562,28.209999084472656,25.860000610351562,27.43000030517578,27.43000030517578,454700
2019-06-18,27.5,28.110000610351562,26.799999237060547,27.920000076293945,27.920000076293945,429300
2019-06-19,27.639999389648438,28.0,26.850000381469727,26.93000030517578,26.93000030517578,192900
2019-06-20,27.260000228881836,27.639999389648438,26.6299991607666,26.860000610351562,26.860000610351562,172600
2019-06-21,26.700000762939453,26.700000762939453,25.81999969482422,26.18000030517578,26.18000030517578,210000
2019-06-24,26.239999771118164,27.700000762939453,24.940000534057617,25.469999313354492,25.469999313354492,268100
2019-06-25,25.420000076293945,27.020000457763672,25.260000228881836,25.8799991607666,25.8799991607666,225200
2019-06-26,26.06999969482422,26.350000381469727,25.3700008392334,25.860000610351562,25.860000610351562,199100
2019-06-27,25.93000030517578,26.84000015258789,25.56999969482422,26.25,26.25,194700
2019-06-28,26.479999542236328,27.489999771118164,25.729999542236328,26.09000015258789,26.09000015258789,605700
2019-07-01,26.739999771118164,26.90999984741211,25.450000762939453,26.760000228881836,26.760000228881836,396600
2019-07-02,26.579999923706055,26.579999923706055,25.850000381469727,26.350000381469727,26.350000381469727,279100
2019-07-03,26.3700008392334,26.889999389648438,25.84000015258789,26.8799991607666,26.8799991607666,111200
2019-07-05,26.6200008392334,27.280000686645508,26.260000228881836,26.700000762939453,26.700000762939453,162700
2019-07-08,26.549999237060547,26.549999237060547,25.809999465942383,26.399999618530273,26.399999618530273,174800
2019-07-09,26.190000534057617,27.15999984741211,26.020000457763672,26.989999771118164,26.989999771118164,144900
2019-07-10,26.8700008392334,26.979999542236328,25.899999618530273,26.260000228881836,26.260000228881836,248200
2019-07-11,26.420000076293945,26.420000076293945,25.229999542236328,26.040000915527344,26.040000915527344,232900
2019-07-12,26.010000228881836,26.3700008392334,25.079999923706055,26.229999542236328,26.229999542236328,257800
2019-07-15,26.139999389648438,27.030000686645508,25.770000457763672,27.0,27.0,139000
2019-07-16,26.979999542236328,27.290000915527344,26.420000076293945,26.969999313354492,26.969999313354492,151900
2019-07-17,27.0,27.479999542236328,26.420000076293945,26.459999084472656,26.459999084472656,185400
2019-07-18,26.3700008392334,26.3700008392334,23.950000762939453,24.079999923706055,24.079999923706055,201500
2019-07-19,23.950000762939453,24.1200008392334,22.959999084472656,23.15999984741211,23.15999984741211,273000
2019-07-22,23.31999969482422,23.360000610351562,22.469999313354492,22.6299991607666,22.6299991607666,290400
2019-07-23,22.700000762939453,22.700000762939453,21.81999969482422,21.860000610351562,21.860000610351562,203700
2019-07-24,21.8700008392334,22.06999969482422,21.3799991607666,21.799999237060547,21.799999237060547,238500
2019-07-25,21.65999984741211,21.670000076293945,20.229999542236328,20.299999237060547,20.299999237060547,288000
2019-07-26,20.239999771118164,21.520000457763672,20.049999237060547,21.15999984741211,21.15999984741211,474400
2019-07-29,21.149999618530273,21.34000015258789,19.059999465942383,19.350000381469727,19.350000381469727,335000
2019-07-30,19.059999465942383,20.860000610351562,18.93000030517578,20.450000762939453,20.450000762939453,302200
2019-07-31,20.530000686645508,21.770000457763672,19.799999237060547,21.40999984741211,21.40999984741211,292900
2019-08-01,21.3799991607666,21.520000457763672,20.520000457763672,20.68000030517578,20.68000030517578,211800
2019-08-02,20.520000457763672,21.09000015258789,19.079999923706055,19.170000076293945,19.170000076293945,407700
2019-08-05,19.030000686645508,19.68000030517578,18.15999984741211,19.479999542236328,19.479999542236328,248100
2019-08-06,19.719999313354492,20.450000762939453,19.399999618530273,20.049999237060547,20.049999237060547,236400
2019-08-07,19.770000457763672,20.84000015258789,19.389999389648438,20.799999237060547,20.799999237060547,324300
2019-08-08,21.0,21.8799991607666,20.739999771118164,21.790000915527344,21.790000915527344,332200
2019-08-09,21.709999084472656,21.920000076293945,21.200000762939453,21.350000381469727,21.350000381469727,244000
2019-08-12,21.079999923706055,21.270000457763672,20.799999237060547,21.0,21.0,183500
2019-08-13,20.940000534057617,21.540000915527344,20.780000686645508,21.3700008392334,21.3700008392334,110400
2019-08-14,20.950000762939453,21.450000762939453,20.760000228881836,21.0,21.0,142900
2019-08-15,20.8799991607666,20.90999984741211,20.209999084472656,20.34000015258789,20.34000015258789,194800
2019-08-16,20.520000457763672,21.530000686645508,20.030000686645508,21.350000381469727,21.350000381469727,168800
2019-08-19,21.6299991607666,22.31999969482422,21.399999618530273,21.739999771118164,21.739999771118164,122500
2019-08-20,21.25,21.450000762939453,20.5,21.290000915527344,21.290000915527344,359000
2019-08-21,21.389999389648438,22.110000610351562,21.389999389648438,22.010000228881836,22.010000228881836,157800
2019-08-22,22.06999969482422,22.299999237060547,21.479999542236328,21.770000457763672,21.770000457763672,154300
2019-08-23,21.600000381469727,22.1299991607666,21.139999389648438,21.34000015258789,21.34000015258789,207100
2019-08-26,21.440000534057617,21.829999923706055,21.270000457763672,21.600000381469727,21.600000381469727,324100
2019-08-27,21.709999084472656,22.40999984741211,21.360000610351562,22.020000457763672,22.020000457763672,266700
2019-08-28,21.850000381469727,22.229999542236328,21.420000076293945,21.81999969482422,21.81999969482422,315700
2019-08-29,22.100000381469727,23.899999618530273,22.100000381469727,23.34000015258789,23.34000015258789,175900
2019-08-30,23.389999389648438,23.56999969482422,22.579999923706055,23.0,23.0,155800
2019-09-03,23.0,23.200000762939453,21.350000381469727,21.450000762939453,21.450000762939453,178300
2019-09-04,21.709999084472656,21.93000030517578,20.899999618530273,21.030000686645508,21.030000686645508,147300
2019-09-05,21.200000762939453,22.200000762939453,20.75,22.049999237060547,22.049999237060547,133800
2019-09-06,22.190000534057617,22.200000762939453,20.790000915527344,20.829999923706055,20.829999923706055,211900
2019-09-09,21.0,21.829999923706055,20.610000610351562,20.950000762939453,20.950000762939453,238500
2019-09-10,20.989999771118164,24.09000015258789,20.760000228881836,23.709999084472656,23.709999084472656,229100
2019-09-11,23.690000534057617,25.579999923706055,23.649999618530273,25.040000915527344,25.040000915527344,134400
2019-09-12,24.969999313354492,24.969999313354492,23.639999389648438,24.100000381469727,24.100000381469727,130400
2019-09-13,24.149999618530273,24.190000534057617,23.170000076293945,23.940000534057617,23.940000534057617,101200
2019-09-16,24.020000457763672,28.1200008392334,24.020000457763672,27.399999618530273,27.399999618530273,559200
2019-09-17,27.489999771118164,27.489999771118164,25.1200008392334,26.3799991607666,26.3799991607666,338200
2019-09-18,26.329999923706055,26.790000915527344,24.68000030517578,25.649999618530273,25.649999618530273,158200
2019-09-19,25.68000030517578,25.729999542236328,24.520000457763672,24.799999237060547,24.799999237060547,151100
2019-09-20,24.690000534057617,24.90999984741211,24.360000610351562,24.84000015258789,24.84000015258789,276600
2019-09-23,24.8700008392334,25.139999389648438,24.389999389648438,24.59000015258789,24.59000015258789,174100
2019-09-24,24.600000381469727,24.600000381469727,22.079999923706055,22.6299991607666,22.6299991607666,105800
2019-09-25,22.350000381469727,23.6200008392334,21.520000457763672,22.479999542236328,22.479999542236328,93000
2019-09-26,22.360000610351562,22.860000610351562,20.950000762939453,20.979999542236328,20.979999542236328,220900
2019-09-27,20.90999984741211,21.010000228881836,19.950000762939453,20.3700008392334,20.3700008392334,235900
2019-09-30,20.399999618530273,20.739999771118164,20.09000015258789,20.530000686645508,20.530000686645508,234700
2019-10-01,20.709999084472656,20.709999084472656,18.510000228881836,18.610000610351562,18.610000610351562,299600
2019-10-02,18.459999084472656,18.610000610351562,17.75,17.81999969482422,17.81999969482422,341100
2019-10-03,17.739999771118164,18.950000762939453,17.59000015258789,18.75,18.75,195700
2019-10-04,19.0,19.209999084472656,18.329999923706055,18.700000762939453,18.700000762939453,216000
2019-10-07,18.6299991607666,19.079999923706055,18.399999618530273,19.040000915527344,19.040000915527344,135100
2019-10-08,18.739999771118164,19.18000030517578,17.729999542236328,18.270000457763672,18.270000457763672,162800
2019-10-09,18.440000534057617,18.75,18.020000457763672,18.09000015258789,18.09000015258789,172100
2019-10-10,18.09000015258789,19.899999618530273,18.09000015258789,19.15999984741211,19.15999984741211,327400
2019-10-11,19.520000457763672,20.389999389648438,19.020000457763672,20.079999923706055,20.079999923706055,199900
2019-10-14,20.030000686645508,20.760000228881836,19.799999237060547,19.8700008392334,19.8700008392334,159800
2019-10-15,20.010000228881836,21.239999771118164,19.670000076293945,21.079999923706055,21.079999923706055,259300
2019-10-16,21.09000015258789,21.59000015258789,20.40999984741211,21.110000610351562,21.110000610351562,255900
2019-10-17,21.270000457763672,21.649999618530273,21.0,21.020000457763672,21.020000457763672,84400
2019-10-18,20.8700008392334,21.1299991607666,20.010000228881836,20.56999969482422,20.56999969482422,115500
2019-10-21,20.770000457763672,21.68000030517578,20.610000610351562,21.610000610351562,21.610000610351562,139900
2019-10-22,21.799999237060547,22.489999771118164,21.5,21.690000534057617,21.690000534057617,97400
2019-10-23,21.65999984741211,22.079999923706055,21.3799991607666,21.950000762939453,21.950000762939453,94000
2019-10-24,22.110000610351562,22.579999923706055,21.239999771118164,22.5,22.5,196400
2019-10-25,22.360000610351562,23.8799991607666,21.8700008392334,23.260000228881836,23.260000228881836,151500
2019-10-28,23.40999984741211,26.0,23.1200008392334,25.059999465942383,25.059999465942383,156700
2019-10-29,25.040000915527344,25.729999542236328,24.350000381469727,25.100000381469727,25.100000381469727,152700
2019-10-30,25.1200008392334,26.18000030517578,24.5,25.829999923706055,25.829999923706055,128300
2019-10-31,25.790000915527344,25.959999084472656,24.209999084472656,25.290000915527344,25.290000915527344,227400
2019-11-01,25.940000534057617,27.489999771118164,25.719999313354492,26.3799991607666,26.3799991607666,181700
2019-11-04,26.649999618530273,27.309999465942383,26.450000762939453,26.8700008392334,26.8700008392334,150700
2019-11-05,26.639999389648438,27.25,26.639999389648438,26.989999771118164,26.989999771118164,204900
2019-11-06,26.59000015258789,27.329999923706055,25.6200008392334,26.59000015258789,26.59000015258789,288800
2019-11-07,26.850000381469727,28.700000762939453,26.649999618530273,27.3799991607666,27.3799991607666,241400
2019-11-08,27.139999389648438,27.950000762939453,26.31999969482422,27.709999084472656,27.709999084472656,184800
2019-11-11,27.290000915527344,27.93000030517578,26.510000228881836,27.010000228881836,27.010000228881836,140600
2019-11-12,26.969999313354492,28.850000381469727,26.959999084472656,28.260000228881836,28.260000228881836,220200
2019-11-13,28.030000686645508,28.40999984741211,26.549999237060547,28.020000457763672,28.020000457763672,159500
2019-11-14,27.90999984741211,28.459999084472656,27.450000762939453,27.889999389648438,27.889999389648438,171700
2019-11-15,28.200000762939453,29.110000610351562,27.360000610351562,28.65999984741211,28.65999984741211,176300
2019-11-18,28.559999465942383,29.229999542236328,28.030000686645508,28.56999969482422,28.56999969482422,227400
2019-11-19,28.770000457763672,32.2599983215332,28.6200008392334,32.119998931884766,32.119998931884766,358000
2019-11-20,31.809999465942383,32.810001373291016,29.100000381469727,30.3700008392334,30.3700008392334,343400
2019-11-21,30.479999542236328,31.639999389648438,29.280000686645508,30.329999923706055,30.329999923706055,250500
2019-11-22,30.59000015258789,31.260000228881836,29.190000534057617,30.40999984741211,30.40999984741211,236000
2019-11-25,30.760000228881836,31.75,30.530000686645508,31.65999984741211,31.65999984741211,225200
2019-11-26,31.5,31.5,30.1200008392334,30.899999618530273,30.899999618530273,412300
2019-11-27,30.899999618530273,32.2599983215332,30.739999771118164,31.299999237060547,31.299999237060547,238800
2019-11-29,30.979999542236328,33.880001068115234,30.809999465942383,33.150001525878906,33.150001525878906,191800
2019-12-02,33.15999984741211,34.41999816894531,32.060001373291016,34.22999954223633,34.22999954223633,291900
2019-12-03,33.650001525878906,35.599998474121094,33.619998931884766,34.099998474121094,34.099998474121094,365800
2019-12-04,34.52000045776367,35.63999938964844,33.61000061035156,35.36000061035156,35.36000061035156,230800
2019-12-05,35.27000045776367,35.27000045776367,32.09000015258789,32.47999954223633,32.47999954223633,360700
2019-12-06,32.75,33.65999984741211,32.06999969482422,32.34000015258789,32.34000015258789,189600
2019-12-09,32.45000076293945,32.959999084472656,31.610000610351562,32.41999816894531,32.41999816894531,215200
2019-12-10,32.310001373291016,35.47999954223633,32.2599983215332,35.11000061035156,35.11000061035156,706000
2019-12-11,34.959999084472656,36.0,34.7400016784668,35.72999954223633,35.72999954223633,274700
2019-12-12,35.7400016784668,37.810001373291016,35.72999954223633,36.369998931884766,36.369998931884766,619700
2019-12-13,37.4900016784668,39.97999954223633,36.869998931884766,37.599998474121094,37.599998474121094,748600
2019-12-16,17.950000762939453,21.760000228881836,16.780000686645508,16.790000915527344,16.790000915527344,4438300
2019-12-17,17.059999465942383,17.1200008392334,14.609999656677246,15.25,15.25,3023600
2019-12-18,15.539999961853027,16.399999618530273,14.420000076293945,15.390000343322754,15.390000343322754,1559400
2019-12-19,15.449999809265137,16.139999389648438,15.0,15.729999542236328,15.729999542236328,806100
2019-12-20,15.739999771118164,15.970000267028809,14.800000190734863,15.239999771118164,15.239999771118164,1373400
2019-12-23,15.279999732971191,15.920000076293945,14.390000343322754,15.729999542236328,15.729999542236328,961100
2019-12-24,15.819999694824219,16.399999618530273,15.649999618530273,16.18000030517578,16.18000030517578,351600
2019-12-26,16.229999542236328,16.540000915527344,15.8100004196167,16.139999389648438,16.139999389648438,621900
2019-12-27,16.010000228881836,16.170000076293945,15.210000038146973,15.8100004196167,15.8100004196167,817900
2019-12-30,10.460000038146973,10.5,7.78000020980835,7.989999771118164,7.989999771118164,10118900
2019-12-31,7.889999866485596,8.390000343322754,7.860000133514404,8.020000457763672,8.020000457763672,4741800
2020-01-02,8.039999961853027,8.149999618530273,7.599999904632568,7.980000019073486,7.980000019073486,2277900
2020-01-03,7.920000076293945,8.119999885559082,7.489999771118164,7.599999904632568,7.599999904632568,1549500
2020-01-06,7.53000020980835,8.399999618530273,7.510000228881836,8.3100004196167,8.3100004196167,1735900
2020-01-07,8.399999618530273,8.729999542236328,8.079999923706055,8.300000190734863,8.300000190734863,1906100
2020-01-08,8.300000190734863,8.449999809265137,8.15999984741211,8.329999923706055,8.329999923706055,1224300
2020-01-09,8.449999809265137,8.640000343322754,8.3100004196167,8.550000190734863,8.550000190734863,1478500
2020-01-10,8.65999984741211,8.949999809265137,8.479999542236328,8.510000228881836,8.510000228881836,915300
2020-01-13,8.460000038146973,8.539999961853027,7.71999979019165,7.829999923706055,7.829999923706055,1368500
2020-01-14,7.829999923706055,8.039999961853027,7.21999979019165,7.849999904632568,7.849999904632568,1000500
2020-01-15,7.880000114440918,8.079999923706055,7.769999980926514,7.96999979019165,7.96999979019165,608200
2020-01-16,8.050000190734863,8.34000015258789,7.940000057220459,8.109999656677246,8.109999656677246,637700
2020-01-17,8.109999656677246,8.130000114440918,7.840000152587891,7.880000114440918,7.880000114440918,695400
2020-01-21,7.869999885559082,8.039999961853027,7.619999885559082,8.020000457763672,8.020000457763672,881300
2020-01-22,8.0,8.029999732971191,7.730000019073486,7.769999980926514,7.769999980926514,775900
2020-01-23,7.760000228881836,7.840000152587891,7.550000190734863,7.820000171661377,7.820000171661377,565300
2020-01-24,7.880000114440918,7.920000076293945,7.519999980926514,7.559999942779541,7.559999942779541,609000
2020-01-27,7.449999809265137,7.75,7.349999904632568,7.46999979019165,7.46999979019165,469200
2020-01-28,7.53000020980835,7.650000095367432,7.389999866485596,7.539999961853027,7.539999961853027,328600
2020-01-29,7.599999904632568,7.619999885559082,7.320000171661377,7.320000171661377,7.320000171661377,385900
2020-01-30,7.320000171661377,7.449999809265137,6.96999979019165,7.150000095367432,7.150000095367432,636900
2020-01-31,7.150000095367432,7.260000228881836,6.989999771118164,7.099999904632568,7.099999904632568,423500
2020-02-03,7.0,7.300000190734863,7.0,7.170000076293945,7.170000076293945,613000
2020-02-04,7.260000228881836,7.320000171661377,6.889999866485596,6.940000057220459,6.940000057220459,755200
2020-02-05,7.070000171661377,7.449999809265137,6.96999979019165,7.409999847412109,7.409999847412109,399100
2020-02-06,7.449999809265137,7.71999979019165,7.190000057220459,7.670000076293945,7.670000076293945,372300
2020-02-07,7.570000171661377,7.789999961853027,7.5,7.710000038146973,7.710000038146973,381500
2020-02-10,7.659999847412109,7.789999961853027,7.519999980926514,7.769999980926514,7.769999980926514,303200
2020-02-11,7.769999980926514,8.390000343322754,7.650000095367432,7.800000190734863,7.800000190734863,664700
2020-02-12,7.829999923706055,7.949999809265137,7.670000076293945,7.869999885559082,7.869999885559082,338500
2020-02-13,7.869999885559082,8.180000305175781,7.800000190734863,7.960000038146973,7.960000038146973,238300
2020-02-14,7.989999771118164,8.229999542236328,7.889999866485596,8.069999694824219,8.069999694824219,304000
2020-02-18,7.840000152587891,8.539999961853027,7.840000152587891,8.380000114440918,8.380000114440918,458900
2020-02-19,8.430000305175781,8.75,8.350000381469727,8.649999618530273,8.649999618530273,356800
2020-02-20,8.670000076293945,9.850000381469727,8.619999885559082,9.720000267028809,9.720000267028809,1100700
2020-02-21,9.649999618530273,9.649999618530273,8.869999885559082,8.890000343322754,8.890000343322754,944900
2020-02-24,8.550000190734863,8.550000190734863,8.100000381469727,8.229999542236328,8.229999542236328,593100
2020-02-25,8.300000190734863,8.699999809265137,8.130000114440918,8.319999694824219,8.319999694824219,472100
2020-02-26,8.399999618530273,8.550000190734863,8.020000457763672,8.470000267028809,8.470000267028809,447700
2020-02-27,8.220000267028809,8.289999961853027,7.75,7.849999904632568,7.849999904632568,557300
2020-02-28,7.730000019073486,8.5,7.730000019073486,8.4399995803833,8.4399995803833,410500
2020-03-02,7.699999809265137,8.260000228881836,7.309999942779541,7.929999828338623,7.929999828338623,1307800
2020-03-03,7.940000057220459,8.649999618530273,7.920000076293945,8.170000076293945,8.170000076293945,642800
2020-03-04,8.4399995803833,8.869999885559082,8.180000305175781,8.6899995803833,8.6899995803833,361100
2020-03-05,8.5600004196167,9.619999885559082,8.510000228881836,9.25,9.25,548600
2020-03-06,9.0,9.40999984741211,8.619999885559082,9.270000457763672,9.270000457763672,499600
2020-03-09,8.90999984741211,9.0,8.34000015258789,8.65999984741211,8.65999984741211,409900
2020-03-10,8.930000305175781,9.149999618530273,8.109999656677246,8.300000190734863,8.300000190734863,449900
2020-03-11,8.140000343322754,8.680000305175781,7.71999979019165,8.119999885559082,8.119999885559082,493500
2020-03-12,7.590000152587891,8.15999984741211,7.309999942779541,7.360000133514404,7.360000133514404,729100
2020-03-13,7.320000171661377,7.849999904632568,6.610000133514404,7.849999904632568,7.849999904632568,925400
2020-03-16,7.159999847412109,8.119999885559082,6.71999979019165,8.050000190734863,8.050000190734863,513700
2020-03-17,8.119999885559082,12.770000457763672,7.760000228881836,12.300000190734863,12.300000190734863,1578100
2020-03-18,11.729999542236328,13.239999771118164,10.350000381469727,12.279999732971191,12.279999732971191,939400
2020-03-19,12.460000038146973,17.239999771118164,12.460000038146973,14.220000267028809,14.220000267028809,1053100
2020-03-20,14.1899995803833,14.5,11.229999542236328,11.880000114440918,11.880000114440918,797900
2020-03-23,12.180000305175781,12.180000305175781,8.220000267028809,10.109999656677246,10.109999656677246,697900
2020-03-24,10.630000114440918,11.020000457763672,9.699999809265137,9.979999542236328,9.979999542236328,341500
2020-03-25,9.9399995803833,10.470000267028809,9.3100004196167,9.59000015258789,9.59000015258789,425800
2020-03-26,9.65999984741211,10.369999885559082,9.65999984741211,10.09000015258789,10.09000015258789,399400
2020-03-27,10.0,10.069999694824219,9.109999656677246,9.229999542236328,9.229999542236328,285600
2020-03-30,9.390000343322754,9.600000381469727,8.65999984741211,9.199999809265137,9.199999809265137,298800
2020-03-31,9.170000076293945,9.640000343322754,8.970000267028809,9.369999885559082,9.369999885559082,359900
2020-04-01,9.369999885559082,10.229999542236328,8.720000267028809,9.0,9.0,538800
2020-04-02,8.920000076293945,9.0,7.96999979019165,8.079999923706055,8.079999923706055,392400
2020-04-03,8.100000381469727,8.539999961853027,7.710000038146973,8.25,8.25,421600
2020-04-06,8.460000038146973,8.6899995803833,8.170000076293945,8.380000114440918,8.380000114440918,282800
2020-04-07,8.470000267028809,8.529999732971191,7.630000114440918,7.739999771118164,7.739999771118164,506200
2020-04-08,7.829999923706055,8.029999732971191,7.550000190734863,7.75,7.75,1317400
2020-04-09,7.949999809265137,7.989999771118164,7.639999866485596,7.829999923706055,7.829999923706055,741000
2020-04-13,7.809999942779541,8.100000381469727,7.550000190734863,7.630000114440918,7.630000114440918,1091100
2020-04-14,7.75,8.140000343322754,7.659999847412109,7.940000057220459,7.940000057220459,1666100
2020-04-15,7.829999923706055,7.900000095367432,7.46999979019165,7.71999979019165,7.71999979019165,901000
2020-04-16,7.730000019073486,7.849999904632568,7.53000020980835,7.699999809265137,7.699999809265137,946300
2020-04-17,7.829999923706055,8.449999809265137,7.769999980926514,8.279999732971191,8.279999732971191,1402900
2020-04-20,8.199999809265137,8.680000305175781,8.029999732971191,8.149999618530273,8.149999618530273,1327500
2020-04-21,8.079999923706055,8.319999694824219,7.829999923706055,7.900000095367432,7.900000095367432,639800
2020-04-22,7.800000190734863,8.0,7.75,7.869999885559082,7.869999885559082,426600
2020-04-23,7.869999885559082,8.399999618530273,7.800000190734863,8.149999618530273,8.149999618530273,537900
2020-04-24,8.100000381469727,8.220000267028809,7.75,8.09000015258789,8.09000015258789,382000
2020-04-27,8.210000038146973,8.84000015258789,8.0,8.6899995803833,8.6899995803833,477500
2020-04-28,8.75,9.869999885559082,8.739999771118164,9.4399995803833,9.4399995803833,799300
2020-04-29,9.630000114440918,9.640000343322754,8.779999732971191,8.8100004196167,8.8100004196167,457800
2020-04-30,8.710000038146973,9.449999809265137,8.529999732971191,8.680000305175781,8.680000305175781,441900
2020-05-01,8.609999656677246,8.880000114440918,7.800000190734863,8.279999732971191,8.279999732971191,449200
2020-05-04,8.300000190734863,8.65999984741211,8.15999984741211,8.539999961853027,8.539999961853027,321700
2020-05-05,8.65999984741211,8.890000343322754,8.510000228881836,8.569999694824219,8.569999694824219,226900
2020-05-06,8.649999618530273,8.859999656677246,7.96999979019165,8.050000190734863,8.050000190734863,450600
2020-05-07,8.149999618530273,8.399999618530273,7.400000095367432,7.440000057220459,7.440000057220459,402800
2020-05-08,7.610000133514404,8.210000038146973,7.570000171661377,7.96999979019165,7.96999979019165,372700
2020-05-11,8.09000015258789,10.470000267028809,8.09000015258789,10.109999656677246,10.109999656677246,798500
2020-05-12,10.220000267028809,10.890000343322754,9.680000305175781,10.220000267028809,10.220000267028809,586700
2020-05-13,10.260000228881836,10.479999542236328,9.630000114440918,10.1899995803833,10.1899995803833,390400
2020-05-14,10.130000114440918,10.770000457763672,9.609999656677246,10.199999809265137,10.199999809265137,411100
2020-05-15,10.180000305175781,10.520000457763672,9.949999809265137,10.380000114440918,10.380000114440918,239400
2020-05-18,10.779999732971191,10.899999618530273,10.140000343322754,10.430000305175781,10.430000305175781,322300
2020-05-19,10.430000305175781,10.489999771118164,9.800000190734863,9.970000267028809,9.970000267028809,236900
2020-05-20,10.029999732971191,11.4399995803833,10.029999732971191,11.170000076293945,11.170000076293945,815900
2020-05-21,11.270000457763672,11.770000457763672,10.970000267028809,11.289999961853027,11.289999961853027,433800
2020-05-22,11.239999771118164,11.399999618530273,10.710000038146973,11.079999923706055,11.079999923706055,238800
2020-05-26,11.34000015258789,11.789999961853027,10.670000076293945,10.699999809265137,10.699999809265137,458200
2020-05-27,10.779999732971191,11.09000015258789,10.0,10.40999984741211,10.40999984741211,364200
2020-05-28,10.5,10.569999694824219,10.199999809265137,10.260000228881836,10.260000228881836,259900
2020-05-29,10.270000457763672,10.270000457763672,9.949999809265137,10.180000305175781,10.180000305175781,355600
2020-06-01,10.119999885559082,10.229999542236328,9.819999694824219,9.989999771118164,9.989999771118164,259700
2020-06-02,9.960000038146973,10.109999656677246,9.5600004196167,9.569999694824219,9.569999694824219,348900
2020-06-03,9.600000381469727,9.6899995803833,8.829999923706055,9.630000114440918,9.630000114440918,473400
2020-06-04,9.550000190734863,9.960000038146973,9.300000190734863,9.350000381469727,9.350000381469727,331000
2020-06-05,9.359999656677246,9.789999961853027,8.960000038146973,9.229999542236328,9.229999542236328,377000
2020-06-08,9.199999809265137,10.199999809265137,9.050000190734863,10.100000381469727,10.100000381469727,495500
2020-06-09,10.079999923706055,10.239999771118164,9.84000015258789,10.039999961853027,10.039999961853027,321000
2020-06-10,9.979999542236328,10.4399995803833,9.760000228881836,10.210000038146973,10.210000038146973,412300
2020-06-11,10.029999732971191,10.229999542236328,8.989999771118164,9.029999732971191,9.029999732971191,420900
2020-06-12,9.319999694824219,9.670000076293945,9.079999923706055,9.630000114440918,9.630000114440918,271000
2020-06-15,9.489999771118164,10.220000267028809,9.399999618530273,10.170000076293945,10.170000076293945,429000
2020-06-16,10.319999694824219,10.609999656677246,10.109999656677246,10.399999618530273,10.399999618530273,477500
2020-06-17,10.479999542236328,10.710000038146973,10.180000305175781,10.510000228881836,10.510000228881836,211200
2020-06-18,10.460000038146973,10.829999923706055,10.369999885559082,10.699999809265137,10.699999809265137,390200
2020-06-19,10.720000267028809,10.949999809265137,10.050000190734863,10.760000228881836,10.760000228881836,472500
2020-06-22,10.8100004196167,10.859999656677246,10.329999923706055,10.800000190734863,10.800000190734863,286000
2020-06-23,10.930000305175781,11.4399995803833,10.729999542236328,11.229999542236328,11.229999542236328,666800
2020-06-24,11.210000038146973,11.470000267028809,10.779999732971191,10.8100004196167,10.8100004196167,358800
2020-06-25,10.779999732971191,11.229999542236328,10.569999694824219,11.130000114440918,11.130000114440918,314400
2020-06-26,11.109999656677246,11.300000190734863,10.760000228881836,11.0600004196167,11.0600004196167,554800
2020-06-29,11.15999984741211,11.180000305175781,10.420000076293945,10.510000228881836,10.510000228881836,361900
2020-06-30,10.4399995803833,10.479999542236328,9.680000305175781,10.40999984741211,10.40999984741211,337700
2020-07-01,10.40999984741211,11.09000015258789,10.380000114440918,10.989999771118164,10.989999771118164,324100
2020-07-02,11.119999885559082,11.199999809265137,9.760000228881836,9.90999984741211,9.90999984741211,651600
2020-07-06,10.210000038146973,10.25,9.579999923706055,9.729999542236328,9.729999542236328,332900
2020-07-07,9.729999542236328,9.920000076293945,8.960000038146973,9.640000343322754,9.640000343322754,319400
2020-07-08,9.979999542236328,10.350000381469727,9.649999618530273,10.0,10.0,315300
2020-07-09,10.029999732971191,10.170000076293945,9.520000457763672,10.0,10.0,210700
2020-07-10,10.0,10.0600004196167,9.739999771118164,9.90999984741211,9.90999984741211,154100
2020-07-13,9.899999618530273,10.460000038146973,9.649999618530273,9.65999984741211,9.65999984741211,316200
2020-07-14,9.630000114440918,9.850000381469727,9.569999694824219,9.649999618530273,9.649999618530273,325200
2020-07-15,9.850000381469727,10.220000267028809,9.800000190734863,10.140000343322754,10.140000343322754,408700
2020-07-16,10.079999923706055,10.119999885559082,9.819999694824219,9.850000381469727,9.850000381469727,262600
2020-07-17,9.829999923706055,10.199999809265137,9.729999542236328,10.0,10.0,341300
2020-07-20,10.0600004196167,10.34000015258789,10.010000228881836,10.199999809265137,10.199999809265137,327600
2020-07-21,10.380000114440918,10.390000343322754,10.020000457763672,10.130000114440918,10.130000114440918,312000
2020-07-22,10.09000015258789,10.329999923706055,9.819999694824219,9.84000015258789,9.84000015258789,310300
2020-07-23,10.039999961853027,10.149999618530273,9.569999694824219,9.59000015258789,9.59000015258789,367700
2020-07-24,9.649999618530273,9.779999732971191,9.220000267028809,9.260000228881836,9.260000228881836,229100
2020-07-27,9.329999923706055,9.479999542236328,9.010000228881836,9.149999618530273,9.149999618530273,576400
2020-07-28,9.1899995803833,9.220000267028809,8.75,8.760000228881836,8.760000228881836,353600
2020-07-29,8.760000228881836,9.020000457763672,8.5,8.869999885559082,8.869999885559082,362500
2020-07-30,8.989999771118164,9.140000343322754,8.8100004196167,8.899999618530273,8.899999618530273,351700
2020-07-31,9.050000190734863,9.0600004196167,8.720000267028809,8.779999732971191,8.779999732971191,324400
2020-08-03,8.789999961853027,9.050000190734863,8.779999732971191,8.949999809265137,8.949999809265137,288700
2020-08-04,9.079999923706055,9.09000015258789,8.710000038146973,8.989999771118164,8.989999771118164,213600
2020-08-05,9.050000190734863,9.149999618530273,8.8100004196167,9.010000228881836,9.010000228881836,213900
2020-08-06,9.140000343322754,9.170000076293945,8.859999656677246,8.979999542236328,8.979999542236328,172500
2020-08-07,9.010000228881836,9.180000305175781,9.0,9.149999618530273,9.149999618530273,547400
2020-08-10,9.020000457763672,9.600000381469727,8.760000228881836,9.430000305175781,9.430000305175781,483800
2020-08-11,9.5,9.5,9.229999542236328,9.289999961853027,9.289999961853027,356400
2020-08-12,9.34000015258789,9.5600004196167,9.119999885559082,9.300000190734863,9.300000190734863,654500
2020-08-13,9.3100004196167,9.529999732971191,8.989999771118164,9.170000076293945,9.170000076293945,377300
2020-08-14,9.199999809265137,9.239999771118164,8.960000038146973,9.100000381469727,9.100000381469727,180600
2020-08-17,9.069999694824219,9.350000381469727,8.949999809265137,9.109999656677246,9.109999656677246,543400
2020-08-18,9.15999984741211,9.180000305175781,8.619999885559082,9.130000114440918,9.130000114440918,956800
2020-08-19,9.170000076293945,10.25,9.0600004196167,10.100000381469727,10.100000381469727,1713100
2020-08-20,10.010000228881836,11.430000305175781,9.989999771118164,11.220000267028809,11.220000267028809,2735500
2020-08-21,11.390000343322754,11.829999923706055,11.029999732971191,11.600000381469727,11.600000381469727,2027200
2020-08-24,11.859999656677246,11.960000038146973,11.050000190734863,11.100000381469727,11.100000381469727,1349200
2020-08-25,11.34000015258789,12.819999694824219,11.210000038146973,12.670000076293945,12.670000076293945,1234000
2020-08-26,12.9399995803833,13.600000381469727,11.579999923706055,11.829999923706055,11.829999923706055,2069300
2020-08-27,12.010000228881836,12.319999694824219,11.59000015258789,11.829999923706055,11.829999923706055,994800
2020-08-28,11.9399995803833,12.899999618530273,11.710000038146973,12.479999542236328,12.479999542236328,1155000
2020-08-31,12.640000343322754,12.819999694824219,12.199999809265137,12.529999732971191,12.529999732971191,817800
2020-09-01,12.65999984741211,12.75,12.300000190734863,12.399999618530273,12.399999618530273,451400
2020-09-02,12.539999961853027,12.6899995803833,12.229999542236328,12.539999961853027,12.539999961853027,542000
2020-09-03,12.569999694824219,12.699999809265137,12.359999656677246,12.399999618530273,12.399999618530273,614700
2020-09-04,12.510000228881836,12.640000343322754,11.6899995803833,12.069999694824219,12.069999694824219,633600
2020-09-08,12.050000190734863,12.520000457763672,11.270000457763672,11.729999542236328,11.729999542236328,726600
2020-09-09,12.0,12.539999961853027,12.0,12.529999732971191,12.529999732971191,944300
2020-09-10,12.739999771118164,12.739999771118164,12.180000305175781,12.210000038146973,12.210000038146973,432000
2020-09-11,12.229999542236328,13.720000267028809,12.210000038146973,13.600000381469727,13.600000381469727,592500
2020-09-14,13.850000381469727,14.670000076293945,13.369999885559082,14.609999656677246,14.609999656677246,733300
2020-09-15,14.829999923706055,16.579999923706055,14.550000190734863,16.360000610351562,16.360000610351562,1232900
2020-09-16,16.420000076293945,19.100000381469727,16.010000228881836,17.709999084472656,17.709999084472656,2088100
2020-09-17,17.25,19.8799991607666,16.829999923706055,19.09000015258789,19.09000015258789,1607600
2020-09-18,19.059999465942383,19.979999542236328,18.3700008392334,19.540000915527344,19.540000915527344,1438500
2020-09-21,19.790000915527344,19.790000915527344,14.680000305175781,15.050000190734863,15.050000190734863,1752800
2020-09-22,15.40999984741211,17.079999923706055,15.270000457763672,15.84000015258789,15.84000015258789,2069600
2020-09-23,10.90999984741211,11.239999771118164,9.739999771118164,10.020000457763672,10.020000457763672,12357000
2020-09-24,9.789999961853027,9.920000076293945,8.869999885559082,9.5600004196167,9.5600004196167,4175700
2020-09-25,9.539999961853027,9.829999923706055,9.180000305175781,9.270000457763672,9.270000457763672,2193500
2020-09-28,9.359999656677246,9.649999618530273,8.600000381469727,9.34000015258789,9.34000015258789,2143000
2020-09-29,9.279999732971191,9.470000267028809,9.020000457763672,9.1899995803833,9.1899995803833,1012600
2020-09-30,9.1899995803833,9.5600004196167,8.170000076293945,8.489999771118164,8.489999771118164,2847900
2020-10-01,8.489999771118164,8.680000305175781,8.050000190734863,8.180000305175781,8.180000305175781,2200900
2020-10-02,8.010000228881836,8.1899995803833,7.900000095367432,8.039999961853027,8.039999961853027,987400
2020-10-05,8.15999984741211,8.720000267028809,7.949999809265137,8.510000228881836,8.510000228881836,1759500
2020-10-06,8.6899995803833,9.140000343322754,8.609999656677246,8.720000267028809,8.720000267028809,1663000
2020-10-07,8.789999961853027,9.079999923706055,8.640000343322754,8.970000267028809,8.970000267028809,623000
2020-10-08,9.100000381469727,9.180000305175781,8.869999885559082,9.020000457763672,9.020000457763672,476800
2020-10-09,9.0600004196167,9.0600004196167,8.359999656677246,8.4399995803833,8.4399995803833,804900
2020-10-12,8.489999771118164,9.010000228881836,8.470000267028809,8.720000267028809,8.720000267028809,724600
2020-10-13,8.720000267028809,9.359999656677246,8.5,9.140000343322754,9.140000343322754,804700
2020-10-14,9.220000267028809,9.260000228881836,8.869999885559082,8.869999885559082,8.869999885559082,500900
2020-10-15,8.800000190734863,8.899999618530273,8.600000381469727,8.880000114440918,8.880000114440918,455600
2020-10-16,8.869999885559082,9.09000015258789,8.729999542236328,8.920000076293945,8.920000076293945,480000
2020-10-19,8.9399995803833,9.039999961853027,8.369999885559082,8.40999984741211,8.40999984741211,783700
2020-10-20,8.449999809265137,8.770000457763672,8.15999984741211,8.289999961853027,8.289999961853027,518500
2020-10-21,8.260000228881836,8.5600004196167,8.170000076293945,8.210000038146973,8.210000038146973,589700
2020-10-22,8.34000015258789,8.59000015258789,8.109999656677246,8.3100004196167,8.3100004196167,809400
2020-10-23,8.3100004196167,8.350000381469727,7.920000076293945,7.989999771118164,7.989999771118164,674900
2020-10-26,7.800000190734863,7.929999828338623,7.400000095367432,7.650000095367432,7.650000095367432,797600
2020-10-27,7.769999980926514,8.100000381469727,7.53000020980835,7.869999885559082,7.869999885559082,578900
2020-10-28,7.670000076293945,7.699999809265137,7.389999866485596,7.46999979019165,7.46999979019165,597100
2020-10-29,7.53000020980835,7.599999904632568,7.289999961853027,7.300000190734863,7.300000190734863,720300
2020-10-30,7.239999771118164,7.440000057220459,6.760000228881836,7.070000171661377,7.070000171661377,1074400
2020-11-02,7.059999942779541,7.190000057220459,6.889999866485596,6.989999771118164,6.989999771118164,712000
2020-11-03,7.099999904632568,7.369999885559082,6.800000190734863,7.190000057220459,7.190000057220459,1670200
2020-11-04,7.230000019073486,7.989999771118164,7.230000019073486,7.579999923706055,7.579999923706055,958100
2020-11-05,7.699999809265137,7.699999809265137,7.230000019073486,7.269999980926514,7.269999980926514,652100
2020-11-06,7.199999809265137,7.389999866485596,7.03000020980835,7.21999979019165,7.21999979019165,435800
2020-11-09,7.320000171661377,7.730000019073486,7.010000228881836,7.480000019073486,7.480000019073486,876100
2020-11-10,7.409999847412109,7.650000095367432,7.119999885559082,7.420000076293945,7.420000076293945,576200
2020-11-11,7.5,8.109999656677246,7.400000095367432,7.679999828338623,7.679999828338623,1375300
2020-11-12,7.630000114440918,8.180000305175781,7.579999923706055,7.900000095367432,7.900000095367432,724800
2020-11-13,8.0,8.5,7.949999809265137,8.079999923706055,8.079999923706055,861600
2020-11-16,8.399999618530273,8.699999809265137,8.140000343322754,8.430000305175781,8.430000305175781,742600
2020-11-17,8.489999771118164,8.899999618530273,8.239999771118164,8.5,8.5,939000
2020-11-18,8.479999542236328,9.0,8.40999984741211,8.4399995803833,8.4399995803833,780300
2020-11-19,8.399999618530273,8.899999618530273,8.260000228881836,8.770000457763672,8.770000457763672,682600
2020-11-20,8.850000381469727,9.0,8.5,8.630000114440918,8.630000114440918,548200
2020-11-23,8.699999809265137,9.25,8.630000114440918,9.029999732971191,9.029999732971191,662200
2020-11-24,9.100000381469727,9.34000015258789,8.859999656677246,9.010000228881836,9.010000228881836,922900
2020-11-25,9.029999732971191,9.550000190734863,8.989999771118164,9.210000038146973,9.210000038146973,848600
2020-11-27,9.380000114440918,9.5,9.1899995803833,9.260000228881836,9.260000228881836,276600
2020-11-30,9.350000381469727,9.399999618530273,8.579999923706055,8.819999694824219,8.819999694824219,605500
2020-12-01,9.0,9.270000457763672,8.819999694824219,8.949999809265137,8.949999809265137,465300
2020-12-02,8.869999885559082,9.319999694824219,8.779999732971191,9.1899995803833,9.1899995803833,292900
2020-12-03,9.270000457763672,9.5,9.0,9.100000381469727,9.100000381469727,358400
2020-12-04,9.100000381469727,9.34000015258789,8.600000381469727,8.760000228881836,8.760000228881836,556900
2020-12-07,8.770000457763672,9.199999809265137,8.479999542236328,8.619999885559082,8.619999885559082,477200
2020-12-08,8.5600004196167,9.050000190734863,8.5,8.850000381469727,8.850000381469727,490600
2020-12-09,8.970000267028809,9.0,8.420000076293945,8.609999656677246,8.609999656677246,463500
2020-12-10,8.569999694824219,9.15999984741211,8.489999771118164,9.020000457763672,9.020000457763672,520400
2020-12-11,8.920000076293945,9.109999656677246,8.760000228881836,8.84000015258789,8.84000015258789,474800
2020-12-14,8.960000038146973,9.640000343322754,8.739999771118164,9.210000038146973,9.210000038146973,1450900
2020-12-15,9.699999809265137,9.729999542236328,8.949999809265137,9.180000305175781,9.180000305175781,819900
2020-12-16,9.199999809265137,9.430000305175781,8.770000457763672,8.869999885559082,8.869999885559082,444900
2020-12-17,8.949999809265137,9.029999732971191,8.449999809265137,8.5600004196167,8.5600004196167,540900
2020-12-18,8.600000381469727,9.0,8.260000228881836,8.40999984741211,8.40999984741211,2679700
2020-12-21,8.3100004196167,8.510000228881836,8.130000114440918,8.270000457763672,8.270000457763672,723400
2020-12-22,8.5,8.850000381469727,8.300000190734863,8.729999542236328,8.729999542236328,606500
2020-12-23,8.770000457763672,8.84000015258789,8.539999961853027,8.75,8.75,374300
2020-12-24,8.779999732971191,9.079999923706055,8.710000038146973,8.90999984741211,8.90999984741211,292400
2020-12-28,9.050000190734863,9.050000190734863,8.539999961853027,8.59000015258789,8.59000015258789,367800
2020-12-29,8.619999885559082,8.619999885559082,7.940000057220459,8.010000228881836,8.010000228881836,578600
2020-12-30,7.960000038146973,8.220000267028809,7.860000133514404,7.96999979019165,7.96999979019165,417000
2020-12-31,7.900000095367432,7.960000038146973,7.670000076293945,7.869999885559082,7.869999885559082,596200
2021-01-04,7.880000114440918,8.520000457763672,7.670000076293945,8.289999961853027,8.289999961853027,761500
2021-01-05,8.319999694824219,8.84000015258789,8.119999885559082,8.449999809265137,8.449999809265137,696600
2021-01-06,8.579999923706055,9.220000267028809,8.329999923706055,9.149999618530273,9.149999618530273,1008600
2021-01-07,9.100000381469727,9.8100004196167,9.09000015258789,9.75,9.75,904900
2021-01-08,9.760000228881836,10.430000305175781,9.569999694824219,10.350000381469727,10.350000381469727,915800
2021-01-11,10.229999542236328,10.329999923706055,9.220000267028809,9.630000114440918,9.630000114440918,916600
2021-01-12,9.649999618530273,9.960000038146973,9.210000038146973,9.3100004196167,9.3100004196167,517900
2021-01-13,9.3100004196167,9.369999885559082,8.739999771118164,8.859999656677246,8.859999656677246,704100
2021-01-14,8.880000114440918,9.199999809265137,8.850000381469727,8.970000267028809,8.970000267028809,919200
2021-01-15,8.960000038146973,9.550000190734863,8.819999694824219,9.130000114440918,9.130000114440918,471300
2021-01-19,9.260000228881836,9.489999771118164,8.829999923706055,8.930000305175781,8.930000305175781,589800
2021-01-20,8.890000343322754,9.539999961853027,8.850000381469727,9.5,9.5,438700
2021-01-21,9.520000457763672,9.890000343322754,9.430000305175781,9.770000457763672,9.770000457763672,540500
2021-01-22,9.710000038146973,10.029999732971191,9.600000381469727,9.970000267028809,9.970000267028809,285700
2021-01-25,9.970000267028809,10.319999694824219,9.880000114440918,10.25,10.25,635500
2021-01-26,10.15999984741211,10.350000381469727,9.630000114440918,9.720000267028809,9.720000267028809,772500
2021-01-27,9.569999694824219,10.649999618530273,9.569999694824219,10.039999961853027,10.039999961853027,1224500
2021-01-28,10.1899995803833,10.670000076293945,9.770000457763672,9.859999656677246,9.859999656677246,704500
2021-01-29,9.760000228881836,10.3100004196167,9.65999984741211,10.170000076293945,10.170000076293945,393600
2021-02-01,10.170000076293945,10.59000015258789,9.920000076293945,10.479999542236328,10.479999542236328,294900
2021-02-02,10.399999618530273,10.520000457763672,10.050000190734863,10.390000343322754,10.390000343322754,346700
2021-02-03,10.350000381469727,10.529999732971191,10.149999618530273,10.239999771118164,10.239999771118164,331800
2021-02-04,10.359999656677246,12.010000228881836,10.15999984741211,12.010000228881836,12.010000228881836,1042100
2021-02-05,11.920000076293945,12.170000076293945,11.029999732971191,11.5600004196167,11.5600004196167,592500
2021-02-08,11.510000228881836,11.640000343322754,11.029999732971191,11.180000305175781,11.180000305175781,510600
2021-02-09,11.369999885559082,11.390000343322754,10.920000076293945,11.010000228881836,11.010000228881836,521700
2021-02-10,11.15999984741211,11.170000076293945,10.640000343322754,11.0,11.0,352200
2021-02-11,11.149999618530273,11.149999618530273,10.489999771118164,10.789999961853027,10.789999961853027,345500
2021-02-12,10.670000076293945,10.779999732971191,10.40999984741211,10.6899995803833,10.6899995803833,232900
2021-02-16,10.579999923706055,10.90999984741211,10.369999885559082,10.579999923706055,10.579999923706055,533700
2021-02-17,10.510000228881836,11.220000267028809,10.25,10.670000076293945,10.670000076293945,499400
2021-02-18,10.489999771118164,10.600000381469727,9.869999885559082,10.100000381469727,10.100000381469727,497800
2021-02-19,10.069999694824219,10.539999961853027,10.0,10.109999656677246,10.109999656677246,401400
2021-02-22,10.0600004196167,10.3100004196167,9.899999618530273,10.0,10.0,531800
2021-02-23,9.739999771118164,9.899999618530273,9.430000305175781,9.720000267028809,9.720000267028809,565600
2021-02-24,9.84000015258789,10.050000190734863,9.569999694824219,9.65999984741211,9.65999984741211,335000
2021-02-25,9.609999656677246,9.779999732971191,9.260000228881836,9.40999984741211,9.40999984741211,302600
2021-02-26,9.329999923706055,9.649999618530273,9.0,9.40999984741211,9.40999984741211,310200
2021-03-01,9.489999771118164,10.289999961853027,9.25,10.029999732971191,10.029999732971191,579800
2021-03-02,10.170000076293945,10.739999771118164,9.899999618530273,10.710000038146973,10.710000038146973,745000
2021-03-03,10.800000190734863,11.09000015258789,10.079999923706055,10.239999771118164,10.239999771118164,752100
2021-03-04,10.029999732971191,10.270000457763672,8.850000381469727,9.34000015258789,9.34000015258789,988500
2021-03-05,9.5,9.600000381469727,8.859999656677246,9.4399995803833,9.4399995803833,914800
2021-03-08,9.550000190734863,10.069999694824219,9.020000457763672,9.920000076293945,9.920000076293945,973300
2021-03-09,9.949999809265137,10.15999984741211,8.9399995803833,9.329999923706055,9.329999923706055,1250300
2021-03-10,9.569999694824219,9.569999694824219,9.079999923706055,9.170000076293945,9.170000076293945,848400
2021-03-11,9.479999542236328,9.760000228881836,9.260000228881836,9.710000038146973,9.710000038146973,691600
2021-03-12,9.710000038146973,10.140000343322754,9.579999923706055,9.930000305175781,9.930000305175781,660500
2021-03-15,9.899999618530273,10.640000343322754,9.899999618530273,10.020000457763672,10.020000457763672,408900
2021-03-16,10.039999961853027,10.539999961853027,9.479999542236328,9.670000076293945,9.670000076293945,523800
2021-03-17,9.65999984741211,9.970000267028809,9.40999984741211,9.880000114440918,9.880000114440918,193300
2021-03-18,9.739999771118164,9.979999542236328,9.550000190734863,9.59000015258789,9.59000015258789,244900
2021-03-19,9.649999618530273,10.069999694824219,9.40999984741211,9.9399995803833,9.9399995803833,655900
2021-03-22,9.869999885559082,10.90999984741211,9.789999961853027,10.529999732971191,10.529999732971191,760900
2021-03-23,8.84000015258789,8.899999618530273,7.53000020980835,8.300000190734863,8.300000190734863,3356200
2021-03-24,8.380000114440918,8.40999984741211,7.5,7.659999847412109,7.659999847412109,2120300
2021-03-25,7.519999980926514,7.690000057220459,7.25,7.559999942779541,7.559999942779541,1471100
2021-03-26,7.71999979019165,7.78000020980835,7.019999980926514,7.349999904632568,7.349999904632568,831400
2021-03-29,7.369999885559082,7.5,6.96999979019165,7.090000152587891,7.090000152587891,1048600
2021-03-30,5.25,6.110000133514404,4.820000171661377,5.960000038146973,5.960000038146973,7678500
2021-03-31,5.829999923706055,6.199999809265137,5.46999979019165,5.610000133514404,5.610000133514404,2548600
2021-04-01,5.690000057220459,6.340000152587891,5.619999885559082,6.090000152587891,6.090000152587891,1772400
2021-04-05,6.190000057220459,6.639999866485596,5.989999771118164,6.360000133514404,6.360000133514404,1324700
2021-04-06,6.289999961853027,6.46999979019165,6.239999771118164,6.269999980926514,6.269999980926514,505400
2021-04-07,6.230000019073486,6.400000095367432,6.179999828338623,6.260000228881836,6.260000228881836,575800
2021-04-08,6.309999942779541,6.369999885559082,6.230000019073486,6.289999961853027,6.289999961853027,287300
2021-04-09,6.289999961853027,6.570000171661377,6.210000038146973,6.230000019073486,6.230000019073486,868400
2021-04-12,6.21999979019165,6.869999885559082,6.059999942779541,6.349999904632568,6.349999904632568,1085300
2021-04-13,6.360000133514404,6.5,6.179999828338623,6.440000057220459,6.440000057220459,465100
2021-04-14,6.440000057220459,6.599999904632568,6.25,6.260000228881836,6.260000228881836,687000
2021-04-15,6.369999885559082,6.590000152587891,6.300000190734863,6.340000152587891,6.340000152587891,246200
2021-04-16,6.400000095367432,6.46999979019165,6.099999904632568,6.269999980926514,6.269999980926514,334200
2021-04-19,6.099999904632568,6.25,5.909999847412109,5.949999809265137,5.949999809265137,597200
2021-04-20,5.929999828338623,6.019999980926514,5.869999885559082,5.900000095367432,5.900000095367432,361200
2021-04-21,5.869999885559082,6.170000076293945,5.699999809265137,6.110000133514404,6.110000133514404,257700
2021-04-22,6.119999885559082,6.360000133514404,6.03000020980835,6.079999923706055,6.079999923706055,408600
2021-04-23,6.119999885559082,6.349999904632568,6.010000228881836,6.070000171661377,6.070000171661377,316900
2021-04-26,6.110000133514404,6.369999885559082,6.03000020980835,6.269999980926514,6.269999980926514,630500
2021-04-27,6.309999942779541,6.309999942779541,6.0,6.179999828338623,6.179999828338623,1292800
2021-04-28,6.130000114440918,6.329999923706055,6.050000190734863,6.179999828338623,6.179999828338623,701700
2021-04-29,6.21999979019165,6.25,6.0,6.130000114440918,6.130000114440918,357500
2021-04-30,6.059999942779541,6.170000076293945,5.900000095367432,6.150000095367432,6.150000095367432,772800
2021-05-03,6.079999923706055,6.409999847412109,6.0,6.340000152587891,6.340000152587891,952500
2021-05-04,6.269999980926514,6.269999980926514,5.679999828338623,5.789999961853027,5.789999961853027,841200
2021-05-05,5.869999885559082,6.190000057220459,5.820000171661377,6.019999980926514,6.019999980926514,1300900
2021-05-06,6.0,6.050000190734863,5.559999942779541,5.650000095367432,5.650000095367432,1662200
2021-05-07,5.699999809265137,6.139999866485596,5.619999885559082,6.079999923706055,6.079999923706055,809200
2021-05-10,6.090000152587891,6.329999923706055,5.889999866485596,6.019999980926514,6.019999980926514,1049200
2021-05-11,6.010000228881836,6.150000095367432,5.789999961853027,5.809999942779541,5.809999942779541,1059000
2021-05-12,5.730000019073486,6.349999904632568,5.690000057220459,6.119999885559082,6.119999885559082,1380600
2021-05-13,5.849999904632568,6.309999942779541,5.460000038146973,5.860000133514404,5.860000133514404,1572200
2021-05-14,5.75,6.21999979019165,5.53000020980835,6.210000038146973,6.210000038146973,991400
2021-05-17,6.260000228881836,6.489999771118164,6.039999961853027,6.199999809265137,6.199999809265137,1948200
2021-05-18,6.21999979019165,7.039999961853027,6.21999979019165,6.710000038146973,6.710000038146973,1925900
2021-05-19,6.679999828338623,6.889999866485596,6.519999980926514,6.739999771118164,6.739999771118164,1382500
2021-05-20,6.730000019073486,6.929999828338623,6.610000133514404,6.909999847412109,6.909999847412109,245100
2021-05-21,6.679999828338623,7.110000133514404,6.53000020980835,6.849999904632568,6.849999904632568,576000
2021-05-24,6.849999904632568,6.849999904632568,6.320000171661377,6.460000038146973,6.460000038146973,514000
2021-05-25,6.440000057220459,6.730000019073486,6.349999904632568,6.519999980926514,6.519999980926514,405700
2021-05-26,6.570000171661377,6.800000190734863,6.5,6.78000020980835,6.78000020980835,431800
2021-05-27,6.840000152587891,6.949999809265137,6.710000038146973,6.889999866485596,6.889999866485596,918500
2021-05-28,6.929999828338623,7.300000190734863,6.800000190734863,6.840000152587891,6.840000152587891,547700
2021-06-01,6.840000152587891,6.949999809265137,6.510000228881836,6.730000019073486,6.730000019073486,610500
2021-06-02,6.739999771118164,6.849999904632568,6.53000020980835,6.730000019073486,6.730000019073486,456900
2021-06-03,6.800000190734863,7.0,6.710000038146973,6.909999847412109,6.909999847412109,472300
2021-06-04,6.960000038146973,7.019999980926514,6.739999771118164,6.769999980926514,6.769999980926514,536900
2021-06-07,6.800000190734863,7.150000095367432,6.730000019073486,7.070000171661377,7.070000171661377,838900
2021-06-08,7.190000057220459,7.309999942779541,6.940000057220459,7.260000228881836,7.260000228881836,647800
2021-06-09,7.300000190734863,7.489999771118164,7.260000228881836,7.300000190734863,7.300000190734863,236200
2021-06-10,7.300000190734863,7.539999961853027,7.119999885559082,7.46999979019165,7.46999979019165,865600
2021-06-11,7.550000190734863,7.550000190734863,7.059999942779541,7.239999771118164,7.239999771118164,767000
2021-06-14,7.309999942779541,7.460000038146973,7.25,7.309999942779541,7.309999942779541,431300
2021-06-15,7.099999904632568,7.309999942779541,7.03000020980835,7.130000114440918,7.130000114440918,318900
2021-06-16,7.090000152587891,7.230000019073486,6.920000076293945,7.059999942779541,7.059999942779541,257600
2021-06-17,6.820000171661377,7.28000020980835,6.820000171661377,7.170000076293945,7.170000076293945,327900
2021-06-18,7.119999885559082,7.25,7.010000228881836,7.239999771118164,7.239999771118164,679300
2021-06-21,7.139999866485596,7.320000171661377,6.989999771118164,7.039999961853027,7.039999961853027,365100
2021-06-22,7.039999961853027,7.039999961853027,6.579999923706055,6.75,6.75,480100
2021-06-23,6.789999961853027,7.070000171661377,6.789999961853027,7.039999961853027,7.039999961853027,626300
2021-06-24,7.079999923706055,7.309999942779541,7.019999980926514,7.190000057220459,7.190000057220459,450700
2021-06-25,7.170000076293945,7.300000190734863,7.050000190734863,7.050000190734863,7.050000190734863,950000
2021-06-28,7.130000114440918,7.159999847412109,6.809999942779541,6.840000152587891,6.840000152587891,385700
2021-06-29,6.949999809265137,7.010000228881836,6.659999847412109,6.710000038146973,6.710000038146973,246300
2021-06-30,6.659999847412109,6.869999885559082,6.480000019073486,6.659999847412109,6.659999847412109,278400
2021-07-01,6.639999866485596,6.78000020980835,6.5,6.739999771118164,6.739999771118164,315100
2021-07-02,6.75,6.78000020980835,6.570000171661377,6.679999828338623,6.679999828338623,167100
2021-07-06,6.579999923706055,6.730000019073486,6.480000019073486,6.71999979019165,6.71999979019165,419400
2021-07-07,6.739999771118164,6.949999809265137,6.619999885559082,6.699999809265137,6.699999809265137,339100
2021-07-08,6.579999923706055,6.860000133514404,6.510000228881836,6.829999923706055,6.829999923706055,246300
2021-07-09,6.909999847412109,7.03000020980835,6.71999979019165,7.0,7.0,353000
2021-07-12,7.019999980926514,7.079999923706055,6.820000171661377,7.0,7.0,645400
2021-07-13,6.96999979019165,7.050000190734863,6.909999847412109,6.960000038146973,6.960000038146973,525200
2021-07-14,7.0,7.0,6.489999771118164,6.639999866485596,6.639999866485596,779200
2021-07-15,6.690000057220459,6.710000038146973,6.440000057220459,6.480000019073486,6.480000019073486,371300
2021-07-16,6.559999942779541,6.78000020980835,6.449999809265137,6.650000095367432,6.650000095367432,318200
2021-07-19,6.610000133514404,6.789999961853027,6.559999942779541,6.690000057220459,6.690000057220459,408800
2021-07-20,6.690000057220459,7.239999771118164,6.659999847412109,7.119999885559082,7.119999885559082,456800
2021-07-21,7.179999828338623,7.179999828338623,6.840000152587891,6.849999904632568,6.849999904632568,311400
2021-07-22,6.800000190734863,6.800000190734863,6.159999847412109,6.460000038146973,6.460000038146973,721200
2021-07-23,6.480000019073486,6.489999771118164,5.789999961853027,5.840000152587891,5.840000152587891,279500
2021-07-26,5.800000190734863,5.809999942779541,5.349999904632568,5.480000019073486,5.480000019073486,494600
2021-07-27,5.489999771118164,5.809999942779541,5.400000095367432,5.650000095367432,5.650000095367432,385800
2021-07-28,5.619999885559082,5.849999904632568,5.420000076293945,5.820000171661377,5.820000171661377,231800
2021-07-29,5.840000152587891,5.920000076293945,5.739999771118164,5.760000228881836,5.760000228881836,157900
2021-07-30,5.699999809265137,5.800000190734863,5.449999809265137,5.510000228881836,5.510000228881836,177400
2021-08-02,5.510000228881836,5.699999809265137,5.480000019073486,5.610000133514404,5.610000133514404,229100
2021-08-03,5.630000114440918,5.630000114440918,5.329999923706055,5.559999942779541,5.559999942779541,208700
2021-08-04,5.53000020980835,5.71999979019165,5.369999885559082,5.550000190734863,5.550000190734863,458800
2021-08-05,5.460000038146973,6.050000190734863,5.380000114440918,6.03000020980835,6.03000020980835,2025200
2021-08-06,6.130000114440918,6.239999771118164,5.71999979019165,5.940000057220459,5.940000057220459,301300
2021-08-09,6.019999980926514,6.079999923706055,5.789999961853027,5.840000152587891,5.840000152587891,209000
2021-08-10,5.900000095367432,5.900000095367432,5.510000228881836,5.53000020980835,5.53000020980835,166100
2021-08-11,5.599999904632568,5.769999980926514,5.5,5.699999809265137,5.699999809265137,202300
2021-08-12,5.670000076293945,6.400000095367432,5.659999847412109,6.260000228881836,6.260000228881836,998200
2021-08-13,6.320000171661377,6.449999809265137,6.159999847412109,6.409999847412109,6.409999847412109,391100
2021-08-16,6.349999904632568,6.550000190734863,5.960000038146973,5.96999979019165,5.96999979019165,297100
2021-08-17,5.909999847412109,6.349999904632568,5.800000190734863,6.309999942779541,6.309999942779541,475900
2021-08-18,6.269999980926514,6.480000019073486,5.679999828338623,5.71999979019165,5.71999979019165,308900
2021-08-19,6.03000020980835,6.03000020980835,5.559999942779541,5.610000133514404,5.610000133514404,242300
2021-08-20,5.550000190734863,6.179999828338623,5.550000190734863,6.039999961853027,6.039999961853027,279300
2021-08-23,6.139999866485596,6.230000019073486,5.920000076293945,6.019999980926514,6.019999980926514,234700
2021-08-24,6.059999942779541,6.150000095367432,5.949999809265137,5.989999771118164,5.989999771118164,185000
2021-08-25,6.019999980926514,6.059999942779541,5.889999866485596,5.929999828338623,5.929999828338623,116200
2021-08-26,5.960000038146973,6.230000019073486,5.650000095367432,5.75,5.75,290700
2021-08-27,5.769999980926514,6.0,5.739999771118164,5.940000057220459,5.940000057220459,180000
2021-08-30,5.929999828338623,6.099999904632568,5.920000076293945,6.070000171661377,6.070000171661377,80200
2021-08-31,6.070000171661377,6.639999866485596,6.070000171661377,6.329999923706055,6.329999923706055,259200
2021-09-01,6.269999980926514,6.639999866485596,6.25,6.5,6.5,381500
2021-09-02,6.46999979019165,6.559999942779541,6.329999923706055,6.429999828338623,6.429999828338623,290900
2021-09-03,6.25,6.5,6.059999942779541,6.230000019073486,6.230000019073486,222200
2021-09-07,6.269999980926514,6.539999961853027,6.039999961853027,6.099999904632568,6.099999904632568,190700
2021-09-08,6.03000020980835,6.119999885559082,5.71999979019165,5.900000095367432,5.900000095367432,405000
2021-09-09,5.920000076293945,6.190000057220459,5.909999847412109,6.079999923706055,6.079999923706055,205300
2021-09-10,6.179999828338623,6.199999809265137,5.96999979019165,6.050000190734863,6.050000190734863,394500
2021-09-13,6.059999942779541,6.449999809265137,5.929999828338623,6.090000152587891,6.090000152587891,1232800
2021-09-14,6.139999866485596,6.139999866485596,5.460000038146973,5.489999771118164,5.489999771118164,482700
2021-09-15,5.670000076293945,6.199999809265137,5.380000114440918,5.539999961853027,5.539999961853027,1183900
2021-09-16,5.519999980926514,5.519999980926514,5.119999885559082,5.5,5.5,365800
2021-09-17,5.5,5.940000057220459,5.400000095367432,5.679999828338623,5.679999828338623,832400
2021-09-20,5.579999923706055,5.699999809265137,5.46999979019165,5.599999904632568,5.599999904632568,271600
2021-09-21,5.639999866485596,5.71999979019165,5.53000020980835,5.679999828338623,5.679999828338623,126300
2021-09-22,5.690000057220459,5.900000095367432,5.619999885559082,5.849999904632568,5.849999904632568,120200
2021-09-23,5.860000133514404,6.110000133514404,5.829999923706055,6.079999923706055,6.079999923706055,153400
2021-09-24,6.070000171661377,6.320000171661377,6.0,6.179999828338623,6.179999828338623,326600
2021-09-27,6.199999809265137,6.239999771118164,6.0,6.159999847412109,6.159999847412109,150600
2021-09-28,6.130000114440918,6.28000020980835,5.349999904632568,5.400000095367432,5.400000095367432,871400
2021-09-29,5.489999771118164,5.539999961853027,4.869999885559082,4.889999866485596,4.889999866485596,1447600
2021-09-30,4.889999866485596,5.239999771118164,4.880000114440918,4.900000095367432,4.900000095367432,1232000
2021-10-01,4.949999809265137,5.0,4.760000228881836,4.800000190734863,4.800000190734863,442100
2021-10-04,4.860000133514404,4.869999885559082,4.639999866485596,4.760000228881836,4.760000228881836,251500
2021-10-05,4.840000152587891,4.840000152587891,4.5,4.679999828338623,4.679999828338623,391000
2021-10-06,4.639999866485596,4.849999904632568,4.599999904632568,4.760000228881836,4.760000228881836,197700
2021-10-07,4.75,4.889999866485596,4.659999847412109,4.730000019073486,4.730000019073486,116100
2021-10-08,4.760000228881836,4.840000152587891,4.480000019073486,4.5,4.5,153500
2021-10-11,4.5,4.679999828338623,4.5,4.639999866485596,4.639999866485596,139300
2021-10-12,4.679999828338623,4.75,4.639999866485596,4.739999771118164,4.739999771118164,90700
2021-10-13,4.739999771118164,4.820000171661377,4.659999847412109,4.71999979019165,4.71999979019165,104800
2021-10-14,4.739999771118164,4.829999923706055,4.690000057220459,4.71999979019165,4.71999979019165,143100
2021-10-15,4.820000171661377,5.21999979019165,4.739999771118164,5.150000095367432,5.150000095367432,526000
2021-10-18,5.099999904632568,5.099999904632568,4.610000133514404,4.630000114440918,4.630000114440918,262900
2021-10-19,4.889999866485596,4.889999866485596,4.579999923706055,4.690000057220459,4.690000057220459,165400
2021-10-20,4.650000095367432,4.860000133514404,4.480000019073486,4.489999771118164,4.489999771118164,476900
2021-10-21,4.489999771118164,4.590000152587891,4.260000228881836,4.389999866485596,4.389999866485596,387400
2021-10-22,4.420000076293945,4.429999828338623,4.159999847412109,4.340000152587891,4.340000152587891,148100
2021-10-25,4.349999904632568,4.440000057220459,4.239999771118164,4.400000095367432,4.400000095367432,164300
2021-10-26,4.400000095367432,4.489999771118164,4.349999904632568,4.389999866485596,4.389999866485596,148100
2021-10-27,4.420000076293945,4.619999885559082,4.199999809265137,4.389999866485596,4.389999866485596,7546200
2021-10-28,4.519999980926514,4.639999866485596,4.329999923706055,4.480000019073486,4.480000019073486,758900
2021-10-29,4.460000038146973,4.619999885559082,4.389999866485596,4.590000152587891,4.590000152587891,240900
2021-11-01,4.570000171661377,4.820000171661377,4.539999961853027,4.760000228881836,4.760000228881836,379400
2021-11-02,4.71999979019165,4.880000114440918,4.599999904632568,4.849999904632568,4.849999904632568,458800
2021-11-03,4.869999885559082,4.949999809265137,4.820000171661377,4.849999904632568,4.849999904632568,413500
2021-11-04,4.860000133514404,4.949999809265137,4.639999866485596,4.710000038146973,4.710000038146973,230000
2021-11-05,4.760000228881836,4.800000190734863,4.650000095367432,4.699999809265137,4.699999809265137,265400
2021-11-08,4.699999809265137,4.829999923706055,4.670000076293945,4.699999809265137,4.699999809265137,183800
2021-11-09,4.679999828338623,4.71999979019165,4.599999904632568,4.670000076293945,4.670000076293945,174800
2021-11-10,4.739999771118164,5.03000020980835,4.690000057220459,4.690000057220459,4.690000057220459,432300
2021-11-11,4.690000057220459,4.829999923706055,4.579999923706055,4.739999771118164,4.739999771118164,262300
2021-11-12,4.809999942779541,4.829999923706055,4.579999923706055,4.659999847412109,4.659999847412109,259100
2021-11-15,4.690000057220459,4.78000020980835,4.480000019073486,4.519999980926514,4.519999980926514,212700
2021-11-16,4.570000171661377,4.570000171661377,4.360000133514404,4.400000095367432,4.400000095367432,267500
2021-11-17,4.340000152587891,4.389999866485596,4.159999847412109,4.179999828338623,4.179999828338623,244600
2021-11-18,4.269999980926514,4.380000114440918,4.099999904632568,4.28000020980835,4.28000020980835,1375500
2021-11-19,4.25,4.369999885559082,4.230000019073486,4.309999942779541,4.309999942779541,183100
2021-11-22,4.329999923706055,4.329999923706055,3.940000057220459,4.0,4.0,263600
2021-11-23,3.990000009536743,4.150000095367432,3.7799999713897705,3.9700000286102295,3.9700000286102295,212500
2021-11-24,4.050000190734863,4.409999847412109,3.930000066757202,4.239999771118164,4.239999771118164,175500
2021-11-26,4.150000095367432,4.239999771118164,3.9700000286102295,3.990000009536743,3.990000009536743,122700
2021-11-29,4.079999923706055,4.090000152587891,3.9600000381469727,3.9800000190734863,3.9800000190734863,348100
2021-11-30,3.930000066757202,4.010000228881836,3.8499999046325684,3.9000000953674316,3.9000000953674316,335900
2021-12-01,3.9800000190734863,4.019999980926514,3.6600000858306885,3.6700000762939453,3.6700000762939453,238100
2021-12-02,3.7100000381469727,3.7699999809265137,3.609999895095825,3.6600000858306885,3.6600000858306885,187400
2021-12-03,3.6700000762939453,3.7200000286102295,3.3499999046325684,3.450000047683716,3.450000047683716,214000
2021-12-06,3.450000047683716,3.490000009536743,3.3299999237060547,3.4800000190734863,3.4800000190734863,157600
2021-12-07,3.5899999141693115,3.740000009536743,3.5799999237060547,3.6600000858306885,3.6600000858306885,173500
2021-12-08,3.700000047683716,3.7300000190734863,3.5899999141693115,3.619999885559082,3.619999885559082,199900
2021-12-09,3.5799999237060547,3.630000114440918,3.5299999713897705,3.5799999237060547,3.5799999237060547,146700
2021-12-10,3.5999999046325684,3.640000104904175,3.4600000381469727,3.4700000286102295,3.4700000286102295,214400
2021-12-13,3.440000057220459,3.450000047683716,3.2799999713897705,3.2899999618530273,3.2899999618530273,246900
2021-12-14,3.25,3.390000104904175,3.2100000381469727,3.259999990463257,3.259999990463257,167100
2021-12-15,3.25,3.4000000953674316,3.2100000381469727,3.380000114440918,3.380000114440918,237100
2021-12-16,3.4000000953674316,3.430000066757202,3.2200000286102295,3.2300000190734863,3.2300000190734863,197100
2021-12-17,3.2200000286102295,3.319999933242798,3.109999895095825,3.1600000858306885,3.1600000858306885,1078500
2021-12-20,3.2200000286102295,3.5,3.0999999046325684,3.4700000286102295,3.4700000286102295,1195500
2021-12-21,3.5299999713897705,3.7699999809265137,3.450000047683716,3.549999952316284,3.549999952316284,325000
2021-12-22,3.5199999809265137,3.630000114440918,3.369999885559082,3.559999942779541,3.559999942779541,319000
2021-12-23,3.5799999237060547,3.75,3.490000009536743,3.700000047683716,3.700000047683716,262400
2021-12-27,3.6700000762939453,3.6700000762939453,3.4700000286102295,3.5,3.5,196600
2021-12-28,3.4600000381469727,3.680000066757202,3.2699999809265137,3.299999952316284,3.299999952316284,438500
2021-12-29,3.3399999141693115,3.4000000953674316,3.190000057220459,3.25,3.25,243600
2021-12-30,3.25,3.3299999237060547,3.2200000286102295,3.2799999713897705,3.2799999713897705,233600
2021-12-31,3.200000047683716,3.2799999713897705,3.069999933242798,3.140000104904175,3.140000104904175,560200
2022-01-03,3.130000114440918,3.259999990463257,3.0199999809265137,3.25,3.25,235700
2022-01-04,3.2899999618530273,3.4000000953674316,3.009999990463257,3.2799999713897705,3.2799999713897705,355600
2022-01-05,3.25,3.25,2.950000047683716,2.9600000381469727,2.9600000381469727,172300
2022-01-06,2.950000047683716,2.9700000286102295,2.799999952316284,2.9700000286102295,2.9700000286102295,391200
2022-01-07,2.9600000381469727,3.009999990463257,2.859999895095825,2.880000114440918,2.880000114440918,316600
2022-01-10,2.880000114440918,2.880000114440918,2.7100000381469727,2.809999942779541,2.809999942779541,243900
2022-01-11,2.819999933242798,2.819999933242798,2.7100000381469727,2.7100000381469727,2.7100000381469727,149900
2022-01-12,2.7699999809265137,2.7699999809265137,2.619999885559082,2.640000104904175,2.640000104904175,228500
2022-01-13,2.690000057220459,2.7100000381469727,2.559999942779541,2.5899999141693115,2.5899999141693115,254400
2022-01-14,2.619999885559082,2.6500000953674316,2.4800000190734863,2.630000114440918,2.630000114440918,107800
2022-01-18,2.569999933242798,2.6500000953674316,2.4600000381469727,2.5,2.5,372700
2022-01-19,2.5199999809265137,2.630000114440918,2.4800000190734863,2.509999990463257,2.509999990463257,446100
2022-01-20,2.509999990463257,2.5799999237060547,2.369999885559082,2.390000104904175,2.390000104904175,655200
2022-01-21,2.3399999141693115,2.430000066757202,2.180000066757202,2.180000066757202,2.180000066757202,294800
2022-01-24,2.069999933242798,2.25,2.0299999713897705,2.190000057220459,2.190000057220459,334100
2022-01-25,2.1600000858306885,2.299999952316284,2.140000104904175,2.1500000953674316,2.1500000953674316,425900
2022-01-26,2.2100000381469727,2.299999952316284,2.0799999237060547,2.119999885559082,2.119999885559082,303100
2022-01-27,2.1500000953674316,2.1700000762939453,2.049999952316284,2.059999942779541,2.059999942779541,247800
2022-01-28,2.0999999046325684,2.25,2.0399999618530273,2.190000057220459,2.190000057220459,513400
2022-01-31,2.140000104904175,2.299999952316284,2.140000104904175,2.190000057220459,2.190000057220459,173400
2022-02-01,2.2200000286102295,2.4000000953674316,2.1700000762939453,2.3499999046325684,2.3499999046325684,149100
2022-02-02,2.3399999141693115,2.369999885559082,2.0999999046325684,2.259999990463257,2.259999990463257,520800
2022-02-03,2.190000057220459,2.259999990463257,2.119999885559082,2.25,2.25,232500
2022-02-04,2.2300000190734863,2.369999885559082,2.1700000762939453,2.3499999046325684,2.3499999046325684,216200
2022-02-07,2.319999933242798,2.4600000381469727,2.319999933242798,2.450000047683716,2.450000047683716,169300
2022-02-08,2.4000000953674316,2.4700000286102295,2.369999885559082,2.4600000381469727,2.4600000381469727,228500
2022-02-09,2.4700000286102295,2.5399999618530273,2.450000047683716,2.509999990463257,2.509999990463257,279900
2022-02-10,2.450000047683716,2.569999933242798,2.450000047683716,2.559999942779541,2.559999942779541,220600
2022-02-11,2.5899999141693115,2.6600000858306885,2.450000047683716,2.549999952316284,2.549999952316284,308600
2022-02-14,2.549999952316284,2.549999952316284,2.380000114440918,2.490000009536743,2.490000009536743,197200
2022-02-15,2.490000009536743,2.5899999141693115,2.490000009536743,2.5,2.5,117200
2022-02-16,2.309999942779541,2.9700000286102295,2.309999942779541,2.9000000953674316,2.9000000953674316,538600
2022-02-17,2.9000000953674316,3.1600000858306885,2.869999885559082,3.0,3.0,684300
2022-02-18,3.0,3.069999933242798,2.8399999141693115,3.0,3.0,474400
2022-02-22,2.930000066757202,2.940000057220459,2.799999952316284,2.9000000953674316,2.9000000953674316,294400
2022-02-23,2.890000104904175,3.049999952316284,2.5199999809265137,2.930000066757202,2.930000066757202,388600
2022-02-24,2.809999942779541,2.9000000953674316,2.6700000762939453,2.700000047683716,2.700000047683716,688200
2022-02-25,2.700000047683716,2.880000114440918,2.5899999141693115,2.7899999618530273,2.7899999618530273,182000
2022-02-28,2.740000009536743,2.7799999713897705,2.430000066757202,2.4600000381469727,2.4600000381469727,381900
2022-03-01,2.440000057220459,2.4700000286102295,2.3299999237060547,2.390000104904175,2.390000104904175,524400
2022-03-02,2.369999885559082,2.4700000286102295,2.3299999237060547,2.4600000381469727,2.4600000381469727,266600
2022-03-03,2.430000066757202,2.490000009536743,2.369999885559082,2.390000104904175,2.390000104904175,200200
2022-03-04,2.319999933242798,2.4200000762939453,2.25,2.319999933242798,2.319999933242798,176800
2022-03-07,2.3499999046325684,2.3499999046325684,2.0799999237060547,2.0899999141693115,2.0899999141693115,220600
2022-03-08,2.0799999237060547,2.3499999046325684,2.0199999809265137,2.0399999618530273,2.0399999618530273,294900
2022-03-09,2.0899999141693115,2.2799999713897705,2.0399999618530273,2.2799999713897705,2.2799999713897705,139000
2022-03-10,2.2200000286102295,2.3399999141693115,2.1500000953674316,2.190000057220459,2.190000057220459,185100
2022-03-11,2.200000047683716,2.200000047683716,2.059999942779541,2.0799999237060547,2.0799999237060547,166200
2022-03-14,2.109999895095825,2.190000057220459,2.0399999618530273,2.119999885559082,2.119999885559082,266300
2022-03-15,2.140000104904175,2.2300000190734863,2.0399999618530273,2.2100000381469727,2.2100000381469727,140400
2022-03-16,2.25,2.319999933242798,2.190000057220459,2.2899999618530273,2.2899999618530273,125900
2022-03-17,2.2799999713897705,2.559999942779541,2.2799999713897705,2.5299999713897705,2.5299999713897705,109100
2022-03-18,2.5299999713897705,2.5999999046325684,2.369999885559082,2.450000047683716,2.450000047683716,291100
2022-03-21,2.450000047683716,2.4700000286102295,2.369999885559082,2.4200000762939453,2.4200000762939453,140300
2022-03-22,2.440000057220459,2.450000047683716,2.2799999713897705,2.2899999618530273,2.2899999618530273,164000
2022-03-23,2.240000009536743,2.2699999809265137,2.059999942779541,2.069999933242798,2.069999933242798,273200
2022-03-24,2.059999942779541,2.2200000286102295,2.0399999618530273,2.2200000286102295,2.2200000286102295,232100
2022-03-25,2.2300000190734863,2.240000009536743,2.109999895095825,2.1700000762939453,2.1700000762939453,145200
2022-03-28,2.180000066757202,2.2100000381469727,2.0299999713897705,2.119999885559082,2.119999885559082,307100
2022-03-29,2.1500000953674316,2.240000009536743,2.0899999141693115,2.0999999046325684,2.0999999046325684,225000
2022-03-30,2.0799999237060547,2.109999895095825,2.0,2.009999990463257,2.009999990463257,140000
2022-03-31,2.0,2.0399999618530273,1.9199999570846558,2.0,2.0,357600
2022-04-01,2.059999942779541,2.119999885559082,1.7899999618530273,2.0299999713897705,2.0299999713897705,1755800
2022-04-04,2.109999895095825,2.8499999046325684,2.0799999237060547,2.319999933242798,2.319999933242798,1980400
2022-04-05,2.3299999237060547,2.569999933242798,2.3299999237060547,2.4600000381469727,2.4600000381469727,618400
2022-04-06,2.430000066757202,2.5,2.390000104904175,2.4800000190734863,2.4800000190734863,723000
2022-04-07,2.450000047683716,2.690000057220459,2.390000104904175,2.5,2.5,413600
2022-04-08,2.490000009536743,2.559999942779541,2.369999885559082,2.380000114440918,2.380000114440918,237100
2022-04-11,2.359999895095825,2.359999895095825,2.109999895095825,2.190000057220459,2.190000057220459,174400
2022-04-12,2.2100000381469727,2.2100000381469727,2.0999999046325684,2.2100000381469727,2.2100000381469727,569400
2022-04-13,2.25,2.319999933242798,2.140000104904175,2.309999942779541,2.309999942779541,399000
2022-04-14,2.309999942779541,2.319999933242798,2.119999885559082,2.1700000762939453,2.1700000762939453,174200
2022-04-18,2.1600000858306885,2.1600000858306885,1.9700000286102295,1.9900000095367432,1.9900000095367432,411800
2022-04-19,1.9800000190734863,2.069999933242798,1.8799999952316284,1.9900000095367432,1.9900000095367432,548500
2022-04-20,2.0,2.069999933242798,1.9600000381469727,2.0,2.0,329400
2022-04-21,2.059999942779541,2.059999942779541,1.8899999856948853,1.8899999856948853,1.8899999856948853,292900
2022-04-22,1.8899999856948853,2.0399999618530273,1.8200000524520874,1.909999966621399,1.909999966621399,271100
2022-04-25,1.9199999570846558,2.069999933242798,1.8700000047683716,2.0199999809265137,2.0199999809265137,160400
2022-04-26,1.9700000286102295,1.9700000286102295,1.8300000429153442,1.8300000429153442,1.8300000429153442,246200
2022-04-27,1.8300000429153442,1.9600000381469727,1.809999942779541,1.9299999475479126,1.9299999475479126,412200
2022-04-28,1.9800000190734863,2.3399999141693115,1.9199999570846558,2.2200000286102295,2.2200000286102295,1474800
2022-04-29,2.2200000286102295,2.4000000953674316,1.9299999475479126,1.9500000476837158,1.9500000476837158,775100
2022-05-02,1.909999966621399,1.9600000381469727,1.7000000476837158,1.8600000143051147,1.8600000143051147,632000
2022-05-03,1.7999999523162842,1.9800000190734863,1.7999999523162842,1.909999966621399,1.909999966621399,426000
2022-05-04,1.909999966621399,1.9800000190734863,1.8300000429153442,1.940000057220459,1.940000057220459,278100
2022-05-05,1.7200000286102295,1.8600000143051147,1.600000023841858,1.75,1.75,460500
2022-05-06,1.7300000190734863,1.7699999809265137,1.600000023841858,1.7100000381469727,1.7100000381469727,622600
2022-05-09,1.7000000476837158,1.7000000476837158,1.5,1.5099999904632568,1.5099999904632568,598100
2022-05-10,1.5700000524520874,1.7400000095367432,1.5399999618530273,1.6200000047683716,1.6200000047683716,272500
2022-05-11,1.600000023841858,1.6299999952316284,1.4500000476837158,1.4700000286102295,1.4700000286102295,277500
2022-05-12,1.5,1.6699999570846558,1.25,1.2899999618530273,1.2899999618530273,890900
2022-05-13,1.2899999618530273,1.2899999618530273,1.159999966621399,1.2300000190734863,1.2300000190734863,1025200
2022-05-16,1.2200000286102295,1.2599999904632568,1.1699999570846558,1.25,1.25,469900
2022-05-17,1.2599999904632568,1.2899999618530273,1.2100000381469727,1.2699999809265137,1.2699999809265137,353200
2022-05-18,1.2400000095367432,1.2799999713897705,1.1799999475479126,1.2599999904632568,1.2599999904632568,360100
2022-05-19,1.2799999713897705,1.3200000524520874,1.25,1.2699999809265137,1.2699999809265137,203300
2022-05-20,1.2899999618530273,1.2899999618530273,1.2000000476837158,1.2300000190734863,1.2300000190734863,200000
2022-05-23,1.2200000286102295,1.2899999618530273,1.159999966621399,1.2699999809265137,1.2699999809265137,188400
2022-05-24,1.2599999904632568,1.350000023841858,1.1799999475479126,1.309999942779541,1.309999942779541,228200
2022-05-25,1.3200000524520874,1.3200000524520874,1.25,1.2699999809265137,1.2699999809265137,152400
2022-05-26,1.2599999904632568,1.3200000524520874,1.2599999904632568,1.3200000524520874,1.3200000524520874,107600
2022-05-27,1.399999976158142,1.5099999904632568,1.399999976158142,1.4800000190734863,1.4800000190734863,222500
2022-05-31,1.4500000476837158,1.5,1.350000023841858,1.399999976158142,1.399999976158142,171800
2022-06-01,1.3799999952316284,1.4199999570846558,1.2699999809265137,1.2799999713897705,1.2799999713897705,158900
2022-06-02,1.2599999904632568,1.3799999952316284,1.25,1.3300000429153442,1.3300000429153442,142800
2022-06-03,1.3200000524520874,1.649999976158142,1.3200000524520874,1.5800000429153442,1.5800000429153442,218500
2022-06-06,1.6299999952316284,1.899999976158142,1.6100000143051147,1.8799999952316284,1.8799999952316284,758300
2022-06-07,1.8899999856948853,2.299999952316284,1.8799999952316284,2.2699999809265137,2.2699999809265137,567000
2022-06-08,2.200000047683716,2.4000000953674316,2.0799999237060547,2.1500000953674316,2.1500000953674316,281900
2022-06-09,2.1500000953674316,2.4200000762939453,2.119999885559082,2.309999942779541,2.309999942779541,265900
2022-06-10,2.2300000190734863,2.25,2.069999933242798,2.1500000953674316,2.1500000953674316,132000
2022-06-13,2.049999952316284,2.069999933242798,1.8600000143051147,2.0,2.0,348300
2022-06-14,2.0899999141693115,2.0899999141693115,1.899999976158142,1.909999966621399,1.909999966621399,633200
2022-06-15,1.899999976158142,2.2200000286102295,1.8799999952316284,2.190000057220459,2.190000057220459,474700
2022-06-16,2.119999885559082,2.180000066757202,1.8700000047683716,1.909999966621399,1.909999966621399,919000
2022-06-17,1.909999966621399,2.0899999141693115,1.8700000047683716,1.9700000286102295,1.9700000286102295,469700
2022-06-21,2.009999990463257,2.0899999141693115,1.899999976158142,2.059999942779541,2.059999942779541,472500
2022-06-22,2.190000057220459,2.7899999618530273,2.1600000858306885,2.299999952316284,2.299999952316284,1659600
2022-06-23,2.259999990463257,2.4000000953674316,2.180000066757202,2.4000000953674316,2.4000000953674316,468800
2022-06-24,2.430000066757202,2.8499999046325684,2.380000114440918,2.819999933242798,2.819999933242798,5423300
2022-06-27,2.809999942779541,2.8499999046325684,2.6500000953674316,2.6600000858306885,2.6600000858306885,483700
2022-06-28,2.680000066757202,2.75,2.5199999809265137,2.5399999618530273,2.5399999618530273,282200
2022-06-29,2.5399999618530273,2.9200000762939453,2.4000000953674316,2.9000000953674316,2.9000000953674316,567000
2022-06-30,2.819999933242798,3.569999933242798,2.7799999713897705,3.25,3.25,1456700
2022-07-01,3.2699999809265137,3.5799999237060547,3.140000104904175,3.180000066757202,3.180000066757202,697000
2022-07-05,3.0299999713897705,3.200000047683716,2.799999952316284,3.140000104904175,3.140000104904175,551400
2022-07-06,3.190000057220459,3.7100000381469727,2.950000047683716,3.5799999237060547,3.5799999237060547,804400
2022-07-07,3.5999999046325684,4.139999866485596,3.5199999809265137,4.079999923706055,4.079999923706055,1891000
2022-07-08,4.079999923706055,4.320000171661377,3.9100000858306885,4.179999828338623,4.179999828338623,655200
2022-07-11,4.130000114440918,4.239999771118164,3.809999942779541,3.9800000190734863,3.9800000190734863,356300
2022-07-12,3.9600000381469727,4.300000190734863,3.9000000953674316,4.28000020980835,4.28000020980835,280100
2022-07-13,4.179999828338623,4.329999923706055,3.990000009536743,4.059999942779541,4.059999942779541,304000
2022-07-14,3.940000057220459,4.329999923706055,3.930000066757202,4.110000133514404,4.110000133514404,458100
2022-07-15,4.110000133514404,4.239999771118164,3.6600000858306885,3.7899999618530273,3.7899999618530273,581000
2022-07-18,3.799999952316284,3.9800000190734863,3.759999990463257,3.9000000953674316,3.9000000953674316,197100
2022-07-19,3.950000047683716,3.950000047683716,3.75,3.8299999237060547,3.8299999237060547,125900
2022-07-20,3.8399999141693115,3.930000066757202,3.509999990463257,3.7300000190734863,3.7300000190734863,321900
2022-07-21,3.75,3.7699999809265137,3.630000114440918,3.740000009536743,3.740000009536743,143200
2022-07-22,3.740000009536743,3.740000009536743,3.450000047683716,3.490000009536743,3.490000009536743,199600
2022-07-25,3.509999990463257,3.509999990463257,2.8299999237060547,2.8299999237060547,2.8299999237060547,611400
2022-07-26,2.7899999618530273,2.8399999141693115,2.700000047683716,2.700000047683716,2.700000047683716,274200
2022-07-27,2.6700000762939453,2.880000114440918,2.5999999046325684,2.859999895095825,2.859999895095825,244800
2022-07-28,2.8299999237060547,2.8399999141693115,2.6600000858306885,2.700000047683716,2.700000047683716,251600
2022-07-29,2.7100000381469727,2.740000009536743,2.5199999809265137,2.5399999618530273,2.5399999618530273,216000
2022-08-01,2.5199999809265137,2.5999999046325684,2.369999885559082,2.390000104904175,2.390000104904175,257000
2022-08-02,2.380000114440918,2.5399999618530273,2.319999933242798,2.369999885559082,2.369999885559082,344100
2022-08-03,2.390000104904175,2.5799999237060547,2.390000104904175,2.4700000286102295,2.4700000286102295,220200
2022-08-04,2.509999990463257,2.5399999618530273,2.380000114440918,2.4100000858306885,2.4100000858306885,321300
2022-08-05,2.4000000953674316,2.5399999618530273,2.3499999046325684,2.380000114440918,2.380000114440918,344900
2022-08-08,2.440000057220459,2.5199999809265137,2.4000000953674316,2.450000047683716,2.450000047683716,357100
2022-08-09,2.4600000381469727,2.5299999713897705,2.380000114440918,2.450000047683716,2.450000047683716,166900
2022-08-10,2.5199999809265137,2.549999952316284,2.4000000953674316,2.549999952316284,2.549999952316284,154400
2022-08-11,2.5199999809265137,4.639999866485596,2.5199999809265137,2.9800000190734863,2.9800000190734863,6484700
2022-08-12,3.140000104904175,3.799999952316284,2.930000066757202,3.5,3.5,1181200
2022-08-15,3.4200000762939453,3.5299999713897705,3.2300000190734863,3.5,3.5,302900
2022-08-16,3.450000047683716,3.9100000858306885,3.450000047683716,3.700000047683716,3.700000047683716,347000
2022-08-17,3.609999895095825,3.740000009536743,3.3299999237060547,3.4700000286102295,3.4700000286102295,209500
2022-08-18,3.430000066757202,3.5799999237060547,3.3299999237060547,3.5,3.5,166200
2022-08-19,3.4600000381469727,3.5,3.2300000190734863,3.4600000381469727,3.4600000381469727,270100
2022-08-22,3.369999885559082,3.4600000381469727,3.299999952316284,3.3399999141693115,3.3399999141693115,105500
2022-08-23,3.299999952316284,3.5199999809265137,3.2799999713897705,3.509999990463257,3.509999990463257,122700
2022-08-24,3.5299999713897705,3.5299999713897705,3.390000104904175,3.5,3.5,92300
2022-08-25,3.509999990463257,3.630000114440918,3.4100000858306885,3.4800000190734863,3.4800000190734863,232600
2022-08-26,3.4700000286102295,3.4700000286102295,3.0999999046325684,3.1600000858306885,3.1600000858306885,101800
2022-08-29,3.130000114440918,3.1600000858306885,2.9600000381469727,3.0,3.0,308500
2022-08-30,2.9800000190734863,2.9800000190734863,2.680000066757202,2.8299999237060547,2.8299999237060547,116000
2022-08-31,2.880000114440918,3.0199999809265137,2.869999885559082,2.9700000286102295,2.9700000286102295,104900
2022-09-01,2.9100000858306885,3.0,2.559999942779541,2.940000057220459,2.940000057220459,111700
2022-09-02,2.990000009536743,3.0199999809265137,2.8399999141693115,2.8499999046325684,2.8499999046325684,71900
2022-09-06,2.8299999237060547,3.109999895095825,2.799999952316284,2.9100000858306885,2.9100000858306885,187100
2022-09-07,2.869999885559082,3.130000114440918,2.809999942779541,3.0799999237060547,3.0799999237060547,211100
2022-09-08,3.009999990463257,3.0899999141693115,2.890000104904175,3.009999990463257,3.009999990463257,104900
2022-09-09,3.059999942779541,3.2799999713897705,3.0299999713897705,3.2300000190734863,3.2300000190734863,136400
2022-09-12,3.259999990463257,3.559999942779541,3.2100000381469727,3.430000066757202,3.430000066757202,183600
2022-09-13,3.4000000953674316,3.5899999141693115,3.3499999046325684,3.440000057220459,3.440000057220459,222100
2022-09-14,3.430000066757202,3.640000104904175,3.369999885559082,3.5199999809265137,3.5199999809265137,150900
2022-09-15,3.490000009536743,3.630000114440918,3.3399999141693115,3.359999895095825,3.359999895095825,129900
2022-09-16,3.359999895095825,3.5399999618530273,3.049999952316284,3.2200000286102295,3.2200000286102295,820100
2022-09-19,3.2200000286102295,3.450000047683716,3.130000114440918,3.390000104904175,3.390000104904175,348200
2022-09-20,3.450000047683716,3.680000066757202,3.130000114440918,3.6700000762939453,3.6700000762939453,428500
2022-09-21,3.609999895095825,3.7799999713897705,3.4000000953674316,3.640000104904175,3.640000104904175,232100
2022-09-22,3.609999895095825,4.0,3.5,3.9200000762939453,3.9200000762939453,475900
2022-09-23,3.6600000858306885,3.9800000190734863,3.609999895095825,3.9100000858306885,3.9100000858306885,441500
2022-09-26,3.8499999046325684,3.9800000190734863,3.559999942779541,3.75,3.75,457200
2022-09-27,3.759999990463257,3.759999990463257,3.5,3.6500000953674316,3.6500000953674316,293600
2022-09-28,3.6600000858306885,4.130000114440918,3.6600000858306885,3.7799999713897705,3.7799999713897705,411100
2022-09-29,3.7899999618530273,3.869999885559082,3.440000057220459,3.5399999618530273,3.5399999618530273,120800
2022-09-30,3.5,3.7100000381469727,3.440000057220459,3.609999895095825,3.609999895095825,93400
2022-10-03,3.559999942779541,3.75,3.4700000286102295,3.5399999618530273,3.5399999618530273,183600
2022-10-04,3.640000104904175,3.7699999809265137,3.3499999046325684,3.75,3.75,207700
2022-10-05,3.6700000762939453,3.7100000381469727,3.549999952316284,3.6600000858306885,3.6600000858306885,165300
2022-10-06,3.609999895095825,3.799999952316284,3.509999990463257,3.740000009536743,3.740000009536743,418000
2022-10-07,3.6600000858306885,4.25,3.6600000858306885,4.079999923706055,4.079999923706055,638400
2022-10-10,4.139999866485596,4.519999980926514,4.0,4.429999828338623,4.429999828338623,729200
2022-10-11,4.440000057220459,4.550000190734863,4.059999942779541,4.46999979019165,4.46999979019165,324300
2022-10-12,4.460000038146973,4.730000019073486,4.369999885559082,4.570000171661377,4.570000171661377,230900
2022-10-13,4.369999885559082,4.630000114440918,4.289999961853027,4.570000171661377,4.570000171661377,206800
2022-10-14,4.599999904632568,5.28000020980835,4.5,5.199999809265137,5.199999809265137,1186700
2022-10-17,5.21999979019165,5.309999942779541,4.050000190734863,4.590000152587891,4.590000152587891,989900
2022-10-18,4.590000152587891,5.190000057220459,4.590000152587891,5.039999961853027,5.039999961853027,395100
2022-10-19,4.96999979019165,5.300000190734863,4.900000095367432,5.190000057220459,5.190000057220459,488600
2022-10-20,5.190000057220459,5.25,4.710000038146973,4.920000076293945,4.920000076293945,475600
2022-10-21,4.860000133514404,4.949999809265137,4.510000228881836,4.690000057220459,4.690000057220459,293500
2022-10-24,4.639999866485596,4.739999771118164,4.21999979019165,4.25,4.25,330900
2022-10-25,4.25,4.619999885559082,4.150000095367432,4.559999942779541,4.559999942779541,321500
2022-10-26,4.510000228881836,4.920000076293945,4.510000228881836,4.590000152587891,4.590000152587891,210600
2022-10-27,4.619999885559082,4.619999885559082,4.349999904632568,4.369999885559082,4.369999885559082,87100
2022-10-28,4.380000114440918,4.590000152587891,4.329999923706055,4.519999980926514,4.519999980926514,77900
2022-10-31,4.53000020980835,5.019999980926514,4.53000020980835,4.789999961853027,4.789999961853027,404900
2022-11-01,4.820000171661377,4.980000019073486,4.670000076293945,4.809999942779541,4.809999942779541,74900
2022-11-02,4.75,5.0,4.659999847412109,4.840000152587891,4.840000152587891,136700
2022-11-03,4.769999980926514,5.0,4.679999828338623,4.769999980926514,4.769999980926514,172100
2022-11-04,4.860000133514404,4.860000133514404,4.380000114440918,4.519999980926514,4.519999980926514,171000
2022-11-07,4.519999980926514,4.820000171661377,4.329999923706055,4.389999866485596,4.389999866485596,1049700
2022-11-08,4.369999885559082,4.650000095367432,4.369999885559082,4.630000114440918,4.630000114440918,119000
2022-11-09,4.550000190734863,4.550000190734863,3.940000057220459,3.940000057220459,3.940000057220459,385700
2022-11-10,3.75,4.460000038146973,3.450000047683716,4.170000076293945,4.170000076293945,545000
2022-11-11,4.190000057220459,4.460000038146973,3.5399999618530273,3.640000104904175,3.640000104904175,589600
2022-11-14,3.569999933242798,3.940000057220459,3.3499999046325684,3.4000000953674316,3.4000000953674316,924800
2022-11-15,3.450000047683716,3.700000047683716,3.1600000858306885,3.180000066757202,3.180000066757202,368200
2022-11-16,3.200000047683716,3.369999885559082,3.0399999618530273,3.3299999237060547,3.3299999237060547,269200
2022-11-17,3.25,3.809999942779541,3.180000066757202,3.759999990463257,3.759999990463257,394900
2022-11-18,3.7799999713897705,4.25,3.619999885559082,4.0,4.0,381200
2022-11-21,3.9100000858306885,4.139999866485596,3.819999933242798,3.990000009536743,3.990000009536743,160800
2022-11-22,3.9800000190734863,4.179999828338623,3.9800000190734863,4.099999904632568,4.099999904632568,117300
2022-11-23,4.099999904632568,4.349999904632568,4.090000152587891,4.210000038146973,4.210000038146973,494600
2022-11-25,4.230000019073486,4.340000152587891,4.199999809265137,4.239999771118164,4.239999771118164,114700
2022-11-28,4.150000095367432,4.639999866485596,3.8399999141693115,4.46999979019165,4.46999979019165,336600
2022-11-29,4.46999979019165,4.53000020980835,4.050000190734863,4.090000152587891,4.090000152587891,146100
2022-11-30,4.010000228881836,4.349999904632568,3.940000057220459,4.239999771118164,4.239999771118164,218900
2022-12-01,4.199999809265137,4.429999828338623,4.159999847412109,4.349999904632568,4.349999904632568,495700
2022-12-02,4.420000076293945,4.420000076293945,4.090000152587891,4.199999809265137,4.199999809265137,332900
2022-12-05,4.170000076293945,4.309999942779541,4.059999942779541,4.25,4.25,187600
2022-12-06,4.340000152587891,4.409999847412109,4.090000152587891,4.389999866485596,4.389999866485596,672700
2022-12-07,4.400000095367432,4.400000095367432,3.950000047683716,4.0,4.0,200400
2022-12-08,3.940000057220459,3.9700000286102295,3.7300000190734863,3.9000000953674316,3.9000000953674316,579900
2022-12-09,3.869999885559082,3.950000047683716,3.6700000762939453,3.890000104904175,3.890000104904175,494600
2022-12-12,3.9100000858306885,3.950000047683716,3.5299999713897705,3.609999895095825,3.609999895095825,1395500
2022-12-13,4.300000190734863,5.090000152587891,4.059999942779541,4.789999961853027,4.789999961853027,7208900
2022-12-14,4.849999904632568,6.75,4.789999961853027,6.019999980926514,6.019999980926514,5815600
2022-12-15,6.0,6.110000133514404,5.369999885559082,5.389999866485596,5.389999866485596,1109200
2022-12-16,5.309999942779541,5.820000171661377,5.0,5.190000057220459,5.190000057220459,3362900
2022-12-19,5.190000057220459,5.360000133514404,4.809999942779541,5.230000019073486,5.230000019073486,883400
2022-12-20,5.269999980926514,5.409999847412109,4.869999885559082,5.239999771118164,5.239999771118164,921900
2022-12-21,5.239999771118164,6.239999771118164,5.190000057220459,6.050000190734863,6.050000190734863,829000
2022-12-22,6.179999828338623,6.71999979019165,5.900000095367432,6.409999847412109,6.409999847412109,635600
2022-12-23,6.269999980926514,6.650000095367432,6.239999771118164,6.510000228881836,6.510000228881836,676400
2022-12-27,6.53000020980835,6.630000114440918,5.929999828338623,6.110000133514404,6.110000133514404,449600
2022-12-28,6.110000133514404,6.579999923706055,6.03000020980835,6.519999980926514,6.519999980926514,412400
2022-12-29,6.590000152587891,7.050000190734863,6.480000019073486,7.0,7.0,629600
2022-12-30,6.980000019073486,7.090000152587891,6.769999980926514,7.0,7.0,762800
2023-01-03,7.050000190734863,7.119999885559082,6.099999904632568,6.199999809265137,6.199999809265137,515300
2023-01-04,6.210000038146973,6.360000133514404,5.920000076293945,6.300000190734863,6.300000190734863,392100
2023-01-05,6.269999980926514,6.329999923706055,6.059999942779541,6.210000038146973,6.210000038146973,253500
2023-01-06,6.340000152587891,6.369999885559082,5.769999980926514,5.789999961853027,5.789999961853027,305100
2023-01-09,5.699999809265137,5.769999980926514,5.46999979019165,5.46999979019165,5.46999979019165,372900
2023-01-10,5.460000038146973,5.570000171661377,5.329999923706055,5.46999979019165,5.46999979019165,286600
2023-01-11,5.429999828338623,5.480000019073486,5.179999828338623,5.260000228881836,5.260000228881836,348800
2023-01-12,5.28000020980835,5.349999904632568,4.989999771118164,5.25,5.25,1203700
2023-01-13,5.170000076293945,5.699999809265137,5.130000114440918,5.460000038146973,5.460000038146973,664600
2023-01-17,5.519999980926514,5.670000076293945,5.190000057220459,5.369999885559082,5.369999885559082,727300
2023-01-18,5.5,5.559999942779541,4.78000020980835,4.809999942779541,4.809999942779541,591500
2023-01-19,4.760000228881836,4.840000152587891,4.400000095367432,4.460000038146973,4.460000038146973,555900
2023-01-20,4.5,4.840000152587891,4.21999979019165,4.760000228881836,4.760000228881836,709300
2023-01-23,4.769999980926514,4.789999961853027,4.559999942779541,4.710000038146973,4.710000038146973,319500
2023-01-24,4.679999828338623,4.760000228881836,4.53000020980835,4.550000190734863,4.550000190734863,421000
2023-01-25,4.489999771118164,4.650000095367432,4.320000171661377,4.570000171661377,4.570000171661377,422600
2023-01-26,4.579999923706055,4.639999866485596,4.360000133514404,4.46999979019165,4.46999979019165,290600
2023-01-27,4.46999979019165,4.570000171661377,4.289999961853027,4.309999942779541,4.309999942779541,267700
2023-01-30,4.320000171661377,4.579999923706055,4.21999979019165,4.480000019073486,4.480000019073486,646400
2023-01-31,4.630000114440918,5.079999923706055,4.630000114440918,4.929999828338623,4.929999828338623,483000
2023-02-01,5.179999828338623,5.260000228881836,4.869999885559082,5.110000133514404,5.110000133514404,517100
2023-02-02,5.0,5.510000228881836,4.940000057220459,5.199999809265137,5.199999809265137,542100
2023-02-03,5.190000057220459,5.329999923706055,5.050000190734863,5.150000095367432,5.150000095367432,338000
2023-02-06,5.159999847412109,5.309999942779541,5.03000020980835,5.070000171661377,5.070000171661377,225600
2023-02-07,5.050000190734863,5.329999923706055,4.920000076293945,5.260000228881836,5.260000228881836,297600
2023-02-08,5.25,5.260000228881836,4.739999771118164,4.739999771118164,4.739999771118164,366500
2023-02-09,4.829999923706055,4.909999847412109,4.659999847412109,4.769999980926514,4.769999980926514,261200
2023-02-10,4.730000019073486,4.769999980926514,4.329999923706055,4.349999904632568,4.349999904632568,589300
2023-02-13,4.400000095367432,4.630000114440918,4.150000095367432,4.190000057220459,4.190000057220459,358300
2023-02-14,4.170000076293945,4.409999847412109,4.039999961853027,4.25,4.25,377700
2023-02-15,4.239999771118164,4.429999828338623,4.050000190734863,4.349999904632568,4.349999904632568,575700
2023-02-16,4.03000020980835,4.739999771118164,4.010000228881836,4.639999866485596,4.639999866485596,497400
2023-02-17,4.630000114440918,4.78000020980835,4.489999771118164,4.75,4.75,290700
2023-02-21,4.739999771118164,4.739999771118164,4.25,4.320000171661377,4.320000171661377,427500
2023-02-22,4.309999942779541,4.360000133514404,4.119999885559082,4.300000190734863,4.300000190734863,371500
2023-02-23,4.300000190734863,4.400000095367432,4.150000095367432,4.25,4.25,279300
2023-02-24,4.230000019073486,4.340000152587891,4.130000114440918,4.25,4.25,532900
2023-02-27,4.25,4.320000171661377,4.199999809265137,4.25,4.25,392700
2023-02-28,4.269999980926514,4.550000190734863,4.079999923706055,4.199999809265137,4.199999809265137,520800
2023-03-01,4.190000057220459,4.389999866485596,4.110000133514404,4.199999809265137,4.199999809265137,541000
2023-03-02,4.079999923706055,4.179999828338623,4.050000190734863,4.099999904632568,4.099999904632568,300100
2023-03-03,4.139999866485596,4.309999942779541,4.070000171661377,4.21999979019165,4.21999979019165,181400
2023-03-06,4.199999809265137,4.230000019073486,4.03000020980835,4.199999809265137,4.199999809265137,329300
2023-03-07,4.210000038146973,4.269999980926514,4.150000095367432,4.21999979019165,4.21999979019165,152500
2023-03-08,4.21999979019165,4.329999923706055,4.059999942779541,4.239999771118164,4.239999771118164,298700
2023-03-09,4.25,4.269999980926514,4.059999942779541,4.260000228881836,4.260000228881836,341800
2023-03-10,4.239999771118164,4.260000228881836,3.809999942779541,4.0,4.0,574600
2023-03-13,4.0,4.119999885559082,3.940000057220459,4.019999980926514,4.019999980926514,255500
2023-03-14,4.110000133514404,4.409999847412109,4.019999980926514,4.179999828338623,4.179999828338623,516300
2023-03-15,4.190000057220459,4.190000057220459,3.759999990463257,3.990000009536743,3.990000009536743,901300
2023-03-16,3.940000057220459,4.210000038146973,3.8299999237060547,4.090000152587891,4.090000152587891,250400
2023-03-17,4.050000190734863,4.170000076293945,3.9200000762939453,4.0,4.0,434700
2023-03-20,4.0,4.230000019073486,3.9200000762939453,4.179999828338623,4.179999828338623,312100
2023-03-21,4.179999828338623,4.309999942779541,3.990000009536743,4.239999771118164,4.239999771118164,418400
2023-03-22,4.210000038146973,4.210000038146973,3.740000009536743,3.799999952316284,3.799999952316284,697900
2023-03-23,3.799999952316284,3.859999895095825,3.5299999713897705,3.7699999809265137,3.7699999809265137,665000
2023-03-24,3.7100000381469727,3.759999990463257,3.450000047683716,3.5799999237060547,3.5799999237060547,539900
2023-03-27,3.619999885559082,3.809999942779541,3.619999885559082,3.740000009536743,3.740000009536743,537500
2023-03-28,3.75,4.110000133514404,3.75,4.010000228881836,4.010000228881836,516900
2023-03-29,4.03000020980835,4.5,3.940000057220459,4.349999904632568,4.349999904632568,453500
2023-03-30,4.340000152587891,4.550000190734863,4.059999942779541,4.130000114440918,4.130000114440918,379800
2023-03-31,4.119999885559082,4.420000076293945,4.119999885559082,4.329999923706055,4.329999923706055,337200
2023-04-03,4.360000133514404,4.75,4.269999980926514,4.630000114440918,4.630000114440918,439400
2023-04-04,4.610000133514404,4.619999885559082,4.380000114440918,4.449999809265137,4.449999809265137,242900
2023-04-05,4.429999828338623,4.610000133514404,4.349999904632568,4.429999828338623,4.429999828338623,197900
2023-04-06,4.429999828338623,4.46999979019165,4.349999904632568,4.420000076293945,4.420000076293945,147300
2023-04-10,4.489999771118164,4.659999847412109,4.309999942779541,4.610000133514404,4.610000133514404,312900
2023-04-11,4.599999904632568,4.75,4.550000190734863,4.690000057220459,4.690000057220459,276600
2023-04-12,4.71999979019165,4.789999961853027,4.619999885559082,4.650000095367432,4.650000095367432,207600
2023-04-13,4.690000057220459,4.699999809265137,4.519999980926514,4.630000114440918,4.630000114440918,143800
2023-04-14,4.670000076293945,4.690000057220459,4.460000038146973,4.489999771118164,4.489999771118164,183600
2023-04-17,4.460000038146973,4.699999809265137,4.429999828338623,4.480000019073486,4.480000019073486,132600
2023-04-18,4.5,4.670000076293945,4.260000228881836,4.269999980926514,4.269999980926514,137400
2023-04-19,4.269999980926514,4.369999885559082,4.25,4.329999923706055,4.329999923706055,146800
2023-04-20,4.320000171661377,4.429999828338623,4.25,4.380000114440918,4.380000114440918,125300
2023-04-21,4.440000057220459,4.510000228881836,4.260000228881836,4.320000171661377,4.320000171661377,317100
2023-04-24,4.300000190734863,4.340000152587891,4.0,4.019999980926514,4.019999980926514,261500
2023-04-25,4.039999961853027,4.190000057220459,3.7300000190734863,3.9600000381469727,3.9600000381469727,394400
2023-04-26,3.950000047683716,4.019999980926514,3.6600000858306885,3.8299999237060547,3.8299999237060547,431400
2023-04-27,3.8399999141693115,4.090000152587891,3.75,3.8499999046325684,3.8499999046325684,206500
2023-04-28,3.8299999237060547,4.110000133514404,3.8299999237060547,3.990000009536743,3.990000009536743,372800
2023-05-01,3.990000009536743,4.0,3.759999990463257,3.8299999237060547,3.8299999237060547,308700
2023-05-02,3.809999942779541,3.890000104904175,3.6500000953674316,3.680000066757202,3.680000066757202,276800
2023-05-03,3.6600000858306885,3.7899999618530273,3.25,3.75,3.75,442400
2023-05-04,3.759999990463257,3.759999990463257,3.430000066757202,3.6500000953674316,3.6500000953674316,363000
2023-05-05,3.75,4.050000190734863,3.690000057220459,3.990000009536743,3.990000009536743,353000
2023-05-08,4.050000190734863,4.090000152587891,3.9100000858306885,3.9800000190734863,3.9800000190734863,321700
2023-05-09,3.940000057220459,4.0,3.8399999141693115,3.9800000190734863,3.9800000190734863,183700
2023-05-10,4.010000228881836,4.050000190734863,3.9000000953674316,3.990000009536743,3.990000009536743,164300
2023-05-11,3.940000057220459,4.0,3.7699999809265137,3.869999885559082,3.869999885559082,216400
2023-05-12,3.9000000953674316,4.0,3.890000104904175,3.9700000286102295,3.9700000286102295,162900
2023-05-15,3.990000009536743,4.119999885559082,3.9100000858306885,4.03000020980835,4.03000020980835,192400
2023-05-16,4.0,4.0,3.700000047683716,3.7100000381469727,3.7100000381469727,325500
2023-05-17,3.740000009536743,3.819999933242798,3.609999895095825,3.6700000762939453,3.6700000762939453,587600
2023-05-18,3.6700000762939453,3.799999952316284,3.4200000762939453,3.559999942779541,3.559999942779541,547900
2023-05-19,3.5799999237060547,3.759999990463257,3.559999942779541,3.740000009536743,3.740000009536743,307900
2023-05-22,3.759999990463257,3.809999942779541,3.609999895095825,3.7100000381469727,3.7100000381469727,409100
2023-05-23,3.2200000286102295,4.090000152587891,3.200000047683716,3.809999942779541,3.809999942779541,1000700
2023-05-24,3.6700000762939453,3.75,3.1500000953674316,3.5899999141693115,3.5899999141693115,883200
2023-05-25,3.5899999141693115,3.7799999713897705,3.4100000858306885,3.759999990463257,3.759999990463257,331700
2023-05-26,3.7799999713897705,3.809999942779541,3.5899999141693115,3.6600000858306885,3.6600000858306885,362300
2023-05-30,3.7699999809265137,3.940000057220459,3.7300000190734863,3.799999952316284,3.799999952316284,241100
2023-05-31,3.8399999141693115,4.010000228881836,3.8399999141693115,3.9600000381469727,3.9600000381469727,238700
2023-06-01,3.9600000381469727,4.230000019073486,3.9200000762939453,4.159999847412109,4.159999847412109,338200
2023-06-02,4.170000076293945,4.659999847412109,4.090000152587891,4.550000190734863,4.550000190734863,422800
2023-06-05,4.599999904632568,4.599999904632568,4.260000228881836,4.28000020980835,4.28000020980835,298400
2023-06-06,4.289999961853027,4.329999923706055,4.179999828338623,4.260000228881836,4.260000228881836,206700
2023-06-07,4.230000019073486,4.360000133514404,4.130000114440918,4.130000114440918,4.130000114440918,372400
2023-06-08,4.139999866485596,4.239999771118164,4.039999961853027,4.110000133514404,4.110000133514404,277600
2023-06-09,4.110000133514404,4.210000038146973,4.070000171661377,4.090000152587891,4.090000152587891,166200
2023-06-12,4.079999923706055,4.21999979019165,4.079999923706055,4.179999828338623,4.179999828338623,182000
2023-06-13,4.210000038146973,4.239999771118164,4.150000095367432,4.21999979019165,4.21999979019165,174400
2023-06-14,4.300000190734863,4.300000190734863,4.039999961853027,4.059999942779541,4.059999942779541,131400
2023-06-15,4.03000020980835,4.099999904632568,3.869999885559082,3.9100000858306885,3.9100000858306885,204900
2023-06-16,3.9000000953674316,4.010000228881836,3.6600000858306885,3.9800000190734863,3.9800000190734863,725900
2023-06-20,4.010000228881836,4.210000038146973,3.7699999809265137,4.199999809265137,4.199999809265137,448600
2023-06-21,4.159999847412109,4.360000133514404,4.050000190734863,4.210000038146973,4.210000038146973,338100
2023-06-22,4.190000057220459,4.269999980926514,4.0,4.090000152587891,4.090000152587891,275600
2023-06-23,4.019999980926514,4.090000152587891,3.609999895095825,3.740000009536743,3.740000009536743,7052600
2023-06-26,3.75,3.75,3.4800000190734863,3.700000047683716,3.700000047683716,452000
2023-06-27,3.690000057220459,3.690000057220459,3.4800000190734863,3.509999990463257,3.509999990463257,371100
2023-06-28,3.4800000190734863,3.7200000286102295,3.450000047683716,3.6600000858306885,3.6600000858306885,650900
2023-06-29,3.6600000858306885,3.759999990463257,3.549999952316284,3.609999895095825,3.609999895095825,292800
2023-06-30,3.6600000858306885,3.759999990463257,3.619999885559082,3.640000104904175,3.640000104904175,322000
2023-07-03,3.630000114440918,3.7799999713897705,3.549999952316284,3.559999942779541,3.559999942779541,138600
2023-07-05,3.799999952316284,3.8499999046325684,3.5999999046325684,3.809999942779541,3.809999942779541,522000
2023-07-06,3.700000047683716,3.9100000858306885,3.700000047683716,3.809999942779541,3.809999942779541,324000
2023-07-07,3.799999952316284,3.940000057220459,3.7799999713897705,3.9200000762939453,3.9200000762939453,194100
2023-07-10,3.9200000762939453,4.400000095367432,3.890000104904175,4.369999885559082,4.369999885559082,1580900
2023-07-11,4.389999866485596,4.46999979019165,4.019999980926514,4.110000133514404,4.110000133514404,469900
2023-07-12,4.159999847412109,4.190000057220459,4.070000171661377,4.139999866485596,4.139999866485596,145300
2023-07-13,4.110000133514404,4.159999847412109,4.03000020980835,4.090000152587891,4.090000152587891,175200
2023-07-14,4.090000152587891,4.150000095367432,3.9600000381469727,4.039999961853027,4.039999961853027,182200
2023-07-17,4.130000114440918,4.25,4.050000190734863,4.150000095367432,4.150000095367432,133400
2023-07-18,4.150000095367432,4.309999942779541,4.150000095367432,4.190000057220459,4.190000057220459,173000
2023-07-19,4.190000057220459,4.380000114440918,4.179999828338623,4.260000228881836,4.260000228881836,198700
2023-07-20,4.260000228881836,4.389999866485596,4.230000019073486,4.269999980926514,4.269999980926514,206100
2023-07-21,4.309999942779541,4.349999904632568,4.159999847412109,4.260000228881836,4.260000228881836,192500
2023-07-24,4.25,4.360000133514404,4.179999828338623,4.199999809265137,4.199999809265137,162500
2023-07-25,4.179999828338623,4.210000038146973,3.869999885559082,3.9100000858306885,3.9100000858306885,268900
2023-07-26,3.9100000858306885,3.990000009536743,3.7799999713897705,3.869999885559082,3.869999885559082,194300
2023-07-27,3.890000104904175,3.890000104904175,3.799999952316284,3.869999885559082,3.869999885559082,177400
2023-07-28,3.890000104904175,4.119999885559082,3.75,4.090000152587891,4.090000152587891,282300
2023-07-31,4.099999904632568,4.380000114440918,4.099999904632568,4.369999885559082,4.369999885559082,165100
2023-08-01,4.349999904632568,4.489999771118164,4.230000019073486,4.369999885559082,4.369999885559082,279400
2023-08-02,4.369999885559082,4.46999979019165,4.210000038146973,4.369999885559082,4.369999885559082,287800
2023-08-03,4.679999828338623,5.079999923706055,4.570000171661377,5.059999942779541,5.059999942779541,561400
2023-08-04,5.139999866485596,5.300000190734863,4.889999866485596,5.0,5.0,572400
2023-08-07,5.0,5.050000190734863,4.440000057220459,4.590000152587891,4.590000152587891,279800
2023-08-08,4.559999942779541,4.71999979019165,4.429999828338623,4.5,4.5,161400
2023-08-09,4.5,4.519999980926514,4.329999923706055,4.440000057220459,4.440000057220459,173800
2023-08-10,4.460000038146973,4.71999979019165,4.360000133514404,4.639999866485596,4.639999866485596,188600
2023-08-11,4.639999866485596,4.789999961853027,4.630000114440918,4.710000038146973,4.710000038146973,133900
2023-08-14,4.659999847412109,4.75,4.489999771118164,4.659999847412109,4.659999847412109,177400
2023-08-15,4.619999885559082,4.690000057220459,4.409999847412109,4.420000076293945,4.420000076293945,164000
2023-08-16,4.480000019073486,4.480000019073486,4.300000190734863,4.300000190734863,4.300000190734863,102000
2023-08-17,4.300000190734863,4.420000076293945,4.269999980926514,4.369999885559082,4.369999885559082,172000
2023-08-18,4.320000171661377,4.460000038146973,4.269999980926514,4.28000020980835,4.28000020980835,154700
2023-08-21,4.289999961853027,4.46999979019165,4.210000038146973,4.409999847412109,4.409999847412109,172100
2023-08-22,4.429999828338623,4.630000114440918,4.329999923706055,4.579999923706055,4.579999923706055,141000
2023-08-23,4.619999885559082,4.989999771118164,4.619999885559082,4.900000095367432,4.900000095367432,293100
2023-08-24,4.900000095367432,4.940000057220459,4.630000114440918,4.75,4.75,167400
2023-08-25,4.769999980926514,4.829999923706055,4.53000020980835,4.739999771118164,4.739999771118164,161600
2023-08-28,4.769999980926514,4.820000171661377,4.460000038146973,4.510000228881836,4.510000228881836,108600
2023-08-29,4.510000228881836,4.539999961853027,4.380000114440918,4.420000076293945,4.420000076293945,110100
2023-08-30,4.420000076293945,4.53000020980835,4.28000020980835,4.480000019073486,4.480000019073486,111200
2023-08-31,4.480000019073486,4.519999980926514,4.329999923706055,4.349999904632568,4.349999904632568,149400
2023-09-01,4.369999885559082,4.679999828338623,4.349999904632568,4.539999961853027,4.539999961853027,178800
2023-09-05,4.730000019073486,4.849999904632568,4.400000095367432,4.449999809265137,4.449999809265137,204700
2023-09-06,4.489999771118164,4.53000020980835,4.239999771118164,4.369999885559082,4.369999885559082,138100
2023-09-07,4.369999885559082,4.579999923706055,4.28000020980835,4.389999866485596,4.389999866485596,116700
2023-09-08,4.389999866485596,4.559999942779541,4.309999942779541,4.539999961853027,4.539999961853027,192000
2023-09-11,4.550000190734863,4.889999866485596,4.550000190734863,4.699999809265137,4.699999809265137,196500
2023-09-12,4.699999809265137,5.139999866485596,4.630000114440918,5.090000152587891,5.090000152587891,328800
2023-09-13,5.099999904632568,5.099999904632568,4.889999866485596,4.989999771118164,4.989999771118164,166400
2023-09-14,5.03000020980835,5.300000190734863,5.019999980926514,5.210000038146973,5.210000038146973,273800
2023-09-15,5.269999980926514,5.570000171661377,4.989999771118164,5.400000095367432,5.400000095367432,984100
2023-09-18,5.489999771118164,5.539999961853027,5.010000228881836,5.019999980926514,5.019999980926514,203900
2023-09-19,5.039999961853027,5.590000152587891,4.989999771118164,5.329999923706055,5.329999923706055,310500
2023-09-20,5.340000152587891,5.570000171661377,5.25,5.260000228881836,5.260000228881836,739100
2023-09-21,5.21999979019165,5.400000095367432,5.03000020980835,5.360000133514404,5.360000133514404,206700
2023-09-22,5.429999828338623,5.650000095367432,5.329999923706055,5.440000057220459,5.440000057220459,281400
2023-09-25,5.389999866485596,5.800000190734863,5.289999961853027,5.309999942779541,5.309999942779541,722300
2023-09-26,5.300000190734863,5.590000152587891,5.28000020980835,5.289999961853027,5.289999961853027,210500
2023-09-27,5.300000190734863,5.400000095367432,4.920000076293945,5.28000020980835,5.28000020980835,341000
2023-09-28,5.25,5.989999771118164,5.0,5.739999771118164,5.739999771118164,1304300
2023-09-29,5.809999942779541,6.079999923706055,5.380000114440918,5.75,5.75,530000
2023-10-02,5.670000076293945,6.090000152587891,5.539999961853027,6.019999980926514,6.019999980926514,652600
2023-10-03,5.900000095367432,6.090000152587891,5.650000095367432,5.840000152587891,5.840000152587891,620900
2023-10-04,5.809999942779541,5.900000095367432,5.670000076293945,5.730000019073486,5.730000019073486,410500
2023-10-05,5.75,5.869999885559082,5.670000076293945,5.829999923706055,5.829999923706055,483200
2023-10-06,5.809999942779541,5.860000133514404,5.53000020980835,5.650000095367432,5.650000095367432,273300
2023-10-09,5.570000171661377,5.610000133514404,5.400000095367432,5.610000133514404,5.610000133514404,156100
2023-10-10,5.579999923706055,5.920000076293945,5.579999923706055,5.849999904632568,5.849999904632568,536000
2023-10-11,5.860000133514404,5.960000038146973,5.639999866485596,5.659999847412109,5.659999847412109,167300
2023-10-12,5.670000076293945,5.820000171661377,5.340000152587891,5.440000057220459,5.440000057220459,183600
2023-10-13,5.429999828338623,5.610000133514404,5.260000228881836,5.550000190734863,5.550000190734863,321700
2023-10-16,5.579999923706055,5.690000057220459,5.440000057220459,5.590000152587891,5.590000152587891,207500
2023-10-17,5.559999942779541,5.989999771118164,5.559999942779541,5.889999866485596,5.889999866485596,318200
2023-10-18,5.849999904632568,5.869999885559082,5.590000152587891,5.619999885559082,5.619999885559082,175300
2023-10-19,5.619999885559082,5.78000020980835,5.429999828338623,5.460000038146973,5.460000038146973,191600
2023-10-20,5.46999979019165,5.599999904632568,5.409999847412109,5.510000228881836,5.510000228881836,216200
2023-10-23,5.519999980926514,5.650000095367432,5.360000133514404,5.380000114440918,5.380000114440918,203700
2023-10-24,5.409999847412109,5.71999979019165,5.409999847412109,5.590000152587891,5.590000152587891,159400
2023-10-25,5.579999923706055,5.699999809265137,5.519999980926514,5.610000133514404,5.610000133514404,172000
2023-10-26,5.639999866485596,5.699999809265137,5.489999771118164,5.519999980926514,5.519999980926514,125000
2023-10-27,5.5,5.570000171661377,5.269999980926514,5.320000171661377,5.320000171661377,191100
2023-10-30,5.380000114440918,5.510000228881836,5.329999923706055,5.429999828338623,5.429999828338623,120500
2023-10-31,5.420000076293945,5.5,5.329999923706055,5.380000114440918,5.380000114440918,141500
2023-11-01,5.409999847412109,5.460000038146973,5.210000038146973,5.300000190734863,5.300000190734863,222800
2023-11-02,5.320000171661377,5.449999809265137,5.21999979019165,5.320000171661377,5.320000171661377,222300
2023-11-03,5.440000057220459,5.659999847412109,5.420000076293945,5.639999866485596,5.639999866485596,218900
2023-11-06,5.639999866485596,5.710000038146973,5.400000095367432,5.46999979019165,5.46999979019165,175100
2023-11-07,5.53000020980835,5.769999980926514,5.46999979019165,5.75,5.75,235000
2023-11-08,5.78000020980835,5.78000020980835,5.519999980926514,5.760000228881836,5.760000228881836,212700
2023-11-09,5.849999904632568,5.849999904632568,5.190000057220459,5.210000038146973,5.210000038146973,312900
2023-11-10,5.159999847412109,5.340000152587891,4.789999961853027,5.25,5.25,349200
2023-11-13,5.230000019073486,5.239999771118164,5.03000020980835,5.190000057220459,5.190000057220459,188600
2023-11-14,5.340000152587891,5.599999904632568,5.340000152587891,5.440000057220459,5.440000057220459,438700
2023-11-15,5.480000019073486,5.679999828338623,5.409999847412109,5.429999828338623,5.429999828338623,284600
2023-11-16,5.400000095367432,5.559999942779541,5.300000190734863,5.489999771118164,5.489999771118164,206100
2023-11-17,5.559999942779541,5.619999885559082,5.480000019073486,5.510000228881836,5.510000228881836,268500
2023-11-20,5.519999980926514,5.650000095367432,5.190000057220459,5.199999809265137,5.199999809265137,347300
2023-11-21,5.190000057220459,5.269999980926514,5.070000171661377,5.25,5.25,242600
2023-11-22,5.320000171661377,5.449999809265137,5.269999980926514,5.400000095367432,5.400000095367432,211700
2023-11-24,5.440000057220459,5.559999942779541,5.260000228881836,5.309999942779541,5.309999942779541,267200
2023-11-27,5.289999961853027,5.369999885559082,5.039999961853027,5.230000019073486,5.230000019073486,253200
2023-11-28,5.190000057220459,5.25,5.099999904632568,5.119999885559082,5.119999885559082,212000
2023-11-29,5.130000114440918,5.300000190734863,5.130000114440918,5.239999771118164,5.239999771118164,214900
2023-11-30,5.289999961853027,5.400000095367432,5.110000133514404,5.309999942779541,5.309999942779541,1119100
2023-12-01,5.320000171661377,5.690000057220459,5.269999980926514,5.510000228881836,5.510000228881836,592000
2023-12-04,5.550000190734863,5.889999866485596,5.539999961853027,5.869999885559082,5.869999885559082,329900
2023-12-05,5.860000133514404,6.309999942779541,5.78000020980835,6.289999961853027,6.289999961853027,508000
2023-12-06,6.340000152587891,6.940000057220459,6.210000038146973,6.869999885559082,6.869999885559082,705500
2023-12-07,4.630000114440918,4.949999809265137,4.599999904632568,4.78000020980835,4.78000020980835,5187900
2023-12-08,4.630000114440918,4.809999942779541,4.460000038146973,4.510000228881836,4.510000228881836,2789400
2023-12-11,4.53000020980835,4.53000020980835,3.9800000190734863,4.159999847412109,4.159999847412109,1808400
2023-12-12,4.159999847412109,4.610000133514404,4.130000114440918,4.460000038146973,4.460000038146973,1179300
2023-12-13,4.440000057220459,4.659999847412109,4.309999942779541,4.630000114440918,4.630000114440918,893800
2023-12-14,4.840000152587891,4.860000133514404,4.460000038146973,4.559999942779541,4.559999942779541,1086300
2023-12-15,4.579999923706055,4.659999847412109,4.329999923706055,4.409999847412109,4.409999847412109,896300
2023-12-18,4.400000095367432,4.510000228881836,4.300000190734863,4.489999771118164,4.489999771118164,651800
2023-12-19,4.800000190734863,5.130000114440918,4.75,4.96999979019165,4.96999979019165,1993800
2023-12-20,5.0,5.139999866485596,4.760000228881836,4.800000190734863,4.800000190734863,1179900
2023-12-21,4.840000152587891,5.119999885559082,4.809999942779541,5.03000020980835,5.03000020980835,1084200
2023-12-22,5.110000133514404,5.230000019073486,4.789999961853027,4.880000114440918,4.880000114440918,709300
2023-12-26,4.900000095367432,5.059999942779541,4.849999904632568,5.010000228881836,5.010000228881836,525000
2023-12-27,5.059999942779541,5.139999866485596,4.920000076293945,5.090000152587891,5.090000152587891,644600
2023-12-28,5.119999885559082,5.21999979019165,5.03000020980835,5.059999942779541,5.059999942779541,424300
2023-12-29,5.059999942779541,5.070000171661377,4.940000057220459,5.050000190734863,5.050000190734863,710400
2024-01-02,5.0,5.440000057220459,4.989999771118164,5.340000152587891,5.340000152587891,904400
2024-01-03,5.329999923706055,5.400000095367432,5.119999885559082,5.159999847412109,5.159999847412109,969100
2024-01-04,5.159999847412109,5.320000171661377,5.130000114440918,5.300000190734863,5.300000190734863,748600
2024-01-05,5.210000038146973,5.210000038146973,4.920000076293945,4.940000057220459,4.940000057220459,653200
2024-01-08,4.869999885559082,5.21999979019165,4.659999847412109,5.190000057220459,5.190000057220459,825300
2024-01-09,5.150000095367432,5.389999866485596,4.980000019073486,5.329999923706055,5.329999923706055,1064900
2024-01-10,5.329999923706055,5.489999771118164,5.190000057220459,5.300000190734863,5.300000190734863,919000
2024-01-11,5.25,5.28000020980835,4.840000152587891,4.96999979019165,4.96999979019165,669400
2024-01-12,5.039999961853027,5.079999923706055,4.949999809265137,5.0,5.0,376100
2024-01-16,4.900000095367432,4.96999979019165,4.71999979019165,4.869999885559082,4.869999885559082,581300
2024-01-17,4.840000152587891,4.840000152587891,4.670000076293945,4.710000038146973,4.710000038146973,520500
2024-01-18,4.829999923706055,4.829999923706055,4.53000020980835,4.75,4.75,398100
2024-01-19,4.760000228881836,4.760000228881836,4.579999923706055,4.679999828338623,4.679999828338623,467000
2024-01-22,4.679999828338623,4.800000190734863,4.619999885559082,4.690000057220459,4.690000057220459,510000
2024-01-23,4.71999979019165,4.769999980926514,4.519999980926514,4.570000171661377,4.570000171661377,319400
2024-01-24,4.610000133514404,4.619999885559082,4.369999885559082,4.400000095367432,4.400000095367432,407500
2024-01-25,4.449999809265137,4.53000020980835,4.369999885559082,4.389999866485596,4.389999866485596,625900
2024-01-26,4.400000095367432,4.46999979019165,4.320000171661377,4.409999847412109,4.409999847412109,583900
2024-01-29,4.400000095367432,4.489999771118164,4.21999979019165,4.46999979019165,4.46999979019165,537000
2024-01-30,4.449999809265137,4.449999809265137,4.309999942779541,4.309999942779541,4.309999942779541,385700
2024-01-31,4.5,4.599999904632568,4.320000171661377,4.320000171661377,4.320000171661377,694100
2024-02-01,4.409999847412109,4.409999847412109,3.9700000286102295,4.0,4.0,1395300
2024-02-02,4.019999980926514,4.050000190734863,3.7799999713897705,3.940000057220459,3.940000057220459,743800
2024-02-05,3.859999895095825,3.9100000858306885,3.7799999713897705,3.869999885559082,3.869999885559082,401500
2024-02-06,3.8399999141693115,4.079999923706055,3.7100000381469727,4.059999942779541,4.059999942779541,644700
2024-02-07,4.059999942779541,4.090000152587891,3.9100000858306885,4.010000228881836,4.010000228881836,685600
2024-02-08,4.0,4.079999923706055,3.940000057220459,4.059999942779541,4.059999942779541,403000
2024-02-09,4.079999923706055,4.159999847412109,4.050000190734863,4.099999904632568,4.099999904632568,532300
2024-02-12,4.110000133514404,4.159999847412109,3.880000114440918,3.9100000858306885,3.9100000858306885,786000
2024-02-13,3.8299999237060547,3.8499999046325684,3.509999990463257,3.5399999618530273,3.5399999618530273,1427400
2024-02-14,3.569999933242798,3.7300000190734863,3.5,3.680000066757202,3.680000066757202,489100
2024-02-15,3.700000047683716,3.8299999237060547,3.640000104904175,3.7699999809265137,3.7699999809265137,688700
2024-02-16,3.7699999809265137,3.940000057220459,3.680000066757202,3.9100000858306885,3.9100000858306885,710400
2024-02-20,3.9200000762939453,4.119999885559082,3.9200000762939453,4.110000133514404,4.110000133514404,1069400
2024-02-21,4.110000133514404,4.159999847412109,3.950000047683716,3.990000009536743,3.990000009536743,727700
2024-02-22,3.990000009536743,4.210000038146973,3.990000009536743,4.090000152587891,4.090000152587891,576800
2024-02-23,4.070000171661377,4.440000057220459,4.010000228881836,4.409999847412109,4.409999847412109,1014000
2024-02-26,4.400000095367432,4.639999866485596,4.380000114440918,4.599999904632568,4.599999904632568,648500
2024-02-27,4.619999885559082,5.269999980926514,4.579999923706055,5.099999904632568,5.099999904632568,2197000
2024-02-28,5.019999980926514,5.170000076293945,4.949999809265137,5.099999904632568,5.099999904632568,647900
2024-02-29,5.199999809265137,5.210000038146973,4.690000057220459,4.809999942779541,4.809999942779541,873200
2024-03-01,4.820000171661377,5.159999847412109,4.809999942779541,5.130000114440918,5.130000114440918,763600
2024-03-04,5.199999809265137,5.230000019073486,4.960000038146973,5.070000171661377,5.070000171661377,673800
2024-03-05,5.039999961853027,5.110000133514404,4.739999771118164,4.789999961853027,4.789999961853027,663800
2024-03-06,5.139999866485596,6.71999979019165,5.099999904632568,6.289999961853027,6.289999961853027,6074200
2024-03-07,6.400000095367432,7.670000076293945,6.340000152587891,6.820000171661377,6.820000171661377,3620800
2024-03-08,6.989999771118164,7.119999885559082,6.510000228881836,6.78000020980835,6.78000020980835,1614700
2024-03-11,6.769999980926514,7.010000228881836,6.579999923706055,6.800000190734863,6.800000190734863,845400
2024-03-12,6.980000019073486,7.119999885559082,6.460000038146973,6.659999847412109,6.659999847412109,596200
2024-03-13,6.610000133514404,6.849999904632568,6.519999980926514,6.840000152587891,6.840000152587891,423400
2024-03-14,6.809999942779541,6.820000171661377,6.420000076293945,6.420000076293945,6.420000076293945,788800
2024-03-15,6.409999847412109,6.78000020980835,6.409999847412109,6.5,6.5,3974700
2024-03-18,6.400000095367432,6.480000019073486,5.570000171661377,5.670000076293945,5.670000076293945,1786400
2024-03-19,5.659999847412109,6.019999980926514,5.610000133514404,5.929999828338623,5.929999828338623,669400
2024-03-20,5.900000095367432,6.21999979019165,5.829999923706055,6.179999828338623,6.179999828338623,785200
2024-03-21,6.210000038146973,6.239999771118164,5.920000076293945,6.0,6.0,1757900
2024-03-22,6.039999961853027,6.110000133514404,5.75,5.769999980926514,5.769999980926514,347000
2024-03-25,5.940000057220459,5.940000057220459,5.610000133514404,5.78000020980835,5.78000020980835,561700
2024-03-26,5.849999904632568,5.929999828338623,5.659999847412109,5.659999847412109,5.659999847412109,362600
2024-03-27,5.650000095367432,6.039999961853027,5.650000095367432,6.039999961853027,6.039999961853027,413100
2024-03-28,5.960000038146973,6.179999828338623,5.889999866485596,6.170000076293945,6.170000076293945,596500
2024-04-01,6.210000038146973,6.320000171661377,5.980000019073486,6.309999942779541,6.309999942779541,547000
2024-04-02,6.170000076293945,6.300000190734863,6.070000171661377,6.25,6.25,331300
2024-04-03,6.179999828338623,6.230000019073486,5.75,5.940000057220459,5.940000057220459,1099200
2024-04-04,6.010000228881836,6.059999942779541,5.809999942779541,5.849999904632568,5.849999904632568,368300
2024-04-05,5.800000190734863,5.989999771118164,5.650000095367432,5.909999847412109,5.909999847412109,455900
2024-04-08,5.909999847412109,5.909999847412109,5.639999866485596,5.800000190734863,5.800000190734863,413800
2024-04-09,5.820000171661377,5.960000038146973,5.650000095367432,5.820000171661377,5.820000171661377,344100
2024-04-10,5.809999942779541,6.090000152587891,5.460000038146973,6.039999961853027,6.039999961853027,963200
2024-04-11,6.039999961853027,6.079999923706055,5.789999961853027,6.0,6.0,554800
2024-04-12,6.019999980926514,6.130000114440918,5.659999847412109,5.800000190734863,5.800000190734863,647100
2024-04-15,5.800000190734863,5.909999847412109,5.650000095367432,5.739999771118164,5.739999771118164,434700
2024-04-16,5.679999828338623,5.789999961853027,5.25,5.260000228881836,5.260000228881836,528100
2024-04-17,5.300000190734863,5.309999942779541,4.78000020980835,4.789999961853027,4.789999961853027,625500
2024-04-18,4.769999980926514,4.860000133514404,4.659999847412109,4.800000190734863,4.800000190734863,538900
2024-04-19,4.78000020980835,5.010000228881836,4.71999979019165,4.869999885559082,4.869999885559082,452600
2024-04-22,4.920000076293945,4.940000057220459,4.639999866485596,4.840000152587891,4.840000152587891,492500
2024-04-23,5.130000114440918,5.179999828338623,4.949999809265137,5.079999923706055,5.079999923706055,469300
2024-04-24,5.050000190734863,5.230000019073486,4.960000038146973,5.010000228881836,5.010000228881836,430700
2024-04-25,4.920000076293945,4.920000076293945,4.71999979019165,4.739999771118164,4.739999771118164,397700
2024-04-26,4.800000190734863,4.809999942779541,4.639999866485596,4.659999847412109,4.659999847412109,407000
2024-04-29,4.730000019073486,4.929999828338623,4.699999809265137,4.849999904632568,4.849999904632568,503800
2024-04-30,4.789999961853027,4.940000057220459,4.739999771118164,4.929999828338623,4.929999828338623,494800
2024-05-01,4.949999809265137,5.789999961853027,4.949999809265137,5.670000076293945,5.670000076293945,1089700
2024-05-02,5.71999979019165,6.03000020980835,5.630000114440918,5.880000114440918,5.880000114440918,1235000
2024-05-03,5.929999828338623,6.380000114440918,5.900000095367432,6.139999866485596,6.139999866485596,849100
2024-05-06,6.150000095367432,6.199999809265137,5.710000038146973,5.75,5.75,908500
2024-05-07,5.75,5.809999942779541,5.480000019073486,5.789999961853027,5.789999961853027,867600
2024-05-08,5.739999771118164,5.909999847412109,5.650000095367432,5.849999904632568,5.849999904632568,737400
2024-05-09,5.389999866485596,6.159999847412109,5.389999866485596,5.760000228881836,5.760000228881836,531700
2024-05-10,5.900000095367432,5.909999847412109,5.28000020980835,5.619999885559082,5.619999885559082,525900
2024-05-13,5.71999979019165,5.809999942779541,5.550000190734863,5.690000057220459,5.690000057220459,625200
2024-05-14,5.75,5.909999847412109,5.730000019073486,5.840000152587891,5.840000152587891,445500
2024-05-15,6.25,6.25,5.849999904632568,5.900000095367432,5.900000095367432,438900
2024-05-16,5.889999866485596,6.050000190734863,5.800000190734863,5.900000095367432,5.900000095367432,545700
2024-05-17,5.929999828338623,6.329999923706055,5.820000171661377,6.260000228881836,6.260000228881836,1102600
2024-05-20,6.28000020980835,6.400000095367432,5.980000019073486,6.380000114440918,6.380000114440918,806300
2024-05-21,6.360000133514404,6.630000114440918,6.309999942779541,6.320000171661377,6.320000171661377,797400
2024-05-22,6.289999961853027,6.449999809265137,6.03000020980835,6.440000057220459,6.440000057220459,505500
2024-05-23,6.460000038146973,6.510000228881836,6.090000152587891,6.090000152587891,6.090000152587891,359600
2024-05-24,6.050000190734863,6.289999961853027,6.050000190734863,6.21999979019165,6.21999979019165,313800
2024-05-28,6.28000020980835,6.309999942779541,5.940000057220459,6.139999866485596,6.139999866485596,346600
2024-05-29,5.989999771118164,6.099999904632568,5.760000228881836,6.0,6.0,554500
2024-05-30,6.070000171661377,6.190000057220459,5.989999771118164,6.170000076293945,6.170000076293945,392500
2024-05-31,6.210000038146973,6.409999847412109,6.090000152587891,6.179999828338623,6.179999828338623,1024300
2024-06-03,6.239999771118164,6.46999979019165,6.059999942779541,6.239999771118164,6.239999771118164,466700
2024-06-04,6.25,6.25,5.949999809265137,6.199999809265137,6.199999809265137,444600
2024-06-05,6.25,6.329999923706055,6.039999961853027,6.230000019073486,6.230000019073486,519000
2024-06-06,6.230000019073486,6.300000190734863,6.0,6.0,6.0,353300
2024-06-07,5.929999828338623,5.980000019073486,5.789999961853027,5.809999942779541,5.809999942779541,286400
2024-06-10,5.769999980926514,5.909999847412109,5.570000171661377,5.900000095367432,5.900000095367432,560400
2024-06-11,5.889999866485596,6.199999809265137,5.789999961853027,6.199999809265137,6.199999809265137,342300
2024-06-12,6.380000114440918,6.440000057220459,6.300000190734863,6.389999866485596,6.389999866485596,792200
2024-06-13,6.400000095367432,6.489999771118164,6.28000020980835,6.480000019073486,6.480000019073486,471600
2024-06-14,6.409999847412109,6.409999847412109,6.150000095367432,6.230000019073486,6.230000019073486,369700
2024-06-17,6.190000057220459,6.340000152587891,5.989999771118164,5.989999771118164,5.989999771118164,504900
2024-06-18,5.949999809265137,6.019999980926514,5.690000057220459,5.710000038146973,5.710000038146973,380000
2024-06-20,5.659999847412109,5.690000057220459,5.159999847412109,5.159999847412109,5.159999847412109,458000
2024-06-21,5.190000057220459,5.349999904632568,5.130000114440918,5.25,5.25,1373800
2024-06-24,5.25,5.420000076293945,5.199999809265137,5.210000038146973,5.210000038146973,412200
2024-06-25,5.139999866485596,5.260000228881836,4.570000171661377,4.769999980926514,4.769999980926514,11792400
2024-06-26,4.630000114440918,4.760000228881836,4.320000171661377,4.380000114440918,4.380000114440918,1412200
2024-06-27,4.309999942779541,5.090000152587891,4.25,4.989999771118164,4.989999771118164,2009900
2024-06-28,4.940000057220459,5.179999828338623,4.75,4.989999771118164,4.989999771118164,3722400
2024-07-01,4.940000057220459,5.269999980926514,4.869999885559082,5.239999771118164,5.239999771118164,614100
2024-07-02,5.25,5.349999904632568,5.070000171661377,5.21999979019165,5.21999979019165,896000
2024-07-03,5.25,5.349999904632568,5.210000038146973,5.320000171661377,5.320000171661377,265800
2024-07-05,5.269999980926514,5.519999980926514,5.21999979019165,5.46999979019165,5.46999979019165,384100
2024-07-08,5.53000020980835,5.760000228881836,5.369999885559082,5.46999979019165,5.46999979019165,553000
2024-07-09,5.440000057220459,5.559999942779541,5.329999923706055,5.360000133514404,5.360000133514404,495400
2024-07-10,5.400000095367432,5.570000171661377,5.300000190734863,5.570000171661377,5.570000171661377,312400
2024-07-11,5.659999847412109,6.210000038146973,5.639999866485596,5.929999828338623,5.929999828338623,1327300
2024-07-12,5.989999771118164,6.21999979019165,5.550000190734863,5.619999885559082,5.619999885559082,1129700
2024-07-15,5.630000114440918,6.050000190734863,5.630000114440918,5.989999771118164,5.989999771118164,634800
2024-07-16,6.110000133514404,6.179999828338623,5.960000038146973,5.989999771118164,5.989999771118164,813200
2024-07-17,5.920000076293945,5.989999771118164,5.739999771118164,5.909999847412109,5.909999847412109,496400
2024-07-18,5.869999885559082,6.0,5.690000057220459,5.730000019073486,5.730000019073486,487900
2024-07-19,5.78000020980835,5.920000076293945,5.730000019073486,5.840000152587891,5.840000152587891,718100
2024-07-22,5.860000133514404,6.190000057220459,5.860000133514404,6.179999828338623,6.179999828338623,1274600
2024-07-23,6.179999828338623,6.480000019073486,6.139999866485596,6.269999980926514,6.269999980926514,904600
2024-07-24,6.210000038146973,6.380000114440918,6.059999942779541,6.150000095367432,6.150000095367432,327700
2024-07-25,6.150000095367432,6.559999942779541,6.110000133514404,6.300000190734863,6.300000190734863,841200
2024-07-26,6.440000057220459,6.550000190734863,6.320000171661377,6.53000020980835,6.53000020980835,421900
2024-07-29,6.550000190734863,6.570000171661377,6.329999923706055,6.510000228881836,6.510000228881836,521300
2024-07-30,6.550000190734863,6.650000095367432,6.340000152587891,6.559999942779541,6.559999942779541,832200
2024-07-31,6.639999866485596,6.860000133514404,6.409999847412109,6.610000133514404,6.610000133514404,1164800
2024-08-01,6.519999980926514,6.570000171661377,6.070000171661377,6.159999847412109,6.159999847412109,771200
2024-08-02,5.699999809265137,6.070000171661377,5.679999828338623,5.940000057220459,5.940000057220459,734100
2024-08-05,5.639999866485596,5.96999979019165,5.420000076293945,5.889999866485596,5.889999866485596,937400
2024-08-06,6.019999980926514,6.139999866485596,5.869999885559082,5.96999979019165,5.96999979019165,747100
2024-08-07,6.119999885559082,6.119999885559082,5.889999866485596,5.980000019073486,5.980000019073486,1152400
2024-08-08,6.090000152587891,6.090000152587891,5.400000095367432,5.739999771118164,5.739999771118164,724700
2024-08-09,5.75,5.849999904632568,5.409999847412109,5.409999847412109,5.409999847412109,473600
2024-08-12,5.5,5.519999980926514,5.119999885559082,5.369999885559082,5.369999885559082,542000
2024-08-13,5.480000019073486,5.619999885559082,5.340000152587891,5.570000171661377,5.570000171661377,467400
2024-08-14,5.579999923706055,5.610000133514404,5.420000076293945,5.570000171661377,5.570000171661377,641500
2024-08-15,5.679999828338623,5.849999904632568,5.639999866485596,5.809999942779541,5.809999942779541,368700
2024-08-16,5.800000190734863,5.869999885559082,5.639999866485596,5.679999828338623,5.679999828338623,379100
2024-08-19,5.650000095367432,5.849999904632568,5.53000020980835,5.829999923706055,5.829999923706055,772200
2024-08-20,5.869999885559082,5.920000076293945,5.699999809265137,5.889999866485596,5.889999866485596,587400
2024-08-21,5.929999828338623,5.949999809265137,5.670000076293945,5.849999904632568,5.849999904632568,419000
2024-08-22,5.860000133514404,5.929999828338623,5.5,5.519999980926514,5.519999980926514,714700
2024-08-23,5.570000171661377,5.800000190734863,5.489999771118164,5.739999771118164,5.739999771118164,724800
2024-08-26,5.739999771118164,5.829999923706055,5.610000133514404,5.769999980926514,5.769999980926514,315800
2024-08-27,5.769999980926514,5.820000171661377,5.579999923706055,5.650000095367432,5.650000095367432,262200
2024-08-28,5.619999885559082,5.670000076293945,5.550000190734863,5.590000152587891,5.590000152587891,242900
2024-08-29,5.599999904632568,5.849999904632568,5.550000190734863,5.710000038146973,5.710000038146973,341100
2024-08-30,5.78000020980835,5.829999923706055,5.630000114440918,5.739999771118164,5.739999771118164,378000
2024-09-03,5.710000038146973,5.849999904632568,5.510000228881836,5.550000190734863,5.550000190734863,441300
2024-09-04,5.510000228881836,5.550000190734863,5.070000171661377,5.119999885559082,5.119999885559082,829700
2024-09-05,5.119999885559082,5.269999980926514,5.059999942779541,5.230000019073486,5.230000019073486,434200
2024-09-06,5.21999979019165,5.320000171661377,5.039999961853027,5.130000114440918,5.130000114440918,367000
2024-09-09,5.440000057220459,6.150000095367432,5.309999942779541,5.980000019073486,5.980000019073486,1378900
2024-09-10,6.059999942779541,6.139999866485596,5.920000076293945,5.960000038146973,5.960000038146973,514700
2024-09-11,5.880000114440918,6.0,5.840000152587891,5.900000095367432,5.900000095367432,312300
2024-09-12,5.96999979019165,6.03000020980835,5.840000152587891,5.860000133514404,5.860000133514404,434600
2024-09-13,5.900000095367432,5.96999979019165,5.769999980926514,5.860000133514404,5.860000133514404,669800
2024-09-16,5.880000114440918,6.03000020980835,5.710000038146973,5.980000019073486,5.980000019073486,532800
2024-09-17,6.03000020980835,6.070000171661377,5.690000057220459,5.710000038146973,5.710000038146973,368000
2024-09-18,5.699999809265137,5.739999771118164,5.46999979019165,5.46999979019165,5.46999979019165,429200
2024-09-19,5.760000228881836,5.989999771118164,5.659999847412109,5.940000057220459,5.940000057220459,494500
2024-09-20,5.949999809265137,6.019999980926514,5.679999828338623,5.679999828338623,5.679999828338623,1777700
2024-09-23,5.690000057220459,5.789999961853027,5.340000152587891,5.340000152587891,5.340000152587891,499000
2024-09-24,6.409999847412109,8.350000381469727,6.369999885559082,8.1899995803833,8.1899995803833,15728000
2024-09-25,8.5,9.920000076293945,8.079999923706055,9.010000228881836,9.010000228881836,8751900
2024-09-26,8.319999694824219,8.550000190734863,8.0,8.020000457763672,8.020000457763672,8032900
2024-09-27,8.350000381469727,8.4399995803833,8.100000381469727,8.289999961853027,8.289999961853027,4065600
2024-09-30,8.329999923706055,8.489999771118164,8.069999694824219,8.199999809265137,8.199999809265137,1215700
2024-10-01,8.15999984741211,8.359999656677246,8.020000457763672,8.300000190734863,8.300000190734863,1166000
2024-10-02,8.680000305175781,9.100000381469727,8.359999656677246,8.829999923706055,8.829999923706055,1569600
2024-10-03,8.949999809265137,8.949999809265137,8.369999885559082,8.5,8.5,1067800
2024-10-04,8.5600004196167,8.75,8.229999542236328,8.40999984741211,8.40999984741211,841700
2024-10-07,8.390000343322754,8.510000228881836,8.0,8.039999961853027,8.039999961853027,942300
2024-10-08,7.949999809265137,8.34000015258789,7.849999904632568,8.0,8.0,587200
2024-10-09,7.989999771118164,8.430000305175781,7.849999904632568,8.40999984741211,8.40999984741211,685700
2024-10-10,8.15999984741211,8.489999771118164,8.140000343322754,8.260000228881836,8.260000228881836,699600
2024-10-11,8.229999542236328,8.710000038146973,8.149999618530273,8.609999656677246,8.609999656677246,916000
2024-10-14,8.649999618530273,8.920000076293945,8.550000190734863,8.729999542236328,8.729999542236328,1394500
2024-10-15,8.619999885559082,8.770000457763672,8.5,8.5600004196167,8.5600004196167,883200
2024-10-16,12.050000190734863,15.539999961853027,11.979999542236328,14.899999618530273,14.899999618530273,17326100
2024-10-17,14.779999732971191,15.920000076293945,14.039999961853027,14.609999656677246,14.609999656677246,4340700
2024-10-18,14.65999984741211,15.390000343322754,14.25,15.3100004196167,15.3100004196167,2033700
2024-10-21,15.069999694824219,15.25,14.699999809265137,15.109999656677246,15.109999656677246,1758600
2024-10-22,15.050000190734863,15.220000267028809,14.640000343322754,14.829999923706055,14.829999923706055,1531900
2024-10-23,14.670000076293945,14.819999694824219,14.119999885559082,14.670000076293945,14.670000076293945,1469500
2024-10-24,14.579999923706055,14.899999618530273,14.25,14.819999694824219,14.819999694824219,1220500
2024-10-25,15.029999732971191,15.350000381469727,14.390000343322754,14.449999809265137,14.449999809265137,1008800
2024-10-28,14.710000038146973,15.130000114440918,14.510000228881836,14.989999771118164,14.989999771118164,1097200
2024-10-29,15.0,15.619999885559082,14.399999618530273,14.800000190734863,14.800000190734863,1396300
2024-10-30,14.65999984741211,14.770000457763672,14.119999885559082,14.319999694824219,14.319999694824219,1737000
2024-10-31,14.140000343322754,14.1899995803833,13.4399995803833,13.710000038146973,13.710000038146973,1566600
2024-11-01,13.859999656677246,14.050000190734863,13.609999656677246,13.829999923706055,13.829999923706055,642000
2024-11-04,13.850000381469727,14.130000114440918,13.140000343322754,13.789999961853027,13.789999961853027,789900
2024-11-05,13.84000015258789,13.90999984741211,13.420000076293945,13.84000015258789,13.84000015258789,1002600
